source,url,title,total_time,thumbnail_present,raw_ingredient,ingredient_name,normalized_name,quantity,unit,status,error
twoplaidaprons,https://twoplaidaprons.com/10-minute-sesame-noodles/,,,,,,,,,error,"1 validation error for IngredientData
quantity
  Input should be a valid number, unable to parse string as a number [type=float_parsing, input_value='⅛', input_type=str]
    For further information visit https://errors.pydantic.dev/2.13/v/float_parsing"
twoplaidaprons,https://twoplaidaprons.com/2-ingredients-condensed-milk-truffles/,2 Ingredient Chocolate Truffles (Dairy Free),130.0,True,"<li class=""wprm-recipe-ingredient"" data-uid=""0"" style=""list-style-type: none;""><span class=""wprm-checkbox-container""><input aria-label="" 330 gram sweetened condensed coconut milk or regular condensed milk (usually 1 can, but each brand can differ)"" class=""wprm-checkbox"" id=""wprm-checkbox-0"" type=""checkbox""/><label class=""wprm-checkbox-label"" for=""wprm-checkbox-0""><span class=""sr-only screen-reader-text wprm-screen-reader-text"">▢ </span></label></span><span class=""wprm-recipe-ingredient-amount"">330</span> <span class=""wprm-recipe-ingredient-unit"">gram</span> <span class=""wprm-recipe-ingredient-name""><a class=""wprm-recipe-ingredient-link"" href=""https://amzn.to/3rfzMvy"" rel=""nofollow noreferrer"" target=""_blank"">sweetened condensed coconut milk</a></span> <span class=""wprm-recipe-ingredient-notes wprm-recipe-ingredient-notes-smaller-faded"">or regular condensed milk (usually 1 can, but each brand can differ)</span></li>",sweetened condensed coconut milk,sweetened condensed coconut milk,330.0,gram,ok,
twoplaidaprons,https://twoplaidaprons.com/2-ingredients-condensed-milk-truffles/,2 Ingredient Chocolate Truffles (Dairy Free),130.0,True,"<li class=""wprm-recipe-ingredient"" data-uid=""1"" style=""list-style-type: none;""><span class=""wprm-checkbox-container""><input aria-label="" 120 gram cocoa powder or 1¼ cup packed"" class=""wprm-checkbox"" id=""wprm-checkbox-1"" type=""checkbox""/><label class=""wprm-checkbox-label"" for=""wprm-checkbox-1""><span class=""sr-only screen-reader-text wprm-screen-reader-text"">▢ </span></label></span><span class=""wprm-recipe-ingredient-amount"">120</span> <span class=""wprm-recipe-ingredient-unit"">gram</span> <span class=""wprm-recipe-ingredient-name""><a class=""wprm-recipe-ingredient-link"" href=""https://amzn.to/3hO2u1I"" rel=""nofollow noreferrer"" target=""_blank"">cocoa powder</a></span> <span class=""wprm-recipe-ingredient-notes wprm-recipe-ingredient-notes-smaller-faded"">or 1¼ cup packed</span></li>",cocoa powder,cocoa powder,120.0,gram,ok,
twoplaidaprons,https://twoplaidaprons.com/3-ingredient-corn-tortillas/,3 Ingredient Homemade Corn Tortillas,35.0,True,"<li class=""wprm-recipe-ingredient"" style=""list-style-type: none;""><span class=""wprm-checkbox-container""><input aria-label="" 1½ cup, packed masa flour ( we recommend Maseca brand)"" class=""wprm-checkbox"" id=""wprm-checkbox-0"" type=""checkbox""/><label class=""wprm-checkbox-label"" for=""wprm-checkbox-0""><span class=""sr-only screen-reader-text wprm-screen-reader-text"">▢ </span></label></span><span class=""wprm-recipe-ingredient-amount"">1½</span> <span class=""wprm-recipe-ingredient-unit"">cup, packed</span> <span class=""wprm-recipe-ingredient-name""><a class=""wprm-recipe-ingredient-link"" href=""https://amzn.to/3fy0Hfa"" rel=""nofollow noreferrer"" target=""_blank"">masa flour</a></span> <span class=""wprm-recipe-ingredient-notes wprm-recipe-ingredient-notes-smaller-faded"">( we recommend Maseca brand)</span></li>",masa flour,masa flour,1.5,"cup, packed",ok,
twoplaidaprons,https://twoplaidaprons.com/3-ingredient-corn-tortillas/,3 Ingredient Homemade Corn Tortillas,35.0,True,"<li class=""wprm-recipe-ingredient"" style=""list-style-type: none;""><span class=""wprm-checkbox-container""><input aria-label="" 1½ cup warm water (or as needed)"" class=""wprm-checkbox"" id=""wprm-checkbox-1"" type=""checkbox""/><label class=""wprm-checkbox-label"" for=""wprm-checkbox-1""><span class=""sr-only screen-reader-text wprm-screen-reader-text"">▢ </span></label></span><span class=""wprm-recipe-ingredient-amount"">1½</span> <span class=""wprm-recipe-ingredient-unit"">cup</span> <span class=""wprm-recipe-ingredient-name"">warm water</span> <span class=""wprm-recipe-ingredient-notes wprm-recipe-ingredient-notes-smaller-faded"">(or as needed)</span></li>",warm water,water,1.5,cup,ok,
twoplaidaprons,https://twoplaidaprons.com/3-ingredient-corn-tortillas/,3 Ingredient Homemade Corn Tortillas,35.0,True,"<li class=""wprm-recipe-ingredient"" style=""list-style-type: none;""><span class=""wprm-checkbox-container""><input aria-label="" ½ teaspoon salt"" class=""wprm-checkbox"" id=""wprm-checkbox-2"" type=""checkbox""/><label class=""wprm-checkbox-label"" for=""wprm-checkbox-2""><span class=""sr-only screen-reader-text wprm-screen-reader-text"">▢ </span></label></span><span class=""wprm-recipe-ingredient-amount"">½</span> <span class=""wprm-recipe-ingredient-unit"">teaspoon</span> <span class=""wprm-recipe-ingredient-name"">salt</span></li>",salt,salt,0.5,teaspoon,ok,
twoplaidaprons,https://twoplaidaprons.com/3-ingredient-matcha-ice-cream/,"3-Ingredient Matcha Ice Cream (dairy-free, vegan and no-churn)",195.0,True,"<li class=""wprm-recipe-ingredient"" data-uid=""0"" style=""list-style-type: none;""><span class=""wprm-checkbox-container""><input aria-label="" 3 Tablespoon culinary grade matcha  , or more if a stronger matcha flavor is desired (preferably ceremonial grade matcha)"" class=""wprm-checkbox"" id=""wprm-checkbox-0"" type=""checkbox""/><label class=""wprm-checkbox-label"" for=""wprm-checkbox-0""><span class=""sr-only screen-reader-text wprm-screen-reader-text"">▢ </span></label></span><span class=""wprm-recipe-ingredient-amount"">3</span> <span class=""wprm-recipe-ingredient-unit"">Tablespoon</span> <span class=""wprm-recipe-ingredient-name""><a class=""wprm-recipe-ingredient-link"" href=""https://amzn.to/3fe8K0A"" rel=""nofollow noreferrer"" target=""_blank"">culinary grade matcha</a></span> <span class=""wprm-recipe-ingredient-notes wprm-recipe-ingredient-notes-smaller-faded""> , or more if a stronger matcha flavor is desired (preferably ceremonial grade matcha)</span></li>",culinary grade matcha,culinary grade matcha,3.0,Tablespoon,ok,
twoplaidaprons,https://twoplaidaprons.com/3-ingredient-matcha-ice-cream/,"3-Ingredient Matcha Ice Cream (dairy-free, vegan and no-churn)",195.0,True,"<li class=""wprm-recipe-ingredient"" data-uid=""1"" style=""list-style-type: none;""><span class=""wprm-checkbox-container""><input aria-label="" 1 can sweetened condensed coconut milk , or 11.6 fl. oz."" class=""wprm-checkbox"" id=""wprm-checkbox-1"" type=""checkbox""/><label class=""wprm-checkbox-label"" for=""wprm-checkbox-1""><span class=""sr-only screen-reader-text wprm-screen-reader-text"">▢ </span></label></span><span class=""wprm-recipe-ingredient-amount"">1</span> <span class=""wprm-recipe-ingredient-unit"">can</span> <span class=""wprm-recipe-ingredient-name""><a class=""wprm-recipe-ingredient-link"" href=""https://amzn.to/3rfzMvy"" rel=""nofollow noreferrer"" target=""_blank"">sweetened condensed coconut milk</a></span> <span class=""wprm-recipe-ingredient-notes wprm-recipe-ingredient-notes-smaller-faded"">, or 11.6 fl. oz.</span></li>",sweetened condensed coconut milk,sweetened condensed coconut milk,1.0,can,ok,
twoplaidaprons,https://twoplaidaprons.com/3-ingredient-matcha-ice-cream/,"3-Ingredient Matcha Ice Cream (dairy-free, vegan and no-churn)",195.0,True,"<li class=""wprm-recipe-ingredient"" data-uid=""2"" style=""list-style-type: none;""><span class=""wprm-checkbox-container""><input aria-label="" 1 can coconut cream , or 17.8 fl. oz. (highly recommend Savoy brand)"" class=""wprm-checkbox"" id=""wprm-checkbox-2"" type=""checkbox""/><label class=""wprm-checkbox-label"" for=""wprm-checkbox-2""><span class=""sr-only screen-reader-text wprm-screen-reader-text"">▢ </span></label></span><span class=""wprm-recipe-ingredient-amount"">1</span> <span class=""wprm-recipe-ingredient-unit"">can</span> <span class=""wprm-recipe-ingredient-name""><a class=""wprm-recipe-ingredient-link"" href=""https://amzn.to/36Xv5NX"" rel=""nofollow noreferrer"" target=""_blank"">coconut cream</a></span> <span class=""wprm-recipe-ingredient-notes wprm-recipe-ingredient-notes-smaller-faded"">, or 17.8 fl. oz. (highly recommend Savoy brand)</span></li>",coconut cream,coconut cream,1.0,can,ok,
twoplaidaprons,https://twoplaidaprons.com/3-ingredient-matcha-ice-cream/,"3-Ingredient Matcha Ice Cream (dairy-free, vegan and no-churn)",195.0,True,"<li class=""wprm-recipe-ingredient"" data-uid=""3"" style=""list-style-type: none;""><span class=""wprm-checkbox-container""><input aria-label="" Pinch of salt (optional but highly recommended)"" class=""wprm-checkbox"" id=""wprm-checkbox-3"" type=""checkbox""/><label class=""wprm-checkbox-label"" for=""wprm-checkbox-3""><span class=""sr-only screen-reader-text wprm-screen-reader-text"">▢ </span></label></span><span class=""wprm-recipe-ingredient-name"">Pinch of salt</span> <span class=""wprm-recipe-ingredient-notes wprm-recipe-ingredient-notes-smaller-faded"">(optional but highly recommended)</span></li>",Pinch of salt,salt,,,ok,
twoplaidaprons,https://twoplaidaprons.com/4-ingredient-flatbread/,,,,,,,,,error,"1 validation error for IngredientData
quantity
  Input should be a valid number, unable to parse string as a number [type=float_parsing, input_value='¾', input_type=str]
    For further information visit https://errors.pydantic.dev/2.13/v/float_parsing"
twoplaidaprons,https://twoplaidaprons.com/air-fryer-chicken-karaage/,,,,,,,,,error,"1 validation error for IngredientData
quantity
  Input should be a valid number, unable to parse string as a number [type=float_parsing, input_value='¾', input_type=str]
    For further information visit https://errors.pydantic.dev/2.13/v/float_parsing"
twoplaidaprons,https://twoplaidaprons.com/air-fryer-chicken-katsu/,Air Fryer Chicken Katsu,24.0,True,"<li class=""wprm-recipe-ingredient"" data-uid=""0"" style=""list-style-type: none;""><span class=""wprm-checkbox-container""><input aria-label="" 1 skinless boneless chicken breast (about 11.5 oz/ 326g) if your chicken breasts are smaller, you can use two chicken breasts and skip the cutting"" class=""wprm-checkbox"" id=""wprm-checkbox-0"" type=""checkbox""/><label class=""wprm-checkbox-label"" for=""wprm-checkbox-0""><span class=""sr-only screen-reader-text wprm-screen-reader-text"">▢ </span></label></span><span class=""wprm-recipe-ingredient-amount"">1</span> <span class=""wprm-recipe-ingredient-name"">skinless boneless chicken breast</span> <span class=""wprm-recipe-ingredient-notes wprm-recipe-ingredient-notes-smaller-faded"">(about 11.5 oz/ 326g) if your chicken breasts are smaller, you can use two chicken breasts and skip the cutting</span></li>",skinless boneless chicken breast,skinless boneless chicken breast,1.0,,ok,
twoplaidaprons,https://twoplaidaprons.com/air-fryer-chicken-katsu/,Air Fryer Chicken Katsu,24.0,True,"<li class=""wprm-recipe-ingredient"" data-uid=""4"" style=""list-style-type: none;""><span class=""wprm-checkbox-container""><input aria-label="" 1 cup all-purpose flour"" class=""wprm-checkbox"" id=""wprm-checkbox-1"" type=""checkbox""/><label class=""wprm-checkbox-label"" for=""wprm-checkbox-1""><span class=""sr-only screen-reader-text wprm-screen-reader-text"">▢ </span></label></span><span class=""wprm-recipe-ingredient-amount"">1</span> <span class=""wprm-recipe-ingredient-unit"">cup</span> <span class=""wprm-recipe-ingredient-name""><a class=""wprm-recipe-ingredient-link"" href=""https://amzn.to/3jXntzh"" rel=""nofollow noreferrer"" target=""_blank"">all-purpose flour</a></span></li>",all-purpose flour,allpurpose flour,1.0,cup,ok,
twoplaidaprons,https://twoplaidaprons.com/air-fryer-chicken-katsu/,Air Fryer Chicken Katsu,24.0,True,"<li class=""wprm-recipe-ingredient"" data-uid=""6"" style=""list-style-type: none;""><span class=""wprm-checkbox-container""><input aria-label="" 1 large egg beaten"" class=""wprm-checkbox"" id=""wprm-checkbox-2"" type=""checkbox""/><label class=""wprm-checkbox-label"" for=""wprm-checkbox-2""><span class=""sr-only screen-reader-text wprm-screen-reader-text"">▢ </span></label></span><span class=""wprm-recipe-ingredient-amount"">1</span> <span class=""wprm-recipe-ingredient-unit"">large</span> <span class=""wprm-recipe-ingredient-name"">egg</span> <span class=""wprm-recipe-ingredient-notes wprm-recipe-ingredient-notes-smaller-faded"">beaten</span></li>",egg,egg,1.0,large,ok,
twoplaidaprons,https://twoplaidaprons.com/air-fryer-chicken-katsu/,Air Fryer Chicken Katsu,24.0,True,"<li class=""wprm-recipe-ingredient"" data-uid=""1"" style=""list-style-type: none;""><span class=""wprm-checkbox-container""><input aria-label="" 1 cup panko also known as Japanese breadcrumbs"" class=""wprm-checkbox"" id=""wprm-checkbox-3"" type=""checkbox""/><label class=""wprm-checkbox-label"" for=""wprm-checkbox-3""><span class=""sr-only screen-reader-text wprm-screen-reader-text"">▢ </span></label></span><span class=""wprm-recipe-ingredient-amount"">1</span> <span class=""wprm-recipe-ingredient-unit"">cup</span> <span class=""wprm-recipe-ingredient-name""><a class=""wprm-recipe-ingredient-link"" href=""https://amzn.to/3uIFLwt"" rel=""nofollow noreferrer"" target=""_blank"">panko</a></span> <span class=""wprm-recipe-ingredient-notes wprm-recipe-ingredient-notes-smaller-faded"">also known as Japanese breadcrumbs</span></li>",panko,panko,1.0,cup,ok,
twoplaidaprons,https://twoplaidaprons.com/air-fryer-chicken-katsu/,Air Fryer Chicken Katsu,24.0,True,"<li class=""wprm-recipe-ingredient"" data-uid=""5"" style=""list-style-type: none;""><span class=""wprm-checkbox-container""><input aria-label="" Salt and black pepper seasoned to your preference"" class=""wprm-checkbox"" id=""wprm-checkbox-4"" type=""checkbox""/><label class=""wprm-checkbox-label"" for=""wprm-checkbox-4""><span class=""sr-only screen-reader-text wprm-screen-reader-text"">▢ </span></label></span><span class=""wprm-recipe-ingredient-name"">Salt and black pepper</span> <span class=""wprm-recipe-ingredient-notes wprm-recipe-ingredient-notes-smaller-faded"">seasoned to your preference</span></li>",Salt and black pepper,salt  black pepper,,,ok,
twoplaidaprons,https://twoplaidaprons.com/air-fryer-chicken-katsu/,Air Fryer Chicken Katsu,24.0,True,"<li class=""wprm-recipe-ingredient"" data-uid=""11"" style=""list-style-type: none;""><span class=""wprm-checkbox-container""><input aria-label="" Cooked white rice (to serve with the katsu)"" class=""wprm-checkbox"" id=""wprm-checkbox-5"" type=""checkbox""/><label class=""wprm-checkbox-label"" for=""wprm-checkbox-5""><span class=""sr-only screen-reader-text wprm-screen-reader-text"">▢ </span></label></span><span class=""wprm-recipe-ingredient-name"">Cooked white rice</span> <span class=""wprm-recipe-ingredient-notes wprm-recipe-ingredient-notes-smaller-faded"">(to serve with the katsu)</span></li>",Cooked white rice,cooked  rice,,,ok,
twoplaidaprons,https://twoplaidaprons.com/air-fryer-chicken-katsu/,Air Fryer Chicken Katsu,24.0,True,"<li class=""wprm-recipe-ingredient"" data-uid=""12"" style=""list-style-type: none;""><span class=""wprm-checkbox-container""><input aria-label="" Green cabbage thinly shredded (to serve with the katsu)"" class=""wprm-checkbox"" id=""wprm-checkbox-6"" type=""checkbox""/><label class=""wprm-checkbox-label"" for=""wprm-checkbox-6""><span class=""sr-only screen-reader-text wprm-screen-reader-text"">▢ </span></label></span><span class=""wprm-recipe-ingredient-name"">Green cabbage</span> <span class=""wprm-recipe-ingredient-notes wprm-recipe-ingredient-notes-smaller-faded"">thinly shredded (to serve with the katsu)</span></li>",Green cabbage,green cabbage,,,ok,
twoplaidaprons,https://twoplaidaprons.com/air-fryer-chicken-katsu/,Air Fryer Chicken Katsu,24.0,True,"<li class=""wprm-recipe-ingredient"" data-uid=""7"" style=""list-style-type: none;""><span class=""wprm-checkbox-container""><input aria-label="" 2 tablespoons ketchup"" class=""wprm-checkbox"" id=""wprm-checkbox-7"" type=""checkbox""/><label class=""wprm-checkbox-label"" for=""wprm-checkbox-7""><span class=""sr-only screen-reader-text wprm-screen-reader-text"">▢ </span></label></span><span class=""wprm-recipe-ingredient-amount"">2</span> <span class=""wprm-recipe-ingredient-unit"">tablespoons</span> <span class=""wprm-recipe-ingredient-name""><a class=""wprm-recipe-ingredient-link"" href=""https://amzn.to/3hFLavy"" rel=""nofollow noreferrer"" target=""_blank"">ketchup</a></span></li>",ketchup,ketchup,2.0,tablespoons,ok,
twoplaidaprons,https://twoplaidaprons.com/air-fryer-chicken-katsu/,Air Fryer Chicken Katsu,24.0,True,"<li class=""wprm-recipe-ingredient"" data-uid=""8"" style=""list-style-type: none;""><span class=""wprm-checkbox-container""><input aria-label="" 2 tablespoons Worcestershire sauce"" class=""wprm-checkbox"" id=""wprm-checkbox-8"" type=""checkbox""/><label class=""wprm-checkbox-label"" for=""wprm-checkbox-8""><span class=""sr-only screen-reader-text wprm-screen-reader-text"">▢ </span></label></span><span class=""wprm-recipe-ingredient-amount"">2</span> <span class=""wprm-recipe-ingredient-unit"">tablespoons</span> <span class=""wprm-recipe-ingredient-name""><a class=""wprm-recipe-ingredient-link"" href=""https://amzn.to/3hEsj48"" rel=""nofollow noreferrer"" target=""_blank"">Worcestershire sauce</a></span></li>",Worcestershire sauce,worcestershire sauce,2.0,tablespoons,ok,
twoplaidaprons,https://twoplaidaprons.com/air-fryer-chicken-katsu/,Air Fryer Chicken Katsu,24.0,True,"<li class=""wprm-recipe-ingredient"" data-uid=""9"" style=""list-style-type: none;""><span class=""wprm-checkbox-container""><input aria-label="" 2 teaspoon oyster sauce"" class=""wprm-checkbox"" id=""wprm-checkbox-9"" type=""checkbox""/><label class=""wprm-checkbox-label"" for=""wprm-checkbox-9""><span class=""sr-only screen-reader-text wprm-screen-reader-text"">▢ </span></label></span><span class=""wprm-recipe-ingredient-amount"">2</span> <span class=""wprm-recipe-ingredient-unit"">teaspoon</span> <span class=""wprm-recipe-ingredient-name""><a class=""wprm-recipe-ingredient-link"" href=""https://amzn.to/41eI7kh"" rel=""nofollow noreferrer"" target=""_blank"">oyster sauce</a></span></li>",oyster sauce,oyster sauce,2.0,teaspoon,ok,
twoplaidaprons,https://twoplaidaprons.com/air-fryer-chicken-katsu/,Air Fryer Chicken Katsu,24.0,True,"<li class=""wprm-recipe-ingredient"" data-uid=""10"" style=""list-style-type: none;""><span class=""wprm-checkbox-container""><input aria-label="" 1 teaspoon granulated sugar"" class=""wprm-checkbox"" id=""wprm-checkbox-10"" type=""checkbox""/><label class=""wprm-checkbox-label"" for=""wprm-checkbox-10""><span class=""sr-only screen-reader-text wprm-screen-reader-text"">▢ </span></label></span><span class=""wprm-recipe-ingredient-amount"">1</span> <span class=""wprm-recipe-ingredient-unit"">teaspoon</span> <span class=""wprm-recipe-ingredient-name""><a class=""wprm-recipe-ingredient-link"" href=""https://amzn.to/3IEdexr"" rel=""nofollow noreferrer"" target=""_blank"">granulated sugar</a></span></li>",granulated sugar,granulated sugar,1.0,teaspoon,ok,
twoplaidaprons,https://twoplaidaprons.com/air-fryer-potato-wedges/,Air Fryer Potato Wedges,20.0,True,"<li class=""wprm-recipe-ingredient"" data-uid=""0"" style=""list-style-type: none;""><span class=""wprm-checkbox-container""><input aria-label="" 2 pounds russet potato"" class=""wprm-checkbox"" id=""wprm-checkbox-0"" type=""checkbox""/><label class=""wprm-checkbox-label"" for=""wprm-checkbox-0""><span class=""sr-only screen-reader-text wprm-screen-reader-text"">▢ </span></label></span><span class=""wprm-recipe-ingredient-amount"">2</span> <span class=""wprm-recipe-ingredient-unit"">pounds</span> <span class=""wprm-recipe-ingredient-name"">russet potato</span></li>",russet potato,russet potato,2.0,pounds,ok,
twoplaidaprons,https://twoplaidaprons.com/air-fryer-potato-wedges/,Air Fryer Potato Wedges,20.0,True,"<li class=""wprm-recipe-ingredient"" data-uid=""1"" style=""list-style-type: none;""><span class=""wprm-checkbox-container""><input aria-label="" 3 tablespoons oil any neutral oil will do"" class=""wprm-checkbox"" id=""wprm-checkbox-1"" type=""checkbox""/><label class=""wprm-checkbox-label"" for=""wprm-checkbox-1""><span class=""sr-only screen-reader-text wprm-screen-reader-text"">▢ </span></label></span><span class=""wprm-recipe-ingredient-amount"">3</span> <span class=""wprm-recipe-ingredient-unit"">tablespoons</span> <span class=""wprm-recipe-ingredient-name"">oil</span> <span class=""wprm-recipe-ingredient-notes wprm-recipe-ingredient-notes-smaller-faded"">any neutral oil will do</span></li>",oil,oil,3.0,tablespoons,ok,
twoplaidaprons,https://twoplaidaprons.com/air-fryer-potato-wedges/,Air Fryer Potato Wedges,20.0,True,"<li class=""wprm-recipe-ingredient"" data-uid=""2"" style=""list-style-type: none;""><span class=""wprm-checkbox-container""><input aria-label="" 1 teaspoon salt"" class=""wprm-checkbox"" id=""wprm-checkbox-2"" type=""checkbox""/><label class=""wprm-checkbox-label"" for=""wprm-checkbox-2""><span class=""sr-only screen-reader-text wprm-screen-reader-text"">▢ </span></label></span><span class=""wprm-recipe-ingredient-amount"">1</span> <span class=""wprm-recipe-ingredient-unit"">teaspoon</span> <span class=""wprm-recipe-ingredient-name"">salt</span></li>",salt,salt,1.0,teaspoon,ok,
twoplaidaprons,https://twoplaidaprons.com/air-fryer-potato-wedges/,Air Fryer Potato Wedges,20.0,True,"<li class=""wprm-recipe-ingredient"" data-uid=""3"" style=""list-style-type: none;""><span class=""wprm-checkbox-container""><input aria-label="" 1 teaspoon garlic powder"" class=""wprm-checkbox"" id=""wprm-checkbox-3"" type=""checkbox""/><label class=""wprm-checkbox-label"" for=""wprm-checkbox-3""><span class=""sr-only screen-reader-text wprm-screen-reader-text"">▢ </span></label></span><span class=""wprm-recipe-ingredient-amount"">1</span> <span class=""wprm-recipe-ingredient-unit"">teaspoon</span> <span class=""wprm-recipe-ingredient-name""><a class=""wprm-recipe-ingredient-link"" href=""https://amzn.to/3SikyFF"" rel=""nofollow noreferrer"" target=""_blank"">garlic powder</a></span></li>",garlic powder,garlic powder,1.0,teaspoon,ok,
twoplaidaprons,https://twoplaidaprons.com/air-fryer-potato-wedges/,Air Fryer Potato Wedges,20.0,True,"<li class=""wprm-recipe-ingredient"" data-uid=""4"" style=""list-style-type: none;""><span class=""wprm-checkbox-container""><input aria-label="" 1 teaspoon onion powder"" class=""wprm-checkbox"" id=""wprm-checkbox-4"" type=""checkbox""/><label class=""wprm-checkbox-label"" for=""wprm-checkbox-4""><span class=""sr-only screen-reader-text wprm-screen-reader-text"">▢ </span></label></span><span class=""wprm-recipe-ingredient-amount"">1</span> <span class=""wprm-recipe-ingredient-unit"">teaspoon</span> <span class=""wprm-recipe-ingredient-name""><a class=""wprm-recipe-ingredient-link"" href=""https://amzn.to/3MQlrSe"" rel=""nofollow noreferrer"" target=""_blank"">onion powder</a></span></li>",onion powder,onion powder,1.0,teaspoon,ok,
twoplaidaprons,https://twoplaidaprons.com/air-fryer-potato-wedges/,Air Fryer Potato Wedges,20.0,True,"<li class=""wprm-recipe-ingredient"" data-uid=""7"" style=""list-style-type: none;""><span class=""wprm-checkbox-container""><input aria-label="" ½ teaspoon black pepper"" class=""wprm-checkbox"" id=""wprm-checkbox-5"" type=""checkbox""/><label class=""wprm-checkbox-label"" for=""wprm-checkbox-5""><span class=""sr-only screen-reader-text wprm-screen-reader-text"">▢ </span></label></span><span class=""wprm-recipe-ingredient-amount"">½</span> <span class=""wprm-recipe-ingredient-unit"">teaspoon</span> <span class=""wprm-recipe-ingredient-name"">black pepper</span></li>",black pepper,black pepper,0.5,teaspoon,ok,
twoplaidaprons,https://twoplaidaprons.com/air-fryer-potato-wedges/,Air Fryer Potato Wedges,20.0,True,"<li class=""wprm-recipe-ingredient"" data-uid=""6"" style=""list-style-type: none;""><span class=""wprm-checkbox-container""><input aria-label="" ½ teaspoon ground paprika"" class=""wprm-checkbox"" id=""wprm-checkbox-6"" type=""checkbox""/><label class=""wprm-checkbox-label"" for=""wprm-checkbox-6""><span class=""sr-only screen-reader-text wprm-screen-reader-text"">▢ </span></label></span><span class=""wprm-recipe-ingredient-amount"">½</span> <span class=""wprm-recipe-ingredient-unit"">teaspoon</span> <span class=""wprm-recipe-ingredient-name""><a class=""wprm-recipe-ingredient-link"" href=""https://amzn.to/40MXgda"" rel=""nofollow noreferrer"" target=""_blank"">ground paprika</a></span></li>",ground paprika,paprika,0.5,teaspoon,ok,
twoplaidaprons,https://twoplaidaprons.com/air-fryer-potato-wedges/,Air Fryer Potato Wedges,20.0,True,"<li class=""wprm-recipe-ingredient"" data-uid=""5"" style=""list-style-type: none;""><span class=""wprm-checkbox-container""><input aria-label="" ½ teaspoon chili powder"" class=""wprm-checkbox"" id=""wprm-checkbox-7"" type=""checkbox""/><label class=""wprm-checkbox-label"" for=""wprm-checkbox-7""><span class=""sr-only screen-reader-text wprm-screen-reader-text"">▢ </span></label></span><span class=""wprm-recipe-ingredient-amount"">½</span> <span class=""wprm-recipe-ingredient-unit"">teaspoon</span> <span class=""wprm-recipe-ingredient-name"">chili powder</span></li>",chili powder,chili powder,0.5,teaspoon,ok,
twoplaidaprons,https://twoplaidaprons.com/air-fryer-potato-wedges/,Air Fryer Potato Wedges,20.0,True,"<li class=""wprm-recipe-ingredient"" data-uid=""8"" style=""list-style-type: none;""><span class=""wprm-checkbox-container""><input aria-label="" 1 tablespoon grated parmesan plus more for garnish (optional)"" class=""wprm-checkbox"" id=""wprm-checkbox-8"" type=""checkbox""/><label class=""wprm-checkbox-label"" for=""wprm-checkbox-8""><span class=""sr-only screen-reader-text wprm-screen-reader-text"">▢ </span></label></span><span class=""wprm-recipe-ingredient-amount"">1</span> <span class=""wprm-recipe-ingredient-unit"">tablespoon</span> <span class=""wprm-recipe-ingredient-name""><a class=""wprm-recipe-ingredient-link"" href=""https://amzn.to/2OPepis"" rel=""nofollow noreferrer"" target=""_blank"">grated parmesan</a></span> <span class=""wprm-recipe-ingredient-notes wprm-recipe-ingredient-notes-smaller-faded"">plus more for garnish (optional)</span></li>",grated parmesan,parmesan,1.0,tablespoon,ok,
twoplaidaprons,https://twoplaidaprons.com/air-fryer-potato-wedges/,Air Fryer Potato Wedges,20.0,True,"<li class=""wprm-recipe-ingredient"" data-uid=""9"" style=""list-style-type: none;""><span class=""wprm-checkbox-container""><input aria-label="" Parsley chopped (optional for garnish)"" class=""wprm-checkbox"" id=""wprm-checkbox-9"" type=""checkbox""/><label class=""wprm-checkbox-label"" for=""wprm-checkbox-9""><span class=""sr-only screen-reader-text wprm-screen-reader-text"">▢ </span></label></span><span class=""wprm-recipe-ingredient-name"">Parsley</span> <span class=""wprm-recipe-ingredient-notes wprm-recipe-ingredient-notes-smaller-faded"">chopped (optional for garnish)</span></li>",Parsley,parsley,,,ok,
twoplaidaprons,https://twoplaidaprons.com/all-natural-pink-lemonade-with-black-wolfberries/,All Natural Pink Lemonade with Black Wolfberries,10.0,True,"<li class=""wprm-recipe-ingredient"" style=""list-style-type: none;""><span class=""wprm-checkbox-container""><input aria-label="" 2 lemons , thinly sliced"" class=""wprm-checkbox"" id=""wprm-checkbox-0"" type=""checkbox""/><label class=""wprm-checkbox-label"" for=""wprm-checkbox-0""><span class=""sr-only screen-reader-text wprm-screen-reader-text"">▢ </span></label></span><span class=""wprm-recipe-ingredient-amount"">2</span> <span class=""wprm-recipe-ingredient-name"">lemons</span> <span class=""wprm-recipe-ingredient-notes wprm-recipe-ingredient-notes-smaller-faded"">, thinly sliced</span></li>",lemons,lemons,2.0,,ok,
twoplaidaprons,https://twoplaidaprons.com/all-natural-pink-lemonade-with-black-wolfberries/,All Natural Pink Lemonade with Black Wolfberries,10.0,True,"<li class=""wprm-recipe-ingredient"" style=""list-style-type: none;""><span class=""wprm-checkbox-container""><input aria-label="" 1½ cup granulated sugar (or your preferred sugar)"" class=""wprm-checkbox"" id=""wprm-checkbox-1"" type=""checkbox""/><label class=""wprm-checkbox-label"" for=""wprm-checkbox-1""><span class=""sr-only screen-reader-text wprm-screen-reader-text"">▢ </span></label></span><span class=""wprm-recipe-ingredient-amount"">1½</span> <span class=""wprm-recipe-ingredient-unit"">cup</span> <span class=""wprm-recipe-ingredient-name""><a class=""wprm-recipe-ingredient-link"" href=""https://amzn.to/3IEdexr"" rel=""nofollow noreferrer"" target=""_blank"">granulated sugar</a></span> <span class=""wprm-recipe-ingredient-notes wprm-recipe-ingredient-notes-smaller-faded"">(or your preferred sugar)</span></li>",granulated sugar,granulated sugar,1.5,cup,ok,
twoplaidaprons,https://twoplaidaprons.com/all-natural-pink-lemonade-with-black-wolfberries/,All Natural Pink Lemonade with Black Wolfberries,10.0,True,"<li class=""wprm-recipe-ingredient"" style=""list-style-type: none;""><span class=""wprm-checkbox-container""><input aria-label="" ½ cup water"" class=""wprm-checkbox"" id=""wprm-checkbox-2"" type=""checkbox""/><label class=""wprm-checkbox-label"" for=""wprm-checkbox-2""><span class=""sr-only screen-reader-text wprm-screen-reader-text"">▢ </span></label></span><span class=""wprm-recipe-ingredient-amount"">½</span> <span class=""wprm-recipe-ingredient-unit"">cup</span> <span class=""wprm-recipe-ingredient-name"">water</span></li>",water,water,0.5,cup,ok,
twoplaidaprons,https://twoplaidaprons.com/all-natural-pink-lemonade-with-black-wolfberries/,All Natural Pink Lemonade with Black Wolfberries,10.0,True,"<li class=""wprm-recipe-ingredient"" style=""list-style-type: none;""><span class=""wprm-checkbox-container""><input aria-label="" 2 Tablespoon black wolfberries (about 108 dried berries)"" class=""wprm-checkbox"" id=""wprm-checkbox-3"" type=""checkbox""/><label class=""wprm-checkbox-label"" for=""wprm-checkbox-3""><span class=""sr-only screen-reader-text wprm-screen-reader-text"">▢ </span></label></span><span class=""wprm-recipe-ingredient-amount"">2</span> <span class=""wprm-recipe-ingredient-unit"">Tablespoon</span> <span class=""wprm-recipe-ingredient-name""><a class=""wprm-recipe-ingredient-link"" href=""https://amzn.to/2Z6uzty"" rel=""nofollow noreferrer"" target=""_blank"">black wolfberries</a></span> <span class=""wprm-recipe-ingredient-notes wprm-recipe-ingredient-notes-smaller-faded"">(about 108 dried berries)</span></li>",black wolfberries,black wolfberries,2.0,Tablespoon,ok,
twoplaidaprons,https://twoplaidaprons.com/all-natural-pink-lemonade-with-black-wolfberries/,All Natural Pink Lemonade with Black Wolfberries,10.0,True,"<li class=""wprm-recipe-ingredient"" style=""list-style-type: none;""><span class=""wprm-checkbox-container""><input aria-label="" 9 cups hot water (between 122-140°F, best at 135°F) "" class=""wprm-checkbox"" id=""wprm-checkbox-4"" type=""checkbox""/><label class=""wprm-checkbox-label"" for=""wprm-checkbox-4""><span class=""sr-only screen-reader-text wprm-screen-reader-text"">▢ </span></label></span><span class=""wprm-recipe-ingredient-amount"">9</span> <span class=""wprm-recipe-ingredient-unit"">cups</span> <span class=""wprm-recipe-ingredient-name"">hot water</span> <span class=""wprm-recipe-ingredient-notes wprm-recipe-ingredient-notes-smaller-faded"">(between 122-140°F, best at 135°F) </span></li>",hot water,hot water,9.0,cups,ok,
twoplaidaprons,https://twoplaidaprons.com/all-natural-pink-lemonade-with-black-wolfberries/,All Natural Pink Lemonade with Black Wolfberries,10.0,True,"<li class=""wprm-recipe-ingredient"" style=""list-style-type: none;""><span class=""wprm-checkbox-container""><input aria-label="" Ice cubes (optional)"" class=""wprm-checkbox"" id=""wprm-checkbox-5"" type=""checkbox""/><label class=""wprm-checkbox-label"" for=""wprm-checkbox-5""><span class=""sr-only screen-reader-text wprm-screen-reader-text"">▢ </span></label></span><span class=""wprm-recipe-ingredient-name"">Ice cubes</span> <span class=""wprm-recipe-ingredient-notes wprm-recipe-ingredient-notes-smaller-faded"">(optional)</span></li>",Ice cubes,ice cubes,,,ok,
twoplaidaprons,https://twoplaidaprons.com/all-natural-pink-lemonade-with-black-wolfberries/,All Natural Pink Lemonade with Black Wolfberries,10.0,True,"<li class=""wprm-recipe-ingredient"" style=""list-style-type: none;""><span class=""wprm-checkbox-container""><input aria-label="" Club soda or sparkling water (optional)"" class=""wprm-checkbox"" id=""wprm-checkbox-6"" type=""checkbox""/><label class=""wprm-checkbox-label"" for=""wprm-checkbox-6""><span class=""sr-only screen-reader-text wprm-screen-reader-text"">▢ </span></label></span><span class=""wprm-recipe-ingredient-name"">Club soda or sparkling water</span> <span class=""wprm-recipe-ingredient-notes wprm-recipe-ingredient-notes-smaller-faded"">(optional)</span></li>",Club soda or sparkling water,club soda  sparkling water,,,ok,
twoplaidaprons,https://twoplaidaprons.com/almond-linzer-cookies/,Almond Linzer Cookies,75.0,True,"<li class=""wprm-recipe-ingredient"" data-uid=""0"" style=""list-style-type: none;""><span class=""wprm-checkbox-container""><input aria-label="" 113 gram unsalted butter , softened (1 stick)"" class=""wprm-checkbox"" id=""wprm-checkbox-0"" type=""checkbox""/><label class=""wprm-checkbox-label"" for=""wprm-checkbox-0""><span class=""sr-only screen-reader-text wprm-screen-reader-text"">▢ </span></label></span><span class=""wprm-recipe-ingredient-amount"">113</span> <span class=""wprm-recipe-ingredient-unit"">gram</span> <span class=""wprm-recipe-ingredient-name"">unsalted butter</span> <span class=""wprm-recipe-ingredient-notes wprm-recipe-ingredient-notes-smaller-faded"">, softened (1 stick)</span></li>",unsalted butter,unsalted butter,113.0,gram,ok,
twoplaidaprons,https://twoplaidaprons.com/almond-linzer-cookies/,Almond Linzer Cookies,75.0,True,"<li class=""wprm-recipe-ingredient"" data-uid=""1"" style=""list-style-type: none;""><span class=""wprm-checkbox-container""><input aria-label="" 160 gram granulated sugar (¾ cup)"" class=""wprm-checkbox"" id=""wprm-checkbox-1"" type=""checkbox""/><label class=""wprm-checkbox-label"" for=""wprm-checkbox-1""><span class=""sr-only screen-reader-text wprm-screen-reader-text"">▢ </span></label></span><span class=""wprm-recipe-ingredient-amount"">160</span> <span class=""wprm-recipe-ingredient-unit"">gram</span> <span class=""wprm-recipe-ingredient-name""><a class=""wprm-recipe-ingredient-link"" href=""https://amzn.to/3IEdexr"" rel=""nofollow noreferrer"" target=""_blank"">granulated sugar</a></span> <span class=""wprm-recipe-ingredient-notes wprm-recipe-ingredient-notes-smaller-faded"">(¾ cup)</span></li>",granulated sugar,granulated sugar,160.0,gram,ok,
twoplaidaprons,https://twoplaidaprons.com/almond-linzer-cookies/,Almond Linzer Cookies,75.0,True,"<li class=""wprm-recipe-ingredient"" data-uid=""2"" style=""list-style-type: none;""><span class=""wprm-checkbox-container""><input aria-label="" 1 large egg (56g with shell on)"" class=""wprm-checkbox"" id=""wprm-checkbox-2"" type=""checkbox""/><label class=""wprm-checkbox-label"" for=""wprm-checkbox-2""><span class=""sr-only screen-reader-text wprm-screen-reader-text"">▢ </span></label></span><span class=""wprm-recipe-ingredient-amount"">1</span> <span class=""wprm-recipe-ingredient-unit"">large</span> <span class=""wprm-recipe-ingredient-name"">egg</span> <span class=""wprm-recipe-ingredient-notes wprm-recipe-ingredient-notes-smaller-faded"">(56g with shell on)</span></li>",egg,egg,1.0,large,ok,
twoplaidaprons,https://twoplaidaprons.com/almond-linzer-cookies/,Almond Linzer Cookies,75.0,True,"<li class=""wprm-recipe-ingredient"" data-uid=""3"" style=""list-style-type: none;""><span class=""wprm-checkbox-container""><input aria-label="" ½ teaspoon vanilla extract"" class=""wprm-checkbox"" id=""wprm-checkbox-3"" type=""checkbox""/><label class=""wprm-checkbox-label"" for=""wprm-checkbox-3""><span class=""sr-only screen-reader-text wprm-screen-reader-text"">▢ </span></label></span><span class=""wprm-recipe-ingredient-amount"">½</span> <span class=""wprm-recipe-ingredient-unit"">teaspoon</span> <span class=""wprm-recipe-ingredient-name""><a class=""wprm-recipe-ingredient-link"" href=""https://amzn.to/3ddOXwE"" rel=""nofollow noreferrer"" target=""_blank"">vanilla extract</a></span></li>",vanilla extract,vanilla extract,0.5,teaspoon,ok,
twoplaidaprons,https://twoplaidaprons.com/almond-linzer-cookies/,Almond Linzer Cookies,75.0,True,"<li class=""wprm-recipe-ingredient"" data-uid=""4"" style=""list-style-type: none;""><span class=""wprm-checkbox-container""><input aria-label="" ¼ teaspoon Kosher salt , a little less if using fine salt"" class=""wprm-checkbox"" id=""wprm-checkbox-4"" type=""checkbox""/><label class=""wprm-checkbox-label"" for=""wprm-checkbox-4""><span class=""sr-only screen-reader-text wprm-screen-reader-text"">▢ </span></label></span><span class=""wprm-recipe-ingredient-amount"">¼</span> <span class=""wprm-recipe-ingredient-unit"">teaspoon</span> <span class=""wprm-recipe-ingredient-name""><a class=""wprm-recipe-ingredient-link"" href=""https://amzn.to/3cjL1LU"" rel=""nofollow noreferrer"" target=""_blank"">Kosher salt</a></span> <span class=""wprm-recipe-ingredient-notes wprm-recipe-ingredient-notes-smaller-faded"">, a little less if using fine salt</span></li>",Kosher salt,salt,0.25,teaspoon,ok,
twoplaidaprons,https://twoplaidaprons.com/almond-linzer-cookies/,Almond Linzer Cookies,75.0,True,"<li class=""wprm-recipe-ingredient"" data-uid=""5"" style=""list-style-type: none;""><span class=""wprm-checkbox-container""><input aria-label="" 120 gram all-purpose flour (1 cup, spooned &amp; leveled)"" class=""wprm-checkbox"" id=""wprm-checkbox-5"" type=""checkbox""/><label class=""wprm-checkbox-label"" for=""wprm-checkbox-5""><span class=""sr-only screen-reader-text wprm-screen-reader-text"">▢ </span></label></span><span class=""wprm-recipe-ingredient-amount"">120</span> <span class=""wprm-recipe-ingredient-unit"">gram</span> <span class=""wprm-recipe-ingredient-name""><a class=""wprm-recipe-ingredient-link"" href=""https://amzn.to/3jXntzh"" rel=""nofollow noreferrer"" target=""_blank"">all-purpose flour</a></span> <span class=""wprm-recipe-ingredient-notes wprm-recipe-ingredient-notes-smaller-faded"">(1 cup, spooned &amp; leveled)</span></li>",all-purpose flour,allpurpose flour,120.0,gram,ok,
twoplaidaprons,https://twoplaidaprons.com/almond-linzer-cookies/,Almond Linzer Cookies,75.0,True,"<li class=""wprm-recipe-ingredient"" data-uid=""6"" style=""list-style-type: none;""><span class=""wprm-checkbox-container""><input aria-label="" 90 gram almond flour (¾ cup)* see notes for alternative"" class=""wprm-checkbox"" id=""wprm-checkbox-6"" type=""checkbox""/><label class=""wprm-checkbox-label"" for=""wprm-checkbox-6""><span class=""sr-only screen-reader-text wprm-screen-reader-text"">▢ </span></label></span><span class=""wprm-recipe-ingredient-amount"">90</span> <span class=""wprm-recipe-ingredient-unit"">gram</span> <span class=""wprm-recipe-ingredient-name""><a class=""wprm-recipe-ingredient-link"" href=""https://amzn.to/3EQJU3W"" rel=""nofollow noreferrer"" target=""_blank"">almond flour</a></span> <span class=""wprm-recipe-ingredient-notes wprm-recipe-ingredient-notes-smaller-faded"">(¾ cup)* see notes for alternative</span></li>",almond flour,almond flour,90.0,gram,ok,
twoplaidaprons,https://twoplaidaprons.com/almond-linzer-cookies/,Almond Linzer Cookies,75.0,True,"<li class=""wprm-recipe-ingredient"" data-uid=""7"" style=""list-style-type: none;""><span class=""wprm-checkbox-container""><input aria-label="" ½ teaspoon baking powder (about 2g)"" class=""wprm-checkbox"" id=""wprm-checkbox-7"" type=""checkbox""/><label class=""wprm-checkbox-label"" for=""wprm-checkbox-7""><span class=""sr-only screen-reader-text wprm-screen-reader-text"">▢ </span></label></span><span class=""wprm-recipe-ingredient-amount"">½</span> <span class=""wprm-recipe-ingredient-unit"">teaspoon</span> <span class=""wprm-recipe-ingredient-name"">baking powder</span> <span class=""wprm-recipe-ingredient-notes wprm-recipe-ingredient-notes-smaller-faded"">(about 2g)</span></li>",baking powder,baking powder,0.5,teaspoon,ok,
twoplaidaprons,https://twoplaidaprons.com/almond-linzer-cookies/,Almond Linzer Cookies,75.0,True,"<li class=""wprm-recipe-ingredient"" data-uid=""8"" style=""list-style-type: none;""><span class=""wprm-checkbox-container""><input aria-label="" ½ cup raspberry jam , more or less for the filling (feel free to use your preferred filling like lemon curd, Nutella, or other flavored jams/ preserves)"" class=""wprm-checkbox"" id=""wprm-checkbox-8"" type=""checkbox""/><label class=""wprm-checkbox-label"" for=""wprm-checkbox-8""><span class=""sr-only screen-reader-text wprm-screen-reader-text"">▢ </span></label></span><span class=""wprm-recipe-ingredient-amount"">½</span> <span class=""wprm-recipe-ingredient-unit"">cup</span> <span class=""wprm-recipe-ingredient-name"">raspberry jam</span> <span class=""wprm-recipe-ingredient-notes wprm-recipe-ingredient-notes-smaller-faded"">, more or less for the filling (feel free to use your preferred filling like lemon curd, Nutella, or other flavored jams/ preserves)</span></li>",raspberry jam,raspberry jam,0.5,cup,ok,
twoplaidaprons,https://twoplaidaprons.com/almond-linzer-cookies/,Almond Linzer Cookies,75.0,True,"<li class=""wprm-recipe-ingredient"" data-uid=""9"" style=""list-style-type: none;""><span class=""wprm-checkbox-container""><input aria-label="" Powdered sugar , for dusting"" class=""wprm-checkbox"" id=""wprm-checkbox-9"" type=""checkbox""/><label class=""wprm-checkbox-label"" for=""wprm-checkbox-9""><span class=""sr-only screen-reader-text wprm-screen-reader-text"">▢ </span></label></span><span class=""wprm-recipe-ingredient-name""><a class=""wprm-recipe-ingredient-link"" href=""https://amzn.to/3RpdOT0"" rel=""nofollow noreferrer"" target=""_blank"">Powdered sugar</a></span> <span class=""wprm-recipe-ingredient-notes wprm-recipe-ingredient-notes-smaller-faded"">, for dusting</span></li>",Powdered sugar,powdered sugar,,,ok,
twoplaidaprons,https://twoplaidaprons.com/apple-crumb-cake/,,,,,,,,,error,"1 validation error for IngredientData
quantity
  Input should be a valid number, unable to parse string as a number [type=float_parsing, input_value='1¼', input_type=str]
    For further information visit https://errors.pydantic.dev/2.13/v/float_parsing"
twoplaidaprons,https://twoplaidaprons.com/asian-style-razor-clams/,,,,,,,,,error,"1 validation error for IngredientData
quantity
  Input should be a valid number, unable to parse string as a number [type=float_parsing, input_value='¾', input_type=str]
    For further information visit https://errors.pydantic.dev/2.13/v/float_parsing"
twoplaidaprons,https://twoplaidaprons.com/baileys-cinnamon-sugar-donuts/,,,,,,,,,error,"1 validation error for IngredientData
quantity
  Input should be a valid number, unable to parse string as a number [type=float_parsing, input_value='2¼', input_type=str]
    For further information visit https://errors.pydantic.dev/2.13/v/float_parsing"
twoplaidaprons,https://twoplaidaprons.com/baked-char-siu-bao/,,,,,,,,,error,"1 validation error for IngredientData
quantity
  Input should be a valid number, unable to parse string as a number [type=float_parsing, input_value='1-2', input_type=str]
    For further information visit https://errors.pydantic.dev/2.13/v/float_parsing"
twoplaidaprons,https://twoplaidaprons.com/baked-orange-cauliflower-chicken/,,,,,,,,,error,"1 validation error for IngredientData
quantity
  Input should be a valid number, unable to parse string as a number [type=float_parsing, input_value='1¼', input_type=str]
    For further information visit https://errors.pydantic.dev/2.13/v/float_parsing"
twoplaidaprons,https://twoplaidaprons.com/banana-nut-bread/,,,,,,,,,error,"1 validation error for IngredientData
quantity
  Input should be a valid number, unable to parse string as a number [type=float_parsing, input_value='1¾', input_type=str]
    For further information visit https://errors.pydantic.dev/2.13/v/float_parsing"
twoplaidaprons,https://twoplaidaprons.com/bananas-foster-french-toast/,,,,,,,,,error,"1 validation error for IngredientData
quantity
  Input should be a valid number, unable to parse string as a number [type=float_parsing, input_value='¾', input_type=str]
    For further information visit https://errors.pydantic.dev/2.13/v/float_parsing"
twoplaidaprons,https://twoplaidaprons.com/bang-bang-shrimp/,,,,,,,,,error,"1 validation error for IngredientData
quantity
  Input should be a valid number, unable to parse string as a number [type=float_parsing, input_value='¾', input_type=str]
    For further information visit https://errors.pydantic.dev/2.13/v/float_parsing"
twoplaidaprons,https://twoplaidaprons.com/bbq-mini-sausage-stir-fry/,BBQ Mini Sausage Stir-Fry,10.0,True,"<li class=""wprm-recipe-ingredient"" data-uid=""0"" style=""list-style-type: none;""><span class=""wprm-checkbox-container""><input aria-label="" 14 ounces mini smoked sausages (We like to use Lit'l Smokies and Korean Vienna sausages)"" class=""wprm-checkbox"" id=""wprm-checkbox-0"" type=""checkbox""/><label class=""wprm-checkbox-label"" for=""wprm-checkbox-0""><span class=""sr-only screen-reader-text wprm-screen-reader-text"">▢ </span></label></span><span class=""wprm-recipe-ingredient-amount"">14</span> <span class=""wprm-recipe-ingredient-unit"">ounces</span> <span class=""wprm-recipe-ingredient-name"">mini smoked sausages</span> <span class=""wprm-recipe-ingredient-notes wprm-recipe-ingredient-notes-smaller-faded"">(We like to use Lit'l Smokies and Korean Vienna sausages)</span></li>",mini smoked sausages,mini smoked sausages,14.0,ounces,ok,
twoplaidaprons,https://twoplaidaprons.com/bbq-mini-sausage-stir-fry/,BBQ Mini Sausage Stir-Fry,10.0,True,"<li class=""wprm-recipe-ingredient"" data-uid=""1"" style=""list-style-type: none;""><span class=""wprm-checkbox-container""><input aria-label="" 2 tablespoons A1 steak sauce"" class=""wprm-checkbox"" id=""wprm-checkbox-1"" type=""checkbox""/><label class=""wprm-checkbox-label"" for=""wprm-checkbox-1""><span class=""sr-only screen-reader-text wprm-screen-reader-text"">▢ </span></label></span><span class=""wprm-recipe-ingredient-amount"">2</span> <span class=""wprm-recipe-ingredient-unit"">tablespoons</span> <span class=""wprm-recipe-ingredient-name"">A1 steak sauce</span></li>",A1 steak sauce,steak sauce,2.0,tablespoons,ok,
twoplaidaprons,https://twoplaidaprons.com/bbq-mini-sausage-stir-fry/,BBQ Mini Sausage Stir-Fry,10.0,True,"<li class=""wprm-recipe-ingredient"" data-uid=""2"" style=""list-style-type: none;""><span class=""wprm-checkbox-container""><input aria-label="" 2 tablespoons sweet BBQ sauce"" class=""wprm-checkbox"" id=""wprm-checkbox-2"" type=""checkbox""/><label class=""wprm-checkbox-label"" for=""wprm-checkbox-2""><span class=""sr-only screen-reader-text wprm-screen-reader-text"">▢ </span></label></span><span class=""wprm-recipe-ingredient-amount"">2</span> <span class=""wprm-recipe-ingredient-unit"">tablespoons</span> <span class=""wprm-recipe-ingredient-name"">sweet BBQ sauce</span></li>",sweet BBQ sauce,sweet bbq sauce,2.0,tablespoons,ok,
twoplaidaprons,https://twoplaidaprons.com/bbq-mini-sausage-stir-fry/,BBQ Mini Sausage Stir-Fry,10.0,True,"<li class=""wprm-recipe-ingredient"" data-uid=""3"" style=""list-style-type: none;""><span class=""wprm-checkbox-container""><input aria-label="" 1 tablespoon ketchup"" class=""wprm-checkbox"" id=""wprm-checkbox-3"" type=""checkbox""/><label class=""wprm-checkbox-label"" for=""wprm-checkbox-3""><span class=""sr-only screen-reader-text wprm-screen-reader-text"">▢ </span></label></span><span class=""wprm-recipe-ingredient-amount"">1</span> <span class=""wprm-recipe-ingredient-unit"">tablespoon</span> <span class=""wprm-recipe-ingredient-name""><a class=""wprm-recipe-ingredient-link"" href=""https://amzn.to/3hFLavy"" rel=""nofollow noreferrer"" target=""_blank"">ketchup</a></span></li>",ketchup,ketchup,1.0,tablespoon,ok,
twoplaidaprons,https://twoplaidaprons.com/bbq-mini-sausage-stir-fry/,BBQ Mini Sausage Stir-Fry,10.0,True,"<li class=""wprm-recipe-ingredient"" data-uid=""4"" style=""list-style-type: none;""><span class=""wprm-checkbox-container""><input aria-label="" ½ large yellow onion peeled and thinly sliced (optional)"" class=""wprm-checkbox"" id=""wprm-checkbox-4"" type=""checkbox""/><label class=""wprm-checkbox-label"" for=""wprm-checkbox-4""><span class=""sr-only screen-reader-text wprm-screen-reader-text"">▢ </span></label></span><span class=""wprm-recipe-ingredient-amount"">½</span> <span class=""wprm-recipe-ingredient-unit"">large</span> <span class=""wprm-recipe-ingredient-name"">yellow onion</span> <span class=""wprm-recipe-ingredient-notes wprm-recipe-ingredient-notes-smaller-faded"">peeled and thinly sliced (optional)</span></li>",yellow onion,onion,0.5,large,ok,
twoplaidaprons,https://twoplaidaprons.com/bbq-mini-sausage-stir-fry/,BBQ Mini Sausage Stir-Fry,10.0,True,"<li class=""wprm-recipe-ingredient"" data-uid=""5"" style=""list-style-type: none;""><span class=""wprm-checkbox-container""><input aria-label="" ½ cup pecan halves or the nuts of your choice (optional)"" class=""wprm-checkbox"" id=""wprm-checkbox-5"" type=""checkbox""/><label class=""wprm-checkbox-label"" for=""wprm-checkbox-5""><span class=""sr-only screen-reader-text wprm-screen-reader-text"">▢ </span></label></span><span class=""wprm-recipe-ingredient-amount"">½</span> <span class=""wprm-recipe-ingredient-unit"">cup</span> <span class=""wprm-recipe-ingredient-name"">pecan halves</span> <span class=""wprm-recipe-ingredient-notes wprm-recipe-ingredient-notes-smaller-faded"">or the nuts of your choice (optional)</span></li>",pecan halves,pecan halves,0.5,cup,ok,
twoplaidaprons,https://twoplaidaprons.com/bbq-mini-sausage-stir-fry/,BBQ Mini Sausage Stir-Fry,10.0,True,"<li class=""wprm-recipe-ingredient"" data-uid=""7"" style=""list-style-type: none;""><span class=""wprm-checkbox-container""><input aria-label="" 1 stalk green onion (optional)"" class=""wprm-checkbox"" id=""wprm-checkbox-6"" type=""checkbox""/><label class=""wprm-checkbox-label"" for=""wprm-checkbox-6""><span class=""sr-only screen-reader-text wprm-screen-reader-text"">▢ </span></label></span><span class=""wprm-recipe-ingredient-amount"">1</span> <span class=""wprm-recipe-ingredient-unit"">stalk</span> <span class=""wprm-recipe-ingredient-name"">green onion</span> <span class=""wprm-recipe-ingredient-notes wprm-recipe-ingredient-notes-smaller-faded"">(optional)</span></li>",green onion,green onion,1.0,stalk,ok,
twoplaidaprons,https://twoplaidaprons.com/bbq-mini-sausage-stir-fry/,BBQ Mini Sausage Stir-Fry,10.0,True,"<li class=""wprm-recipe-ingredient"" data-uid=""6"" style=""list-style-type: none;""><span class=""wprm-checkbox-container""><input aria-label="" Oil as needed for cooking"" class=""wprm-checkbox"" id=""wprm-checkbox-7"" type=""checkbox""/><label class=""wprm-checkbox-label"" for=""wprm-checkbox-7""><span class=""sr-only screen-reader-text wprm-screen-reader-text"">▢ </span></label></span><span class=""wprm-recipe-ingredient-name"">Oil</span> <span class=""wprm-recipe-ingredient-notes wprm-recipe-ingredient-notes-smaller-faded"">as needed for cooking</span></li>",Oil,oil,,,ok,
twoplaidaprons,https://twoplaidaprons.com/beef-and-broccoli-noodles/,Beef and Broccoli Noodles,30.0,True,"<li class=""wprm-recipe-ingredient"" data-uid=""0"" style=""list-style-type: none;""><span class=""wprm-checkbox-container""><input aria-label="" 1 pound beef flank steak thinly sliced (between ⅛ and ¼ inch thick)"" class=""wprm-checkbox"" id=""wprm-checkbox-0"" type=""checkbox""/><label class=""wprm-checkbox-label"" for=""wprm-checkbox-0""><span class=""sr-only screen-reader-text wprm-screen-reader-text"">▢ </span></label></span><span class=""wprm-recipe-ingredient-amount"">1</span> <span class=""wprm-recipe-ingredient-unit"">pound</span> <span class=""wprm-recipe-ingredient-name"">beef flank steak</span> <span class=""wprm-recipe-ingredient-notes wprm-recipe-ingredient-notes-smaller-faded"">thinly sliced (between ⅛ and ¼ inch thick)</span></li>",beef flank steak,beef flank steak,1.0,pound,ok,
twoplaidaprons,https://twoplaidaprons.com/beef-and-broccoli-noodles/,Beef and Broccoli Noodles,30.0,True,"<li class=""wprm-recipe-ingredient"" data-uid=""2"" style=""list-style-type: none;""><span class=""wprm-checkbox-container""><input aria-label="" 3 tablespoons water"" class=""wprm-checkbox"" id=""wprm-checkbox-1"" type=""checkbox""/><label class=""wprm-checkbox-label"" for=""wprm-checkbox-1""><span class=""sr-only screen-reader-text wprm-screen-reader-text"">▢ </span></label></span><span class=""wprm-recipe-ingredient-amount"">3</span> <span class=""wprm-recipe-ingredient-unit"">tablespoons</span> <span class=""wprm-recipe-ingredient-name"">water</span></li>",water,water,3.0,tablespoons,ok,
twoplaidaprons,https://twoplaidaprons.com/beef-and-broccoli-noodles/,Beef and Broccoli Noodles,30.0,True,"<li class=""wprm-recipe-ingredient"" data-uid=""4"" style=""list-style-type: none;""><span class=""wprm-checkbox-container""><input aria-label="" 1 tablespoon Shaoxing rice wine"" class=""wprm-checkbox"" id=""wprm-checkbox-2"" type=""checkbox""/><label class=""wprm-checkbox-label"" for=""wprm-checkbox-2""><span class=""sr-only screen-reader-text wprm-screen-reader-text"">▢ </span></label></span><span class=""wprm-recipe-ingredient-amount"">1</span> <span class=""wprm-recipe-ingredient-unit"">tablespoon</span> <span class=""wprm-recipe-ingredient-name""><a class=""wprm-recipe-ingredient-link"" href=""https://amzn.to/4hZSKku"" rel=""nofollow noreferrer"" target=""_blank"">Shaoxing rice wine</a></span></li>",Shaoxing rice wine,shaoxing rice wine,1.0,tablespoon,ok,
twoplaidaprons,https://twoplaidaprons.com/beef-and-broccoli-noodles/,Beef and Broccoli Noodles,30.0,True,"<li class=""wprm-recipe-ingredient"" data-uid=""3"" style=""list-style-type: none;""><span class=""wprm-checkbox-container""><input aria-label="" ½ teaspoon Kosher salt"" class=""wprm-checkbox"" id=""wprm-checkbox-3"" type=""checkbox""/><label class=""wprm-checkbox-label"" for=""wprm-checkbox-3""><span class=""sr-only screen-reader-text wprm-screen-reader-text"">▢ </span></label></span><span class=""wprm-recipe-ingredient-amount"">½</span> <span class=""wprm-recipe-ingredient-unit"">teaspoon</span> <span class=""wprm-recipe-ingredient-name""><a class=""wprm-recipe-ingredient-link"" href=""https://amzn.to/3cjL1LU"" rel=""nofollow noreferrer"" target=""_blank"">Kosher salt</a></span></li>",Kosher salt,salt,0.5,teaspoon,ok,
twoplaidaprons,https://twoplaidaprons.com/beef-and-broccoli-noodles/,Beef and Broccoli Noodles,30.0,True,"<li class=""wprm-recipe-ingredient"" data-uid=""5"" style=""list-style-type: none;""><span class=""wprm-checkbox-container""><input aria-label="" ¼ teaspoon baking soda"" class=""wprm-checkbox"" id=""wprm-checkbox-4"" type=""checkbox""/><label class=""wprm-checkbox-label"" for=""wprm-checkbox-4""><span class=""sr-only screen-reader-text wprm-screen-reader-text"">▢ </span></label></span><span class=""wprm-recipe-ingredient-amount"">¼</span> <span class=""wprm-recipe-ingredient-unit"">teaspoon</span> <span class=""wprm-recipe-ingredient-name""><a class=""wprm-recipe-ingredient-link"" href=""https://amzn.to/39SDI1c"" rel=""nofollow noreferrer"" target=""_blank"">baking soda</a></span></li>",baking soda,baking soda,0.25,teaspoon,ok,
twoplaidaprons,https://twoplaidaprons.com/beef-and-broccoli-noodles/,Beef and Broccoli Noodles,30.0,True,"<li class=""wprm-recipe-ingredient"" data-uid=""6"" style=""list-style-type: none;""><span class=""wprm-checkbox-container""><input aria-label="" 2 tablespoons cornstarch"" class=""wprm-checkbox"" id=""wprm-checkbox-5"" type=""checkbox""/><label class=""wprm-checkbox-label"" for=""wprm-checkbox-5""><span class=""sr-only screen-reader-text wprm-screen-reader-text"">▢ </span></label></span><span class=""wprm-recipe-ingredient-amount"">2</span> <span class=""wprm-recipe-ingredient-unit"">tablespoons</span> <span class=""wprm-recipe-ingredient-name""><a class=""wprm-recipe-ingredient-link"" href=""https://amzn.to/37lEG01"" rel=""nofollow noreferrer"" target=""_blank"">cornstarch</a></span></li>",cornstarch,cornstarch,2.0,tablespoons,ok,
twoplaidaprons,https://twoplaidaprons.com/beef-and-broccoli-noodles/,Beef and Broccoli Noodles,30.0,True,"<li class=""wprm-recipe-ingredient"" data-uid=""7"" style=""list-style-type: none;""><span class=""wprm-checkbox-container""><input aria-label="" 1 tablespoons oil any neutral oil is fine"" class=""wprm-checkbox"" id=""wprm-checkbox-6"" type=""checkbox""/><label class=""wprm-checkbox-label"" for=""wprm-checkbox-6""><span class=""sr-only screen-reader-text wprm-screen-reader-text"">▢ </span></label></span><span class=""wprm-recipe-ingredient-amount"">1</span> <span class=""wprm-recipe-ingredient-unit"">tablespoons</span> <span class=""wprm-recipe-ingredient-name"">oil</span> <span class=""wprm-recipe-ingredient-notes wprm-recipe-ingredient-notes-smaller-faded"">any neutral oil is fine</span></li>",oil,oil,1.0,tablespoons,ok,
twoplaidaprons,https://twoplaidaprons.com/beef-and-broccoli-noodles/,Beef and Broccoli Noodles,30.0,True,"<li class=""wprm-recipe-ingredient"" data-uid=""8"" style=""list-style-type: none;""><span class=""wprm-checkbox-container""><input aria-label="" 2 cups water or unsalted chicken broth"" class=""wprm-checkbox"" id=""wprm-checkbox-7"" type=""checkbox""/><label class=""wprm-checkbox-label"" for=""wprm-checkbox-7""><span class=""sr-only screen-reader-text wprm-screen-reader-text"">▢ </span></label></span><span class=""wprm-recipe-ingredient-amount"">2</span> <span class=""wprm-recipe-ingredient-unit"">cups</span> <span class=""wprm-recipe-ingredient-name"">water</span> <span class=""wprm-recipe-ingredient-notes wprm-recipe-ingredient-notes-smaller-faded"">or unsalted chicken broth</span></li>",water,water,2.0,cups,ok,
twoplaidaprons,https://twoplaidaprons.com/beef-and-broccoli-noodles/,Beef and Broccoli Noodles,30.0,True,"<li class=""wprm-recipe-ingredient"" data-uid=""10"" style=""list-style-type: none;""><span class=""wprm-checkbox-container""><input aria-label="" ½ cup regular soy sauce"" class=""wprm-checkbox"" id=""wprm-checkbox-8"" type=""checkbox""/><label class=""wprm-checkbox-label"" for=""wprm-checkbox-8""><span class=""sr-only screen-reader-text wprm-screen-reader-text"">▢ </span></label></span><span class=""wprm-recipe-ingredient-amount"">½</span> <span class=""wprm-recipe-ingredient-unit"">cup</span> <span class=""wprm-recipe-ingredient-name""><a class=""wprm-recipe-ingredient-link"" href=""https://amzn.to/4aG8YfV"" rel=""nofollow noreferrer"" target=""_blank"">regular soy sauce</a></span></li>",regular soy sauce,regular soy sauce,0.5,cup,ok,
twoplaidaprons,https://twoplaidaprons.com/beef-and-broccoli-noodles/,Beef and Broccoli Noodles,30.0,True,"<li class=""wprm-recipe-ingredient"" data-uid=""11"" style=""list-style-type: none;""><span class=""wprm-checkbox-container""><input aria-label="" 4 tablespoons granulated sugar"" class=""wprm-checkbox"" id=""wprm-checkbox-9"" type=""checkbox""/><label class=""wprm-checkbox-label"" for=""wprm-checkbox-9""><span class=""sr-only screen-reader-text wprm-screen-reader-text"">▢ </span></label></span><span class=""wprm-recipe-ingredient-amount"">4</span> <span class=""wprm-recipe-ingredient-unit"">tablespoons</span> <span class=""wprm-recipe-ingredient-name""><a class=""wprm-recipe-ingredient-link"" href=""https://amzn.to/3IEdexr"" rel=""nofollow noreferrer"" target=""_blank"">granulated sugar</a></span></li>",granulated sugar,granulated sugar,4.0,tablespoons,ok,
twoplaidaprons,https://twoplaidaprons.com/beef-and-broccoli-noodles/,Beef and Broccoli Noodles,30.0,True,"<li class=""wprm-recipe-ingredient"" data-uid=""21"" style=""list-style-type: none;""><span class=""wprm-checkbox-container""><input aria-label="" 2 teaspoons chicken bouillon powder"" class=""wprm-checkbox"" id=""wprm-checkbox-10"" type=""checkbox""/><label class=""wprm-checkbox-label"" for=""wprm-checkbox-10""><span class=""sr-only screen-reader-text wprm-screen-reader-text"">▢ </span></label></span><span class=""wprm-recipe-ingredient-amount"">2</span> <span class=""wprm-recipe-ingredient-unit"">teaspoons</span> <span class=""wprm-recipe-ingredient-name""><a class=""wprm-recipe-ingredient-link"" href=""https://amzn.to/3ystCxU"" rel=""nofollow noreferrer"" target=""_blank"">chicken bouillon powder</a></span></li>",chicken bouillon powder,chicken bouillon powder,2.0,teaspoons,ok,
twoplaidaprons,https://twoplaidaprons.com/beef-and-broccoli-noodles/,Beef and Broccoli Noodles,30.0,True,"<li class=""wprm-recipe-ingredient"" data-uid=""22"" style=""list-style-type: none;""><span class=""wprm-checkbox-container""><input aria-label="" 1 teaspoon dark soy sauce more or less for color"" class=""wprm-checkbox"" id=""wprm-checkbox-11"" type=""checkbox""/><label class=""wprm-checkbox-label"" for=""wprm-checkbox-11""><span class=""sr-only screen-reader-text wprm-screen-reader-text"">▢ </span></label></span><span class=""wprm-recipe-ingredient-amount"">1</span> <span class=""wprm-recipe-ingredient-unit"">teaspoon</span> <span class=""wprm-recipe-ingredient-name""><a class=""wprm-recipe-ingredient-link"" href=""https://amzn.to/3jfjVdx"" rel=""nofollow noreferrer"" target=""_blank"">dark soy sauce</a></span> <span class=""wprm-recipe-ingredient-notes wprm-recipe-ingredient-notes-smaller-faded"">more or less for color</span></li>",dark soy sauce,dark soy sauce,1.0,teaspoon,ok,
twoplaidaprons,https://twoplaidaprons.com/beef-and-broccoli-noodles/,Beef and Broccoli Noodles,30.0,True,"<li class=""wprm-recipe-ingredient"" data-uid=""12"" style=""list-style-type: none;""><span class=""wprm-checkbox-container""><input aria-label="" 5 tablespoons cornstarch"" class=""wprm-checkbox"" id=""wprm-checkbox-12"" type=""checkbox""/><label class=""wprm-checkbox-label"" for=""wprm-checkbox-12""><span class=""sr-only screen-reader-text wprm-screen-reader-text"">▢ </span></label></span><span class=""wprm-recipe-ingredient-amount"">5</span> <span class=""wprm-recipe-ingredient-unit"">tablespoons</span> <span class=""wprm-recipe-ingredient-name""><a class=""wprm-recipe-ingredient-link"" href=""https://amzn.to/37lEG01"" rel=""nofollow noreferrer"" target=""_blank"">cornstarch</a></span></li>",cornstarch,cornstarch,5.0,tablespoons,ok,
twoplaidaprons,https://twoplaidaprons.com/beef-and-broccoli-noodles/,Beef and Broccoli Noodles,30.0,True,"<li class=""wprm-recipe-ingredient"" data-uid=""13"" style=""list-style-type: none;""><span class=""wprm-checkbox-container""><input aria-label="" 2 teaspoons toasted sesame oil"" class=""wprm-checkbox"" id=""wprm-checkbox-13"" type=""checkbox""/><label class=""wprm-checkbox-label"" for=""wprm-checkbox-13""><span class=""sr-only screen-reader-text wprm-screen-reader-text"">▢ </span></label></span><span class=""wprm-recipe-ingredient-amount"">2</span> <span class=""wprm-recipe-ingredient-unit"">teaspoons</span> <span class=""wprm-recipe-ingredient-name""><a class=""wprm-recipe-ingredient-link"" href=""https://amzn.to/2TeNpL8"" rel=""nofollow noreferrer"" target=""_blank"">toasted sesame oil</a></span></li>",toasted sesame oil,toasted sesame oil,2.0,teaspoons,ok,
twoplaidaprons,https://twoplaidaprons.com/beef-and-broccoli-noodles/,Beef and Broccoli Noodles,30.0,True,"<li class=""wprm-recipe-ingredient"" data-uid=""15"" style=""list-style-type: none;""><span class=""wprm-checkbox-container""><input aria-label="" 1 pound lo mein noodles yakisoba and spaghetti is okay too"" class=""wprm-checkbox"" id=""wprm-checkbox-14"" type=""checkbox""/><label class=""wprm-checkbox-label"" for=""wprm-checkbox-14""><span class=""sr-only screen-reader-text wprm-screen-reader-text"">▢ </span></label></span><span class=""wprm-recipe-ingredient-amount"">1</span> <span class=""wprm-recipe-ingredient-unit"">pound</span> <span class=""wprm-recipe-ingredient-name"">lo mein noodles</span> <span class=""wprm-recipe-ingredient-notes wprm-recipe-ingredient-notes-smaller-faded"">yakisoba and spaghetti is okay too</span></li>",lo mein noodles,lo mein noodles,1.0,pound,ok,
twoplaidaprons,https://twoplaidaprons.com/beef-and-broccoli-noodles/,Beef and Broccoli Noodles,30.0,True,"<li class=""wprm-recipe-ingredient"" data-uid=""16"" style=""list-style-type: none;""><span class=""wprm-checkbox-container""><input aria-label="" 1 pound broccoli cut into same size florets"" class=""wprm-checkbox"" id=""wprm-checkbox-15"" type=""checkbox""/><label class=""wprm-checkbox-label"" for=""wprm-checkbox-15""><span class=""sr-only screen-reader-text wprm-screen-reader-text"">▢ </span></label></span><span class=""wprm-recipe-ingredient-amount"">1</span> <span class=""wprm-recipe-ingredient-unit"">pound</span> <span class=""wprm-recipe-ingredient-name"">broccoli</span> <span class=""wprm-recipe-ingredient-notes wprm-recipe-ingredient-notes-smaller-faded"">cut into same size florets</span></li>",broccoli,broccoli,1.0,pound,ok,
twoplaidaprons,https://twoplaidaprons.com/beef-and-broccoli-noodles/,Beef and Broccoli Noodles,30.0,True,"<li class=""wprm-recipe-ingredient"" data-uid=""17"" style=""list-style-type: none;""><span class=""wprm-checkbox-container""><input aria-label="" 1 tablespoons ginger peeled and minced (about an inch knob per TBSP)"" class=""wprm-checkbox"" id=""wprm-checkbox-16"" type=""checkbox""/><label class=""wprm-checkbox-label"" for=""wprm-checkbox-16""><span class=""sr-only screen-reader-text wprm-screen-reader-text"">▢ </span></label></span><span class=""wprm-recipe-ingredient-amount"">1</span> <span class=""wprm-recipe-ingredient-unit"">tablespoons</span> <span class=""wprm-recipe-ingredient-name"">ginger</span> <span class=""wprm-recipe-ingredient-notes wprm-recipe-ingredient-notes-smaller-faded"">peeled and minced (about an inch knob per TBSP)</span></li>",ginger,ginger,1.0,tablespoons,ok,
twoplaidaprons,https://twoplaidaprons.com/beef-and-broccoli-noodles/,Beef and Broccoli Noodles,30.0,True,"<li class=""wprm-recipe-ingredient"" data-uid=""18"" style=""list-style-type: none;""><span class=""wprm-checkbox-container""><input aria-label="" 1 tablespoon garlic minced (about 2-3 cloves per TBSP)"" class=""wprm-checkbox"" id=""wprm-checkbox-17"" type=""checkbox""/><label class=""wprm-checkbox-label"" for=""wprm-checkbox-17""><span class=""sr-only screen-reader-text wprm-screen-reader-text"">▢ </span></label></span><span class=""wprm-recipe-ingredient-amount"">1</span> <span class=""wprm-recipe-ingredient-unit"">tablespoon</span> <span class=""wprm-recipe-ingredient-name"">garlic</span> <span class=""wprm-recipe-ingredient-notes wprm-recipe-ingredient-notes-smaller-faded"">minced (about 2-3 cloves per TBSP)</span></li>",garlic,garlic,1.0,tablespoon,ok,
twoplaidaprons,https://twoplaidaprons.com/beef-and-broccoli-noodles/,Beef and Broccoli Noodles,30.0,True,"<li class=""wprm-recipe-ingredient"" data-uid=""19"" style=""list-style-type: none;""><span class=""wprm-checkbox-container""><input aria-label="" Oil as needed for cooking (any neutral oil)"" class=""wprm-checkbox"" id=""wprm-checkbox-18"" type=""checkbox""/><label class=""wprm-checkbox-label"" for=""wprm-checkbox-18""><span class=""sr-only screen-reader-text wprm-screen-reader-text"">▢ </span></label></span><span class=""wprm-recipe-ingredient-name"">Oil</span> <span class=""wprm-recipe-ingredient-notes wprm-recipe-ingredient-notes-smaller-faded"">as needed for cooking (any neutral oil)</span></li>",Oil,oil,,,ok,
twoplaidaprons,https://twoplaidaprons.com/beef-and-broccoli-noodles/,Beef and Broccoli Noodles,30.0,True,"<li class=""wprm-recipe-ingredient"" data-uid=""20"" style=""list-style-type: none;""><span class=""wprm-checkbox-container""><input aria-label="" Toasted sesame seed (optional for garnish)"" class=""wprm-checkbox"" id=""wprm-checkbox-19"" type=""checkbox""/><label class=""wprm-checkbox-label"" for=""wprm-checkbox-19""><span class=""sr-only screen-reader-text wprm-screen-reader-text"">▢ </span></label></span><span class=""wprm-recipe-ingredient-name""><a class=""wprm-recipe-ingredient-link"" href=""https://amzn.to/3ehbMRy"" rel=""nofollow noreferrer"" target=""_blank"">Toasted sesame seed</a></span> <span class=""wprm-recipe-ingredient-notes wprm-recipe-ingredient-notes-smaller-faded"">(optional for garnish)</span></li>",Toasted sesame seed,toasted sesame seed,,,ok,
twoplaidaprons,https://twoplaidaprons.com/beef-and-broccoli/,Beef and Broccoli,25.0,True,"<li class=""wprm-recipe-ingredient"" data-uid=""1"" style=""list-style-type: none;""><span class=""wprm-checkbox-container""><input aria-label="" 1 pound beef flank steak thinly sliced (between ⅛ and ¼ inch thick)"" class=""wprm-checkbox"" id=""wprm-checkbox-0"" type=""checkbox""/><label class=""wprm-checkbox-label"" for=""wprm-checkbox-0""><span class=""sr-only screen-reader-text wprm-screen-reader-text"">▢ </span></label></span><span class=""wprm-recipe-ingredient-amount"">1</span> <span class=""wprm-recipe-ingredient-unit"">pound</span> <span class=""wprm-recipe-ingredient-name"">beef flank steak</span> <span class=""wprm-recipe-ingredient-notes wprm-recipe-ingredient-notes-smaller-faded"">thinly sliced (between ⅛ and ¼ inch thick)</span></li>",beef flank steak,beef flank steak,1.0,pound,ok,
twoplaidaprons,https://twoplaidaprons.com/beef-and-broccoli/,Beef and Broccoli,25.0,True,"<li class=""wprm-recipe-ingredient"" data-uid=""2"" style=""list-style-type: none;""><span class=""wprm-checkbox-container""><input aria-label="" 3 tablespoons water"" class=""wprm-checkbox"" id=""wprm-checkbox-1"" type=""checkbox""/><label class=""wprm-checkbox-label"" for=""wprm-checkbox-1""><span class=""sr-only screen-reader-text wprm-screen-reader-text"">▢ </span></label></span><span class=""wprm-recipe-ingredient-amount"">3</span> <span class=""wprm-recipe-ingredient-unit"">tablespoons</span> <span class=""wprm-recipe-ingredient-name"">water</span></li>",water,water,3.0,tablespoons,ok,
twoplaidaprons,https://twoplaidaprons.com/beef-and-broccoli/,Beef and Broccoli,25.0,True,"<li class=""wprm-recipe-ingredient"" data-uid=""5"" style=""list-style-type: none;""><span class=""wprm-checkbox-container""><input aria-label="" 1 tablespoon Shaoxing cooking wine"" class=""wprm-checkbox"" id=""wprm-checkbox-2"" type=""checkbox""/><label class=""wprm-checkbox-label"" for=""wprm-checkbox-2""><span class=""sr-only screen-reader-text wprm-screen-reader-text"">▢ </span></label></span><span class=""wprm-recipe-ingredient-amount"">1</span> <span class=""wprm-recipe-ingredient-unit"">tablespoon</span> <span class=""wprm-recipe-ingredient-name""><a class=""wprm-recipe-ingredient-link"" href=""https://amzn.to/4hZSKku"" rel=""nofollow noreferrer"" target=""_blank"">Shaoxing cooking wine</a></span></li>",Shaoxing cooking wine,shaoxing cooking wine,1.0,tablespoon,ok,
twoplaidaprons,https://twoplaidaprons.com/beef-and-broccoli/,Beef and Broccoli,25.0,True,"<li class=""wprm-recipe-ingredient"" data-uid=""6"" style=""list-style-type: none;""><span class=""wprm-checkbox-container""><input aria-label="" ½ teaspoon kosher salt (a little less if using fine salt)"" class=""wprm-checkbox"" id=""wprm-checkbox-3"" type=""checkbox""/><label class=""wprm-checkbox-label"" for=""wprm-checkbox-3""><span class=""sr-only screen-reader-text wprm-screen-reader-text"">▢ </span></label></span><span class=""wprm-recipe-ingredient-amount"">½</span> <span class=""wprm-recipe-ingredient-unit"">teaspoon</span> <span class=""wprm-recipe-ingredient-name""><a class=""wprm-recipe-ingredient-link"" href=""https://amzn.to/3cjL1LU"" rel=""nofollow noreferrer"" target=""_blank"">kosher salt</a></span> <span class=""wprm-recipe-ingredient-notes wprm-recipe-ingredient-notes-smaller-faded"">(a little less if using fine salt)</span></li>",kosher salt,salt,0.5,teaspoon,ok,
twoplaidaprons,https://twoplaidaprons.com/beef-and-broccoli/,Beef and Broccoli,25.0,True,"<li class=""wprm-recipe-ingredient"" data-uid=""7"" style=""list-style-type: none;""><span class=""wprm-checkbox-container""><input aria-label="" ¼ teaspoon baking soda"" class=""wprm-checkbox"" id=""wprm-checkbox-4"" type=""checkbox""/><label class=""wprm-checkbox-label"" for=""wprm-checkbox-4""><span class=""sr-only screen-reader-text wprm-screen-reader-text"">▢ </span></label></span><span class=""wprm-recipe-ingredient-amount"">¼</span> <span class=""wprm-recipe-ingredient-unit"">teaspoon</span> <span class=""wprm-recipe-ingredient-name""><a class=""wprm-recipe-ingredient-link"" href=""https://amzn.to/39SDI1c"" rel=""nofollow noreferrer"" target=""_blank"">baking soda</a></span></li>",baking soda,baking soda,0.25,teaspoon,ok,
twoplaidaprons,https://twoplaidaprons.com/beef-and-broccoli/,Beef and Broccoli,25.0,True,"<li class=""wprm-recipe-ingredient"" data-uid=""3"" style=""list-style-type: none;""><span class=""wprm-checkbox-container""><input aria-label="" 2 tablespoons cornstarch"" class=""wprm-checkbox"" id=""wprm-checkbox-5"" type=""checkbox""/><label class=""wprm-checkbox-label"" for=""wprm-checkbox-5""><span class=""sr-only screen-reader-text wprm-screen-reader-text"">▢ </span></label></span><span class=""wprm-recipe-ingredient-amount"">2</span> <span class=""wprm-recipe-ingredient-unit"">tablespoons</span> <span class=""wprm-recipe-ingredient-name""><a class=""wprm-recipe-ingredient-link"" href=""https://amzn.to/37lEG01"" rel=""nofollow noreferrer"" target=""_blank"">cornstarch</a></span></li>",cornstarch,cornstarch,2.0,tablespoons,ok,
twoplaidaprons,https://twoplaidaprons.com/beef-and-broccoli/,Beef and Broccoli,25.0,True,"<li class=""wprm-recipe-ingredient"" data-uid=""4"" style=""list-style-type: none;""><span class=""wprm-checkbox-container""><input aria-label="" 1 tablespoon oil any neutral oil will do"" class=""wprm-checkbox"" id=""wprm-checkbox-6"" type=""checkbox""/><label class=""wprm-checkbox-label"" for=""wprm-checkbox-6""><span class=""sr-only screen-reader-text wprm-screen-reader-text"">▢ </span></label></span><span class=""wprm-recipe-ingredient-amount"">1</span> <span class=""wprm-recipe-ingredient-unit"">tablespoon</span> <span class=""wprm-recipe-ingredient-name"">oil</span> <span class=""wprm-recipe-ingredient-notes wprm-recipe-ingredient-notes-smaller-faded"">any neutral oil will do</span></li>",oil,oil,1.0,tablespoon,ok,
twoplaidaprons,https://twoplaidaprons.com/beef-and-broccoli/,Beef and Broccoli,25.0,True,"<li class=""wprm-recipe-ingredient"" data-uid=""9"" style=""list-style-type: none;""><span class=""wprm-checkbox-container""><input aria-label="" ½ cup soy sauce light sodium*"" class=""wprm-checkbox"" id=""wprm-checkbox-7"" type=""checkbox""/><label class=""wprm-checkbox-label"" for=""wprm-checkbox-7""><span class=""sr-only screen-reader-text wprm-screen-reader-text"">▢ </span></label></span><span class=""wprm-recipe-ingredient-amount"">½</span> <span class=""wprm-recipe-ingredient-unit"">cup</span> <span class=""wprm-recipe-ingredient-name""><a class=""wprm-recipe-ingredient-link"" href=""https://amzn.to/3822TY0"" rel=""nofollow noreferrer"" target=""_blank"">soy sauce</a></span> <span class=""wprm-recipe-ingredient-notes wprm-recipe-ingredient-notes-smaller-faded"">light sodium*</span></li>",soy sauce,soy sauce,0.5,cup,ok,
twoplaidaprons,https://twoplaidaprons.com/beef-and-broccoli/,Beef and Broccoli,25.0,True,"<li class=""wprm-recipe-ingredient"" data-uid=""10"" style=""list-style-type: none;""><span class=""wprm-checkbox-container""><input aria-label="" ½ cup water"" class=""wprm-checkbox"" id=""wprm-checkbox-8"" type=""checkbox""/><label class=""wprm-checkbox-label"" for=""wprm-checkbox-8""><span class=""sr-only screen-reader-text wprm-screen-reader-text"">▢ </span></label></span><span class=""wprm-recipe-ingredient-amount"">½</span> <span class=""wprm-recipe-ingredient-unit"">cup</span> <span class=""wprm-recipe-ingredient-name"">water</span></li>",water,water,0.5,cup,ok,
twoplaidaprons,https://twoplaidaprons.com/beef-and-broccoli/,Beef and Broccoli,25.0,True,"<li class=""wprm-recipe-ingredient"" data-uid=""11"" style=""list-style-type: none;""><span class=""wprm-checkbox-container""><input aria-label="" 3 tablespoons granulated sugar"" class=""wprm-checkbox"" id=""wprm-checkbox-9"" type=""checkbox""/><label class=""wprm-checkbox-label"" for=""wprm-checkbox-9""><span class=""sr-only screen-reader-text wprm-screen-reader-text"">▢ </span></label></span><span class=""wprm-recipe-ingredient-amount"">3</span> <span class=""wprm-recipe-ingredient-unit"">tablespoons</span> <span class=""wprm-recipe-ingredient-name""><a class=""wprm-recipe-ingredient-link"" href=""https://amzn.to/3IEdexr"" rel=""nofollow noreferrer"" target=""_blank"">granulated sugar</a></span></li>",granulated sugar,granulated sugar,3.0,tablespoons,ok,
twoplaidaprons,https://twoplaidaprons.com/beef-and-broccoli/,Beef and Broccoli,25.0,True,"<li class=""wprm-recipe-ingredient"" data-uid=""12"" style=""list-style-type: none;""><span class=""wprm-checkbox-container""><input aria-label="" 2 tablespoons cornstarch"" class=""wprm-checkbox"" id=""wprm-checkbox-10"" type=""checkbox""/><label class=""wprm-checkbox-label"" for=""wprm-checkbox-10""><span class=""sr-only screen-reader-text wprm-screen-reader-text"">▢ </span></label></span><span class=""wprm-recipe-ingredient-amount"">2</span> <span class=""wprm-recipe-ingredient-unit"">tablespoons</span> <span class=""wprm-recipe-ingredient-name""><a class=""wprm-recipe-ingredient-link"" href=""https://amzn.to/37lEG01"" rel=""nofollow noreferrer"" target=""_blank"">cornstarch</a></span></li>",cornstarch,cornstarch,2.0,tablespoons,ok,
twoplaidaprons,https://twoplaidaprons.com/beef-and-broccoli/,Beef and Broccoli,25.0,True,"<li class=""wprm-recipe-ingredient"" data-uid=""13"" style=""list-style-type: none;""><span class=""wprm-checkbox-container""><input aria-label="" 1 teaspoon toasted sesame oil"" class=""wprm-checkbox"" id=""wprm-checkbox-11"" type=""checkbox""/><label class=""wprm-checkbox-label"" for=""wprm-checkbox-11""><span class=""sr-only screen-reader-text wprm-screen-reader-text"">▢ </span></label></span><span class=""wprm-recipe-ingredient-amount"">1</span> <span class=""wprm-recipe-ingredient-unit"">teaspoon</span> <span class=""wprm-recipe-ingredient-name""><a class=""wprm-recipe-ingredient-link"" href=""https://amzn.to/2TeNpL8"" rel=""nofollow noreferrer"" target=""_blank"">toasted sesame oil</a></span></li>",toasted sesame oil,toasted sesame oil,1.0,teaspoon,ok,
twoplaidaprons,https://twoplaidaprons.com/beef-and-broccoli/,Beef and Broccoli,25.0,True,"<li class=""wprm-recipe-ingredient"" data-uid=""15"" style=""list-style-type: none;""><span class=""wprm-checkbox-container""><input aria-label="" 1 pound broccoli cut into florets"" class=""wprm-checkbox"" id=""wprm-checkbox-12"" type=""checkbox""/><label class=""wprm-checkbox-label"" for=""wprm-checkbox-12""><span class=""sr-only screen-reader-text wprm-screen-reader-text"">▢ </span></label></span><span class=""wprm-recipe-ingredient-amount"">1</span> <span class=""wprm-recipe-ingredient-unit"">pound</span> <span class=""wprm-recipe-ingredient-name"">broccoli</span> <span class=""wprm-recipe-ingredient-notes wprm-recipe-ingredient-notes-smaller-faded"">cut into florets</span></li>",broccoli,broccoli,1.0,pound,ok,
twoplaidaprons,https://twoplaidaprons.com/beef-and-broccoli/,Beef and Broccoli,25.0,True,"<li class=""wprm-recipe-ingredient"" data-uid=""16"" style=""list-style-type: none;""><span class=""wprm-checkbox-container""><input aria-label="" 1 tablespoon garlic minced (about 2 cloves)"" class=""wprm-checkbox"" id=""wprm-checkbox-13"" type=""checkbox""/><label class=""wprm-checkbox-label"" for=""wprm-checkbox-13""><span class=""sr-only screen-reader-text wprm-screen-reader-text"">▢ </span></label></span><span class=""wprm-recipe-ingredient-amount"">1</span> <span class=""wprm-recipe-ingredient-unit"">tablespoon</span> <span class=""wprm-recipe-ingredient-name"">garlic</span> <span class=""wprm-recipe-ingredient-notes wprm-recipe-ingredient-notes-smaller-faded"">minced (about 2 cloves)</span></li>",garlic,garlic,1.0,tablespoon,ok,
twoplaidaprons,https://twoplaidaprons.com/beef-and-broccoli/,Beef and Broccoli,25.0,True,"<li class=""wprm-recipe-ingredient"" data-uid=""17"" style=""list-style-type: none;""><span class=""wprm-checkbox-container""><input aria-label="" 1 tablespoon ginger peeled and minced (about an inch knob)"" class=""wprm-checkbox"" id=""wprm-checkbox-14"" type=""checkbox""/><label class=""wprm-checkbox-label"" for=""wprm-checkbox-14""><span class=""sr-only screen-reader-text wprm-screen-reader-text"">▢ </span></label></span><span class=""wprm-recipe-ingredient-amount"">1</span> <span class=""wprm-recipe-ingredient-unit"">tablespoon</span> <span class=""wprm-recipe-ingredient-name"">ginger</span> <span class=""wprm-recipe-ingredient-notes wprm-recipe-ingredient-notes-smaller-faded"">peeled and minced (about an inch knob)</span></li>",ginger,ginger,1.0,tablespoon,ok,
twoplaidaprons,https://twoplaidaprons.com/beef-and-broccoli/,Beef and Broccoli,25.0,True,"<li class=""wprm-recipe-ingredient"" data-uid=""18"" style=""list-style-type: none;""><span class=""wprm-checkbox-container""><input aria-label="" oil as needed for stir frying"" class=""wprm-checkbox"" id=""wprm-checkbox-15"" type=""checkbox""/><label class=""wprm-checkbox-label"" for=""wprm-checkbox-15""><span class=""sr-only screen-reader-text wprm-screen-reader-text"">▢ </span></label></span><span class=""wprm-recipe-ingredient-name"">oil</span> <span class=""wprm-recipe-ingredient-notes wprm-recipe-ingredient-notes-smaller-faded"">as needed for stir frying</span></li>",oil,oil,,,ok,
twoplaidaprons,https://twoplaidaprons.com/beef-and-broccoli/,Beef and Broccoli,25.0,True,"<li class=""wprm-recipe-ingredient"" data-uid=""19"" style=""list-style-type: none;""><span class=""wprm-checkbox-container""><input aria-label="" Toasted sesame seed (optional for garnish)"" class=""wprm-checkbox"" id=""wprm-checkbox-16"" type=""checkbox""/><label class=""wprm-checkbox-label"" for=""wprm-checkbox-16""><span class=""sr-only screen-reader-text wprm-screen-reader-text"">▢ </span></label></span><span class=""wprm-recipe-ingredient-name""><a class=""wprm-recipe-ingredient-link"" href=""https://amzn.to/3ehbMRy"" rel=""nofollow noreferrer"" target=""_blank"">Toasted sesame seed</a></span> <span class=""wprm-recipe-ingredient-notes wprm-recipe-ingredient-notes-smaller-faded"">(optional for garnish)</span></li>",Toasted sesame seed,toasted sesame seed,,,ok,
twoplaidaprons,https://twoplaidaprons.com/beef-bulgogi-meatballs/,,,,,,,,,error,"1 validation error for IngredientData
quantity
  Input should be a valid number, unable to parse string as a number [type=float_parsing, input_value='¾', input_type=str]
    For further information visit https://errors.pydantic.dev/2.13/v/float_parsing"
twoplaidaprons,https://twoplaidaprons.com/beef-bulgogi-with-vegetables/,Beef Bulgogi (Korean BBQ Beef),45.0,True,"<li class=""wprm-recipe-ingredient"" data-uid=""8"" style=""list-style-type: none;""><span class=""wprm-checkbox-container""><input aria-label="" 1 pound thinly sliced beef ribeye"" class=""wprm-checkbox"" id=""wprm-checkbox-0"" type=""checkbox""/><label class=""wprm-checkbox-label"" for=""wprm-checkbox-0""><span class=""sr-only screen-reader-text wprm-screen-reader-text"">▢ </span></label></span><span class=""wprm-recipe-ingredient-amount"">1</span> <span class=""wprm-recipe-ingredient-unit"">pound</span> <span class=""wprm-recipe-ingredient-name"">thinly sliced beef ribeye</span></li>",thinly sliced beef ribeye,thinly sliced beef ribeye,1.0,pound,ok,
twoplaidaprons,https://twoplaidaprons.com/beef-bulgogi-with-vegetables/,Beef Bulgogi (Korean BBQ Beef),45.0,True,"<li class=""wprm-recipe-ingredient"" data-uid=""9"" style=""list-style-type: none;""><span class=""wprm-checkbox-container""><input aria-label="" ½ small yellow onion thinly sliced"" class=""wprm-checkbox"" id=""wprm-checkbox-1"" type=""checkbox""/><label class=""wprm-checkbox-label"" for=""wprm-checkbox-1""><span class=""sr-only screen-reader-text wprm-screen-reader-text"">▢ </span></label></span><span class=""wprm-recipe-ingredient-amount"">½</span> <span class=""wprm-recipe-ingredient-unit"">small</span> <span class=""wprm-recipe-ingredient-name"">yellow onion</span> <span class=""wprm-recipe-ingredient-notes wprm-recipe-ingredient-notes-smaller-faded"">thinly sliced</span></li>",yellow onion,onion,0.5,small,ok,
twoplaidaprons,https://twoplaidaprons.com/beef-bulgogi-with-vegetables/,Beef Bulgogi (Korean BBQ Beef),45.0,True,"<li class=""wprm-recipe-ingredient"" data-uid=""12"" style=""list-style-type: none;""><span class=""wprm-checkbox-container""><input aria-label="" 2 stalks green onion cut into 1 inch pieces (plus more sliced for garnish)"" class=""wprm-checkbox"" id=""wprm-checkbox-2"" type=""checkbox""/><label class=""wprm-checkbox-label"" for=""wprm-checkbox-2""><span class=""sr-only screen-reader-text wprm-screen-reader-text"">▢ </span></label></span><span class=""wprm-recipe-ingredient-amount"">2</span> <span class=""wprm-recipe-ingredient-unit"">stalks</span> <span class=""wprm-recipe-ingredient-name"">green onion</span> <span class=""wprm-recipe-ingredient-notes wprm-recipe-ingredient-notes-smaller-faded"">cut into 1 inch pieces (plus more sliced for garnish)</span></li>",green onion,green onion,2.0,stalks,ok,
twoplaidaprons,https://twoplaidaprons.com/beef-bulgogi-with-vegetables/,Beef Bulgogi (Korean BBQ Beef),45.0,True,"<li class=""wprm-recipe-ingredient"" data-uid=""13"" style=""list-style-type: none;""><span class=""wprm-checkbox-container""><input aria-label="" Oil as needed for cooking (any neutral oil will do)"" class=""wprm-checkbox"" id=""wprm-checkbox-3"" type=""checkbox""/><label class=""wprm-checkbox-label"" for=""wprm-checkbox-3""><span class=""sr-only screen-reader-text wprm-screen-reader-text"">▢ </span></label></span><span class=""wprm-recipe-ingredient-name"">Oil</span> <span class=""wprm-recipe-ingredient-notes wprm-recipe-ingredient-notes-smaller-faded"">as needed for cooking (any neutral oil will do)</span></li>",Oil,oil,,,ok,
twoplaidaprons,https://twoplaidaprons.com/beef-bulgogi-with-vegetables/,Beef Bulgogi (Korean BBQ Beef),45.0,True,"<li class=""wprm-recipe-ingredient"" data-uid=""14"" style=""list-style-type: none;""><span class=""wprm-checkbox-container""><input aria-label="" ½ small yellow onion cut into smaller chunks"" class=""wprm-checkbox"" id=""wprm-checkbox-4"" type=""checkbox""/><label class=""wprm-checkbox-label"" for=""wprm-checkbox-4""><span class=""sr-only screen-reader-text wprm-screen-reader-text"">▢ </span></label></span><span class=""wprm-recipe-ingredient-amount"">½</span> <span class=""wprm-recipe-ingredient-unit"">small</span> <span class=""wprm-recipe-ingredient-name"">yellow onion</span> <span class=""wprm-recipe-ingredient-notes wprm-recipe-ingredient-notes-smaller-faded"">cut into smaller chunks</span></li>",yellow onion,onion,0.5,small,ok,
twoplaidaprons,https://twoplaidaprons.com/beef-bulgogi-with-vegetables/,Beef Bulgogi (Korean BBQ Beef),45.0,True,"<li class=""wprm-recipe-ingredient"" data-uid=""2"" style=""list-style-type: none;""><span class=""wprm-checkbox-container""><input aria-label="" ¼  Korean pear peeled, core removed, and cut into smaller chunks *see notes"" class=""wprm-checkbox"" id=""wprm-checkbox-5"" type=""checkbox""/><label class=""wprm-checkbox-label"" for=""wprm-checkbox-5""><span class=""sr-only screen-reader-text wprm-screen-reader-text"">▢ </span></label></span><span class=""wprm-recipe-ingredient-amount"">¼</span> <span class=""wprm-recipe-ingredient-unit""></span> <span class=""wprm-recipe-ingredient-name"">Korean pear</span> <span class=""wprm-recipe-ingredient-notes wprm-recipe-ingredient-notes-smaller-faded"">peeled, core removed, and cut into smaller chunks <em>*see notes</em></span></li>",Korean pear,korean pear,0.25,,ok,
twoplaidaprons,https://twoplaidaprons.com/beef-bulgogi-with-vegetables/,Beef Bulgogi (Korean BBQ Beef),45.0,True,"<li class=""wprm-recipe-ingredient"" data-uid=""0"" style=""list-style-type: none;""><span class=""wprm-checkbox-container""><input aria-label="" 3 tablespoons regular soy sauce"" class=""wprm-checkbox"" id=""wprm-checkbox-6"" type=""checkbox""/><label class=""wprm-checkbox-label"" for=""wprm-checkbox-6""><span class=""sr-only screen-reader-text wprm-screen-reader-text"">▢ </span></label></span><span class=""wprm-recipe-ingredient-amount"">3</span> <span class=""wprm-recipe-ingredient-unit"">tablespoons</span> <span class=""wprm-recipe-ingredient-name""><a class=""wprm-recipe-ingredient-link"" href=""https://amzn.to/4aG8YfV"" rel=""nofollow noreferrer"" target=""_blank"">regular soy sauce</a></span></li>",regular soy sauce,regular soy sauce,3.0,tablespoons,ok,
twoplaidaprons,https://twoplaidaprons.com/beef-bulgogi-with-vegetables/,Beef Bulgogi (Korean BBQ Beef),45.0,True,"<li class=""wprm-recipe-ingredient"" data-uid=""3"" style=""list-style-type: none;""><span class=""wprm-checkbox-container""><input aria-label="" 3 tablespoons brown sugar packed"" class=""wprm-checkbox"" id=""wprm-checkbox-7"" type=""checkbox""/><label class=""wprm-checkbox-label"" for=""wprm-checkbox-7""><span class=""sr-only screen-reader-text wprm-screen-reader-text"">▢ </span></label></span><span class=""wprm-recipe-ingredient-amount"">3</span> <span class=""wprm-recipe-ingredient-unit"">tablespoons</span> <span class=""wprm-recipe-ingredient-name""><a class=""wprm-recipe-ingredient-link"" href=""https://amzn.to/3fo9Ut0"" rel=""nofollow noreferrer"" target=""_blank"">brown sugar</a></span> <span class=""wprm-recipe-ingredient-notes wprm-recipe-ingredient-notes-smaller-faded"">packed</span></li>",brown sugar,brown sugar,3.0,tablespoons,ok,
twoplaidaprons,https://twoplaidaprons.com/beef-bulgogi-with-vegetables/,Beef Bulgogi (Korean BBQ Beef),45.0,True,"<li class=""wprm-recipe-ingredient"" data-uid=""4"" style=""list-style-type: none;""><span class=""wprm-checkbox-container""><input aria-label="" 1 tablespoon toasted sesame oil"" class=""wprm-checkbox"" id=""wprm-checkbox-8"" type=""checkbox""/><label class=""wprm-checkbox-label"" for=""wprm-checkbox-8""><span class=""sr-only screen-reader-text wprm-screen-reader-text"">▢ </span></label></span><span class=""wprm-recipe-ingredient-amount"">1</span> <span class=""wprm-recipe-ingredient-unit"">tablespoon</span> <span class=""wprm-recipe-ingredient-name""><a class=""wprm-recipe-ingredient-link"" href=""https://amzn.to/2TeNpL8"" rel=""nofollow noreferrer"" target=""_blank"">toasted sesame oil</a></span></li>",toasted sesame oil,toasted sesame oil,1.0,tablespoon,ok,
twoplaidaprons,https://twoplaidaprons.com/beef-bulgogi-with-vegetables/,Beef Bulgogi (Korean BBQ Beef),45.0,True,"<li class=""wprm-recipe-ingredient"" data-uid=""5"" style=""list-style-type: none;""><span class=""wprm-checkbox-container""><input aria-label="" 2 cloves garlic"" class=""wprm-checkbox"" id=""wprm-checkbox-9"" type=""checkbox""/><label class=""wprm-checkbox-label"" for=""wprm-checkbox-9""><span class=""sr-only screen-reader-text wprm-screen-reader-text"">▢ </span></label></span><span class=""wprm-recipe-ingredient-amount"">2</span> <span class=""wprm-recipe-ingredient-unit"">cloves</span> <span class=""wprm-recipe-ingredient-name"">garlic</span></li>",garlic,garlic,2.0,cloves,ok,
twoplaidaprons,https://twoplaidaprons.com/beef-bulgogi-with-vegetables/,Beef Bulgogi (Korean BBQ Beef),45.0,True,"<li class=""wprm-recipe-ingredient"" data-uid=""10"" style=""list-style-type: none;""><span class=""wprm-checkbox-container""><input aria-label="" ½ inch ginger peeled and cut into smaller pieces"" class=""wprm-checkbox"" id=""wprm-checkbox-10"" type=""checkbox""/><label class=""wprm-checkbox-label"" for=""wprm-checkbox-10""><span class=""sr-only screen-reader-text wprm-screen-reader-text"">▢ </span></label></span><span class=""wprm-recipe-ingredient-amount"">½</span> <span class=""wprm-recipe-ingredient-unit"">inch</span> <span class=""wprm-recipe-ingredient-name"">ginger</span> <span class=""wprm-recipe-ingredient-notes wprm-recipe-ingredient-notes-smaller-faded"">peeled and cut into smaller pieces</span></li>",ginger,ginger,0.5,inch,ok,
twoplaidaprons,https://twoplaidaprons.com/beef-bulgogi-with-vegetables/,Beef Bulgogi (Korean BBQ Beef),45.0,True,"<li class=""wprm-recipe-ingredient"" data-uid=""6"" style=""list-style-type: none;""><span class=""wprm-checkbox-container""><input aria-label="" ¼ teaspoon black pepper"" class=""wprm-checkbox"" id=""wprm-checkbox-11"" type=""checkbox""/><label class=""wprm-checkbox-label"" for=""wprm-checkbox-11""><span class=""sr-only screen-reader-text wprm-screen-reader-text"">▢ </span></label></span><span class=""wprm-recipe-ingredient-amount"">¼</span> <span class=""wprm-recipe-ingredient-unit"">teaspoon</span> <span class=""wprm-recipe-ingredient-name"">black pepper</span></li>",black pepper,black pepper,0.25,teaspoon,ok,
twoplaidaprons,https://twoplaidaprons.com/beef-wellington/,Beef Wellington,195.0,True,"<li class=""wprm-recipe-ingredient"" data-uid=""0"" style=""list-style-type: none;""><span class=""wprm-checkbox-container""><input aria-label="" 3 pounds beef tenderloin center cut trimmed and silverskin removed"" class=""wprm-checkbox"" id=""wprm-checkbox-0"" type=""checkbox""/><label class=""wprm-checkbox-label"" for=""wprm-checkbox-0""><span class=""sr-only screen-reader-text wprm-screen-reader-text"">▢ </span></label></span><span class=""wprm-recipe-ingredient-amount"">3</span> <span class=""wprm-recipe-ingredient-unit"">pounds</span> <span class=""wprm-recipe-ingredient-name"">beef tenderloin center cut</span> <span class=""wprm-recipe-ingredient-notes wprm-recipe-ingredient-notes-smaller-faded"">trimmed and silverskin removed</span></li>",beef tenderloin center cut,beef tenderloin center cut,3.0,pounds,ok,
twoplaidaprons,https://twoplaidaprons.com/beef-wellington/,Beef Wellington,195.0,True,"<li class=""wprm-recipe-ingredient"" data-uid=""2"" style=""list-style-type: none;""><span class=""wprm-checkbox-container""><input aria-label="" 2 tablespoons dijon mustard or yellow mustard"" class=""wprm-checkbox"" id=""wprm-checkbox-1"" type=""checkbox""/><label class=""wprm-checkbox-label"" for=""wprm-checkbox-1""><span class=""sr-only screen-reader-text wprm-screen-reader-text"">▢ </span></label></span><span class=""wprm-recipe-ingredient-amount"">2</span> <span class=""wprm-recipe-ingredient-unit"">tablespoons</span> <span class=""wprm-recipe-ingredient-name""><a class=""wprm-recipe-ingredient-link"" href=""https://amzn.to/3Dt5JuC"" rel=""nofollow noreferrer"" target=""_blank"">dijon mustard</a></span> <span class=""wprm-recipe-ingredient-notes wprm-recipe-ingredient-notes-smaller-faded"">or yellow mustard</span></li>",dijon mustard,dijon mustard,2.0,tablespoons,ok,
twoplaidaprons,https://twoplaidaprons.com/beef-wellington/,Beef Wellington,195.0,True,"<li class=""wprm-recipe-ingredient"" data-uid=""3"" style=""list-style-type: none;""><span class=""wprm-checkbox-container""><input aria-label="" 1 tablespoon Kosher salt or as needed for seasoning"" class=""wprm-checkbox"" id=""wprm-checkbox-2"" type=""checkbox""/><label class=""wprm-checkbox-label"" for=""wprm-checkbox-2""><span class=""sr-only screen-reader-text wprm-screen-reader-text"">▢ </span></label></span><span class=""wprm-recipe-ingredient-amount"">1</span> <span class=""wprm-recipe-ingredient-unit"">tablespoon</span> <span class=""wprm-recipe-ingredient-name""><a class=""wprm-recipe-ingredient-link"" href=""https://amzn.to/3cjL1LU"" rel=""nofollow noreferrer"" target=""_blank"">Kosher salt</a></span> <span class=""wprm-recipe-ingredient-notes wprm-recipe-ingredient-notes-smaller-faded"">or as needed for seasoning</span></li>",Kosher salt,salt,1.0,tablespoon,ok,
twoplaidaprons,https://twoplaidaprons.com/beef-wellington/,Beef Wellington,195.0,True,"<li class=""wprm-recipe-ingredient"" data-uid=""4"" style=""list-style-type: none;""><span class=""wprm-checkbox-container""><input aria-label="" 1 tablespoon oil"" class=""wprm-checkbox"" id=""wprm-checkbox-3"" type=""checkbox""/><label class=""wprm-checkbox-label"" for=""wprm-checkbox-3""><span class=""sr-only screen-reader-text wprm-screen-reader-text"">▢ </span></label></span><span class=""wprm-recipe-ingredient-amount"">1</span> <span class=""wprm-recipe-ingredient-unit"">tablespoon</span> <span class=""wprm-recipe-ingredient-name"">oil</span></li>",oil,oil,1.0,tablespoon,ok,
twoplaidaprons,https://twoplaidaprons.com/beef-wellington/,Beef Wellington,195.0,True,"<li class=""wprm-recipe-ingredient"" data-uid=""6"" style=""list-style-type: none;""><span class=""wprm-checkbox-container""><input aria-label="" 48 ounces baby portobello mushrooms"" class=""wprm-checkbox"" id=""wprm-checkbox-4"" type=""checkbox""/><label class=""wprm-checkbox-label"" for=""wprm-checkbox-4""><span class=""sr-only screen-reader-text wprm-screen-reader-text"">▢ </span></label></span><span class=""wprm-recipe-ingredient-amount"">48</span> <span class=""wprm-recipe-ingredient-unit"">ounces</span> <span class=""wprm-recipe-ingredient-name"">baby portobello mushrooms</span></li>",baby portobello mushrooms,baby portobello mushrooms,48.0,ounces,ok,
twoplaidaprons,https://twoplaidaprons.com/beef-wellington/,Beef Wellington,195.0,True,"<li class=""wprm-recipe-ingredient"" data-uid=""7"" style=""list-style-type: none;""><span class=""wprm-checkbox-container""><input aria-label="" 7 ounces shallot finely chopped (about 3 large shallots per 7oz)"" class=""wprm-checkbox"" id=""wprm-checkbox-5"" type=""checkbox""/><label class=""wprm-checkbox-label"" for=""wprm-checkbox-5""><span class=""sr-only screen-reader-text wprm-screen-reader-text"">▢ </span></label></span><span class=""wprm-recipe-ingredient-amount"">7</span> <span class=""wprm-recipe-ingredient-unit"">ounces</span> <span class=""wprm-recipe-ingredient-name"">shallot</span> <span class=""wprm-recipe-ingredient-notes wprm-recipe-ingredient-notes-smaller-faded"">finely chopped (about 3 large shallots per 7oz)</span></li>",shallot,shallot,7.0,ounces,ok,
twoplaidaprons,https://twoplaidaprons.com/beef-wellington/,Beef Wellington,195.0,True,"<li class=""wprm-recipe-ingredient"" data-uid=""9"" style=""list-style-type: none;""><span class=""wprm-checkbox-container""><input aria-label="" 1 teaspoon fresh thyme leaves"" class=""wprm-checkbox"" id=""wprm-checkbox-6"" type=""checkbox""/><label class=""wprm-checkbox-label"" for=""wprm-checkbox-6""><span class=""sr-only screen-reader-text wprm-screen-reader-text"">▢ </span></label></span><span class=""wprm-recipe-ingredient-amount"">1</span> <span class=""wprm-recipe-ingredient-unit"">teaspoon</span> <span class=""wprm-recipe-ingredient-name"">fresh thyme leaves</span></li>",fresh thyme leaves,thyme leaves,1.0,teaspoon,ok,
twoplaidaprons,https://twoplaidaprons.com/beef-wellington/,Beef Wellington,195.0,True,"<li class=""wprm-recipe-ingredient"" data-uid=""8"" style=""list-style-type: none;""><span class=""wprm-checkbox-container""><input aria-label="" ½ teaspoon Kosher salt"" class=""wprm-checkbox"" id=""wprm-checkbox-7"" type=""checkbox""/><label class=""wprm-checkbox-label"" for=""wprm-checkbox-7""><span class=""sr-only screen-reader-text wprm-screen-reader-text"">▢ </span></label></span><span class=""wprm-recipe-ingredient-amount"">½</span> <span class=""wprm-recipe-ingredient-unit"">teaspoon</span> <span class=""wprm-recipe-ingredient-name""><a class=""wprm-recipe-ingredient-link"" href=""https://amzn.to/3cjL1LU"" rel=""nofollow noreferrer"" target=""_blank"">Kosher salt</a></span></li>",Kosher salt,salt,0.5,teaspoon,ok,
twoplaidaprons,https://twoplaidaprons.com/beef-wellington/,Beef Wellington,195.0,True,"<li class=""wprm-recipe-ingredient"" data-uid=""10"" style=""list-style-type: none;""><span class=""wprm-checkbox-container""><input aria-label="" ¼ teaspoon cracked black pepper"" class=""wprm-checkbox"" id=""wprm-checkbox-8"" type=""checkbox""/><label class=""wprm-checkbox-label"" for=""wprm-checkbox-8""><span class=""sr-only screen-reader-text wprm-screen-reader-text"">▢ </span></label></span><span class=""wprm-recipe-ingredient-amount"">¼</span> <span class=""wprm-recipe-ingredient-unit"">teaspoon</span> <span class=""wprm-recipe-ingredient-name"">cracked black pepper</span></li>",cracked black pepper,cracked black pepper,0.25,teaspoon,ok,
twoplaidaprons,https://twoplaidaprons.com/beef-wellington/,Beef Wellington,195.0,True,"<li class=""wprm-recipe-ingredient"" data-uid=""11"" style=""list-style-type: none;""><span class=""wprm-checkbox-container""><input aria-label="" 4 tablespoons unsalted butter"" class=""wprm-checkbox"" id=""wprm-checkbox-9"" type=""checkbox""/><label class=""wprm-checkbox-label"" for=""wprm-checkbox-9""><span class=""sr-only screen-reader-text wprm-screen-reader-text"">▢ </span></label></span><span class=""wprm-recipe-ingredient-amount"">4</span> <span class=""wprm-recipe-ingredient-unit"">tablespoons</span> <span class=""wprm-recipe-ingredient-name"">unsalted butter</span></li>",unsalted butter,unsalted butter,4.0,tablespoons,ok,
twoplaidaprons,https://twoplaidaprons.com/beef-wellington/,Beef Wellington,195.0,True,"<li class=""wprm-recipe-ingredient"" data-uid=""13"" style=""list-style-type: none;""><span class=""wprm-checkbox-container""><input aria-label="" 1 box puff pastry sheets defrosted (17.3oz/490g per box)"" class=""wprm-checkbox"" id=""wprm-checkbox-10"" type=""checkbox""/><label class=""wprm-checkbox-label"" for=""wprm-checkbox-10""><span class=""sr-only screen-reader-text wprm-screen-reader-text"">▢ </span></label></span><span class=""wprm-recipe-ingredient-amount"">1</span> <span class=""wprm-recipe-ingredient-unit"">box</span> <span class=""wprm-recipe-ingredient-name"">puff pastry sheets</span> <span class=""wprm-recipe-ingredient-notes wprm-recipe-ingredient-notes-smaller-faded"">defrosted (17.3oz/490g per box)</span></li>",puff pastry sheets,puff pastry sheets,1.0,box,ok,
twoplaidaprons,https://twoplaidaprons.com/beef-wellington/,Beef Wellington,195.0,True,"<li class=""wprm-recipe-ingredient"" data-uid=""14"" style=""list-style-type: none;""><span class=""wprm-checkbox-container""><input aria-label="" 2 large egg yolk"" class=""wprm-checkbox"" id=""wprm-checkbox-11"" type=""checkbox""/><label class=""wprm-checkbox-label"" for=""wprm-checkbox-11""><span class=""sr-only screen-reader-text wprm-screen-reader-text"">▢ </span></label></span><span class=""wprm-recipe-ingredient-amount"">2</span> <span class=""wprm-recipe-ingredient-unit"">large</span> <span class=""wprm-recipe-ingredient-name"">egg yolk</span></li>",egg yolk,egg yolk,2.0,large,ok,
twoplaidaprons,https://twoplaidaprons.com/beef-wellington/,Beef Wellington,195.0,True,"<li class=""wprm-recipe-ingredient"" data-uid=""15"" style=""list-style-type: none;""><span class=""wprm-checkbox-container""><input aria-label="" 1 tablespoon milk or water"" class=""wprm-checkbox"" id=""wprm-checkbox-12"" type=""checkbox""/><label class=""wprm-checkbox-label"" for=""wprm-checkbox-12""><span class=""sr-only screen-reader-text wprm-screen-reader-text"">▢ </span></label></span><span class=""wprm-recipe-ingredient-amount"">1</span> <span class=""wprm-recipe-ingredient-unit"">tablespoon</span> <span class=""wprm-recipe-ingredient-name"">milk</span> <span class=""wprm-recipe-ingredient-notes wprm-recipe-ingredient-notes-smaller-faded"">or water</span></li>",milk,milk,1.0,tablespoon,ok,
twoplaidaprons,https://twoplaidaprons.com/beef-wellington/,Beef Wellington,195.0,True,"<li class=""wprm-recipe-ingredient"" data-uid=""17"" style=""list-style-type: none;""><span class=""wprm-checkbox-container""><input aria-label="" 2 bunches spinach stems cut and discard *see notes"" class=""wprm-checkbox"" id=""wprm-checkbox-13"" type=""checkbox""/><label class=""wprm-checkbox-label"" for=""wprm-checkbox-13""><span class=""sr-only screen-reader-text wprm-screen-reader-text"">▢ </span></label></span><span class=""wprm-recipe-ingredient-amount"">2</span> <span class=""wprm-recipe-ingredient-unit"">bunches</span> <span class=""wprm-recipe-ingredient-name"">spinach</span> <span class=""wprm-recipe-ingredient-notes wprm-recipe-ingredient-notes-smaller-faded"">stems cut and discard<em> *see notes</em></span></li>",spinach,spinach,2.0,bunches,ok,
twoplaidaprons,https://twoplaidaprons.com/beef-wellington/,Beef Wellington,195.0,True,"<li class=""wprm-recipe-ingredient"" data-uid=""18"" style=""list-style-type: none;""><span class=""wprm-checkbox-container""><input aria-label="" 6 ounces sliced prosciutto or parma ham"" class=""wprm-checkbox"" id=""wprm-checkbox-14"" type=""checkbox""/><label class=""wprm-checkbox-label"" for=""wprm-checkbox-14""><span class=""sr-only screen-reader-text wprm-screen-reader-text"">▢ </span></label></span><span class=""wprm-recipe-ingredient-amount"">6</span> <span class=""wprm-recipe-ingredient-unit"">ounces</span> <span class=""wprm-recipe-ingredient-name"">sliced prosciutto</span> <span class=""wprm-recipe-ingredient-notes wprm-recipe-ingredient-notes-smaller-faded"">or parma ham</span></li>",sliced prosciutto,sliced prosciutto,6.0,ounces,ok,
twoplaidaprons,https://twoplaidaprons.com/beef-with-mixed-vegetable-stir-fry/,,,,,,,,,error,"1 validation error for IngredientData
quantity
  Input should be a valid number, unable to parse string as a number [type=float_parsing, input_value='¾', input_type=str]
    For further information visit https://errors.pydantic.dev/2.13/v/float_parsing"
twoplaidaprons,https://twoplaidaprons.com/best-cinnamon-rolls/,,,,,,,,,error,"1 validation error for IngredientData
quantity
  Input should be a valid number, unable to parse string as a number [type=float_parsing, input_value='¾', input_type=str]
    For further information visit https://errors.pydantic.dev/2.13/v/float_parsing"
twoplaidaprons,https://twoplaidaprons.com/best-homemade-pita-bread/,,,,,,,,,error,"1 validation error for IngredientData
quantity
  Input should be a valid number, unable to parse string as a number [type=float_parsing, input_value='¾', input_type=str]
    For further information visit https://errors.pydantic.dev/2.13/v/float_parsing"
twoplaidaprons,https://twoplaidaprons.com/biang-biang-noodles/,,,,,,,,,error,"1 validation error for IngredientData
quantity
  Input should be a valid number, unable to parse string as a number [type=float_parsing, input_value='2½', input_type=str]
    For further information visit https://errors.pydantic.dev/2.13/v/float_parsing"
twoplaidaprons,https://twoplaidaprons.com/bibim-guksu-korean-spicy-mixed-noodles/,,,,,,,,,error,"1 validation error for IngredientData
quantity
  Input should be a valid number, unable to parse string as a number [type=float_parsing, input_value='⅙', input_type=str]
    For further information visit https://errors.pydantic.dev/2.13/v/float_parsing"
twoplaidaprons,https://twoplaidaprons.com/bihun-goreng/,Bihun Goreng (Stir Fried Rice Noodles),20.0,True,"<li class=""wprm-recipe-ingredient"" data-uid=""0"" style=""list-style-type: none;""><span class=""wprm-checkbox-container""><input aria-label="" 3.5 ounces thin rice noodle (also known as rice vermicelli)"" class=""wprm-checkbox"" id=""wprm-checkbox-0"" type=""checkbox""/><label class=""wprm-checkbox-label"" for=""wprm-checkbox-0""><span class=""sr-only screen-reader-text wprm-screen-reader-text"">▢ </span></label></span><span class=""wprm-recipe-ingredient-amount"">3.5</span> <span class=""wprm-recipe-ingredient-unit"">ounces</span> <span class=""wprm-recipe-ingredient-name""><a class=""wprm-recipe-ingredient-link"" href=""https://amzn.to/3MFOXrH"" rel=""nofollow noreferrer"" target=""_blank"">thin rice noodle</a></span> <span class=""wprm-recipe-ingredient-notes wprm-recipe-ingredient-notes-smaller-faded"">(also known as rice vermicelli)</span></li>",thin rice noodle,thin rice noodle,3.5,ounces,ok,
twoplaidaprons,https://twoplaidaprons.com/bihun-goreng/,Bihun Goreng (Stir Fried Rice Noodles),20.0,True,"<li class=""wprm-recipe-ingredient"" data-uid=""1"" style=""list-style-type: none;""><span class=""wprm-checkbox-container""><input aria-label="" 8 ounces shrimps peeled and deveined"" class=""wprm-checkbox"" id=""wprm-checkbox-1"" type=""checkbox""/><label class=""wprm-checkbox-label"" for=""wprm-checkbox-1""><span class=""sr-only screen-reader-text wprm-screen-reader-text"">▢ </span></label></span><span class=""wprm-recipe-ingredient-amount"">8</span> <span class=""wprm-recipe-ingredient-unit"">ounces</span> <span class=""wprm-recipe-ingredient-name"">shrimps</span> <span class=""wprm-recipe-ingredient-notes wprm-recipe-ingredient-notes-smaller-faded"">peeled and deveined</span></li>",shrimps,shrimps,8.0,ounces,ok,
twoplaidaprons,https://twoplaidaprons.com/bihun-goreng/,Bihun Goreng (Stir Fried Rice Noodles),20.0,True,"<li class=""wprm-recipe-ingredient"" data-uid=""3"" style=""list-style-type: none;""><span class=""wprm-checkbox-container""><input aria-label="" 8 ounces mung bean sprouts"" class=""wprm-checkbox"" id=""wprm-checkbox-2"" type=""checkbox""/><label class=""wprm-checkbox-label"" for=""wprm-checkbox-2""><span class=""sr-only screen-reader-text wprm-screen-reader-text"">▢ </span></label></span><span class=""wprm-recipe-ingredient-amount"">8</span> <span class=""wprm-recipe-ingredient-unit"">ounces</span> <span class=""wprm-recipe-ingredient-name"">mung bean sprouts</span></li>",mung bean sprouts,mung bean sprouts,8.0,ounces,ok,
twoplaidaprons,https://twoplaidaprons.com/bihun-goreng/,Bihun Goreng (Stir Fried Rice Noodles),20.0,True,"<li class=""wprm-recipe-ingredient"" data-uid=""4"" style=""list-style-type: none;""><span class=""wprm-checkbox-container""><input aria-label="" 3.5 ounces green cabbage cut into bite size pieces"" class=""wprm-checkbox"" id=""wprm-checkbox-3"" type=""checkbox""/><label class=""wprm-checkbox-label"" for=""wprm-checkbox-3""><span class=""sr-only screen-reader-text wprm-screen-reader-text"">▢ </span></label></span><span class=""wprm-recipe-ingredient-amount"">3.5</span> <span class=""wprm-recipe-ingredient-unit"">ounces</span> <span class=""wprm-recipe-ingredient-name"">green cabbage</span> <span class=""wprm-recipe-ingredient-notes wprm-recipe-ingredient-notes-smaller-faded"">cut into bite size pieces</span></li>",green cabbage,green cabbage,3.5,ounces,ok,
twoplaidaprons,https://twoplaidaprons.com/bihun-goreng/,Bihun Goreng (Stir Fried Rice Noodles),20.0,True,"<li class=""wprm-recipe-ingredient"" data-uid=""5"" style=""list-style-type: none;""><span class=""wprm-checkbox-container""><input aria-label="" 1 stalk green onion cut into 1 inch pieces"" class=""wprm-checkbox"" id=""wprm-checkbox-4"" type=""checkbox""/><label class=""wprm-checkbox-label"" for=""wprm-checkbox-4""><span class=""sr-only screen-reader-text wprm-screen-reader-text"">▢ </span></label></span><span class=""wprm-recipe-ingredient-amount"">1</span> <span class=""wprm-recipe-ingredient-unit"">stalk</span> <span class=""wprm-recipe-ingredient-name"">green onion</span> <span class=""wprm-recipe-ingredient-notes wprm-recipe-ingredient-notes-smaller-faded"">cut into 1 inch pieces</span></li>",green onion,green onion,1.0,stalk,ok,
twoplaidaprons,https://twoplaidaprons.com/bihun-goreng/,Bihun Goreng (Stir Fried Rice Noodles),20.0,True,"<li class=""wprm-recipe-ingredient"" data-uid=""2"" style=""list-style-type: none;""><span class=""wprm-checkbox-container""><input aria-label="" 2 large eggs beaten (optional)"" class=""wprm-checkbox"" id=""wprm-checkbox-5"" type=""checkbox""/><label class=""wprm-checkbox-label"" for=""wprm-checkbox-5""><span class=""sr-only screen-reader-text wprm-screen-reader-text"">▢ </span></label></span><span class=""wprm-recipe-ingredient-amount"">2</span> <span class=""wprm-recipe-ingredient-unit"">large</span> <span class=""wprm-recipe-ingredient-name"">eggs</span> <span class=""wprm-recipe-ingredient-notes wprm-recipe-ingredient-notes-smaller-faded"">beaten (optional)</span></li>",eggs,eggs,2.0,large,ok,
twoplaidaprons,https://twoplaidaprons.com/bihun-goreng/,Bihun Goreng (Stir Fried Rice Noodles),20.0,True,"<li class=""wprm-recipe-ingredient"" data-uid=""6"" style=""list-style-type: none;""><span class=""wprm-checkbox-container""><input aria-label="" 1 medium shallot peeled and roughly chopped"" class=""wprm-checkbox"" id=""wprm-checkbox-6"" type=""checkbox""/><label class=""wprm-checkbox-label"" for=""wprm-checkbox-6""><span class=""sr-only screen-reader-text wprm-screen-reader-text"">▢ </span></label></span><span class=""wprm-recipe-ingredient-amount"">1</span> <span class=""wprm-recipe-ingredient-unit"">medium</span> <span class=""wprm-recipe-ingredient-name"">shallot</span> <span class=""wprm-recipe-ingredient-notes wprm-recipe-ingredient-notes-smaller-faded"">peeled and roughly chopped</span></li>",shallot,shallot,1.0,medium,ok,
twoplaidaprons,https://twoplaidaprons.com/bihun-goreng/,Bihun Goreng (Stir Fried Rice Noodles),20.0,True,"<li class=""wprm-recipe-ingredient"" data-uid=""7"" style=""list-style-type: none;""><span class=""wprm-checkbox-container""><input aria-label="" 2 cloves garlic roughly cut"" class=""wprm-checkbox"" id=""wprm-checkbox-7"" type=""checkbox""/><label class=""wprm-checkbox-label"" for=""wprm-checkbox-7""><span class=""sr-only screen-reader-text wprm-screen-reader-text"">▢ </span></label></span><span class=""wprm-recipe-ingredient-amount"">2</span> <span class=""wprm-recipe-ingredient-unit"">cloves</span> <span class=""wprm-recipe-ingredient-name"">garlic</span> <span class=""wprm-recipe-ingredient-notes wprm-recipe-ingredient-notes-smaller-faded"">roughly cut</span></li>",garlic,garlic,2.0,cloves,ok,
twoplaidaprons,https://twoplaidaprons.com/bihun-goreng/,Bihun Goreng (Stir Fried Rice Noodles),20.0,True,"<li class=""wprm-recipe-ingredient"" data-uid=""8"" style=""list-style-type: none;""><span class=""wprm-checkbox-container""><input aria-label="" 3 tablespoons oil or as needed for cooking"" class=""wprm-checkbox"" id=""wprm-checkbox-8"" type=""checkbox""/><label class=""wprm-checkbox-label"" for=""wprm-checkbox-8""><span class=""sr-only screen-reader-text wprm-screen-reader-text"">▢ </span></label></span><span class=""wprm-recipe-ingredient-amount"">3</span> <span class=""wprm-recipe-ingredient-unit"">tablespoons</span> <span class=""wprm-recipe-ingredient-name"">oil</span> <span class=""wprm-recipe-ingredient-notes wprm-recipe-ingredient-notes-smaller-faded"">or as needed for cooking</span></li>",oil,oil,3.0,tablespoons,ok,
twoplaidaprons,https://twoplaidaprons.com/bihun-goreng/,Bihun Goreng (Stir Fried Rice Noodles),20.0,True,"<li class=""wprm-recipe-ingredient"" data-uid=""13"" style=""list-style-type: none;""><span class=""wprm-checkbox-container""><input aria-label="" 3 tablespoons water"" class=""wprm-checkbox"" id=""wprm-checkbox-9"" type=""checkbox""/><label class=""wprm-checkbox-label"" for=""wprm-checkbox-9""><span class=""sr-only screen-reader-text wprm-screen-reader-text"">▢ </span></label></span><span class=""wprm-recipe-ingredient-amount"">3</span> <span class=""wprm-recipe-ingredient-unit"">tablespoons</span> <span class=""wprm-recipe-ingredient-name"">water</span></li>",water,water,3.0,tablespoons,ok,
twoplaidaprons,https://twoplaidaprons.com/bihun-goreng/,Bihun Goreng (Stir Fried Rice Noodles),20.0,True,"<li class=""wprm-recipe-ingredient"" data-uid=""9"" style=""list-style-type: none;""><span class=""wprm-checkbox-container""><input aria-label="" 3 tablespoons chili sauce"" class=""wprm-checkbox"" id=""wprm-checkbox-10"" type=""checkbox""/><label class=""wprm-checkbox-label"" for=""wprm-checkbox-10""><span class=""sr-only screen-reader-text wprm-screen-reader-text"">▢ </span></label></span><span class=""wprm-recipe-ingredient-amount"">3</span> <span class=""wprm-recipe-ingredient-unit"">tablespoons</span> <span class=""wprm-recipe-ingredient-name""><a class=""wprm-recipe-ingredient-link"" href=""https://amzn.to/3D0kimW"" rel=""nofollow noreferrer"" target=""_blank"">chili sauce</a></span></li>",chili sauce,chili sauce,3.0,tablespoons,ok,
twoplaidaprons,https://twoplaidaprons.com/bihun-goreng/,Bihun Goreng (Stir Fried Rice Noodles),20.0,True,"<li class=""wprm-recipe-ingredient"" data-uid=""10"" style=""list-style-type: none;""><span class=""wprm-checkbox-container""><input aria-label="" 3 tablespoons oyster sauce"" class=""wprm-checkbox"" id=""wprm-checkbox-11"" type=""checkbox""/><label class=""wprm-checkbox-label"" for=""wprm-checkbox-11""><span class=""sr-only screen-reader-text wprm-screen-reader-text"">▢ </span></label></span><span class=""wprm-recipe-ingredient-amount"">3</span> <span class=""wprm-recipe-ingredient-unit"">tablespoons</span> <span class=""wprm-recipe-ingredient-name""><a class=""wprm-recipe-ingredient-link"" href=""https://amzn.to/41eI7kh"" rel=""nofollow noreferrer"" target=""_blank"">oyster sauce</a></span></li>",oyster sauce,oyster sauce,3.0,tablespoons,ok,
twoplaidaprons,https://twoplaidaprons.com/bihun-goreng/,Bihun Goreng (Stir Fried Rice Noodles),20.0,True,"<li class=""wprm-recipe-ingredient"" data-uid=""11"" style=""list-style-type: none;""><span class=""wprm-checkbox-container""><input aria-label="" 1½ tablespoons kecap manis sweet soy sauce"" class=""wprm-checkbox"" id=""wprm-checkbox-12"" type=""checkbox""/><label class=""wprm-checkbox-label"" for=""wprm-checkbox-12""><span class=""sr-only screen-reader-text wprm-screen-reader-text"">▢ </span></label></span><span class=""wprm-recipe-ingredient-amount"">1½</span> <span class=""wprm-recipe-ingredient-unit"">tablespoons</span> <span class=""wprm-recipe-ingredient-name""><a class=""wprm-recipe-ingredient-link"" href=""https://amzn.to/3CAKwe2"" rel=""nofollow noreferrer"" target=""_blank"">kecap manis</a></span> <span class=""wprm-recipe-ingredient-notes wprm-recipe-ingredient-notes-smaller-faded"">sweet soy sauce</span></li>",kecap manis,kecap manis,1.5,tablespoons,ok,
twoplaidaprons,https://twoplaidaprons.com/bihun-goreng/,Bihun Goreng (Stir Fried Rice Noodles),20.0,True,"<li class=""wprm-recipe-ingredient"" data-uid=""12"" style=""list-style-type: none;""><span class=""wprm-checkbox-container""><input aria-label="" White pepper a generous pinch or to your preference"" class=""wprm-checkbox"" id=""wprm-checkbox-13"" type=""checkbox""/><label class=""wprm-checkbox-label"" for=""wprm-checkbox-13""><span class=""sr-only screen-reader-text wprm-screen-reader-text"">▢ </span></label></span><span class=""wprm-recipe-ingredient-name"">White pepper</span> <span class=""wprm-recipe-ingredient-notes wprm-recipe-ingredient-notes-smaller-faded"">a generous pinch or to your preference</span></li>",White pepper,pepper,,,ok,
twoplaidaprons,https://twoplaidaprons.com/bingsu-korean-shaved-ice/,Bingsu (Korean Shaved Ice),5.0,True,"<li class=""wprm-recipe-ingredient"" data-uid=""0"" style=""list-style-type: none;""><span class=""wprm-checkbox-container""><input aria-label="" 2 cups milk preferably low fat"" class=""wprm-checkbox"" id=""wprm-checkbox-0"" type=""checkbox""/><label class=""wprm-checkbox-label"" for=""wprm-checkbox-0""><span class=""sr-only screen-reader-text wprm-screen-reader-text"">▢ </span></label></span><span class=""wprm-recipe-ingredient-amount"">2</span> <span class=""wprm-recipe-ingredient-unit"">cups</span> <span class=""wprm-recipe-ingredient-name"">milk</span> <span class=""wprm-recipe-ingredient-notes wprm-recipe-ingredient-notes-smaller-faded"">preferably low fat</span></li>",milk,milk,2.0,cups,ok,
twoplaidaprons,https://twoplaidaprons.com/bingsu-korean-shaved-ice/,Bingsu (Korean Shaved Ice),5.0,True,"<li class=""wprm-recipe-ingredient"" data-uid=""2"" style=""list-style-type: none;""><span class=""wprm-checkbox-container""><input aria-label="" 2 cups cold water"" class=""wprm-checkbox"" id=""wprm-checkbox-1"" type=""checkbox""/><label class=""wprm-checkbox-label"" for=""wprm-checkbox-1""><span class=""sr-only screen-reader-text wprm-screen-reader-text"">▢ </span></label></span><span class=""wprm-recipe-ingredient-amount"">2</span> <span class=""wprm-recipe-ingredient-unit"">cups</span> <span class=""wprm-recipe-ingredient-name"">cold water</span></li>",cold water,cold water,2.0,cups,ok,
twoplaidaprons,https://twoplaidaprons.com/bingsu-korean-shaved-ice/,Bingsu (Korean Shaved Ice),5.0,True,"<li class=""wprm-recipe-ingredient"" data-uid=""3"" style=""list-style-type: none;""><span class=""wprm-checkbox-container""><input aria-label="" 2 tablespoons sweetened condensed milk"" class=""wprm-checkbox"" id=""wprm-checkbox-2"" type=""checkbox""/><label class=""wprm-checkbox-label"" for=""wprm-checkbox-2""><span class=""sr-only screen-reader-text wprm-screen-reader-text"">▢ </span></label></span><span class=""wprm-recipe-ingredient-amount"">2</span> <span class=""wprm-recipe-ingredient-unit"">tablespoons</span> <span class=""wprm-recipe-ingredient-name""><a class=""wprm-recipe-ingredient-link"" href=""https://amzn.to/31wcR3P"" rel=""nofollow noreferrer"" target=""_blank"">sweetened condensed milk</a></span></li>",sweetened condensed milk,sweetened condensed milk,2.0,tablespoons,ok,
twoplaidaprons,https://twoplaidaprons.com/bingsu-korean-shaved-ice/,Bingsu (Korean Shaved Ice),5.0,True,"<li class=""wprm-recipe-ingredient"" data-uid=""10"" style=""list-style-type: none;""><span class=""wprm-checkbox-container""><input aria-label="" sweetened condensed milk"" class=""wprm-checkbox"" id=""wprm-checkbox-3"" type=""checkbox""/><label class=""wprm-checkbox-label"" for=""wprm-checkbox-3""><span class=""sr-only screen-reader-text wprm-screen-reader-text"">▢ </span></label></span><span class=""wprm-recipe-ingredient-name""><a class=""wprm-recipe-ingredient-link"" href=""https://amzn.to/31wcR3P"" rel=""nofollow noreferrer"" target=""_blank"">sweetened condensed milk</a></span></li>",sweetened condensed milk,sweetened condensed milk,,,ok,
twoplaidaprons,https://twoplaidaprons.com/bingsu-korean-shaved-ice/,Bingsu (Korean Shaved Ice),5.0,True,"<li class=""wprm-recipe-ingredient"" data-uid=""5"" style=""list-style-type: none;""><span class=""wprm-checkbox-container""><input aria-label="" Fruits  chopped or sliced, like strawberries, mango, and melons"" class=""wprm-checkbox"" id=""wprm-checkbox-4"" type=""checkbox""/><label class=""wprm-checkbox-label"" for=""wprm-checkbox-4""><span class=""sr-only screen-reader-text wprm-screen-reader-text"">▢ </span></label></span><span class=""wprm-recipe-ingredient-name"">Fruits</span> <span class=""wprm-recipe-ingredient-notes wprm-recipe-ingredient-notes-smaller-faded""> chopped or sliced, like strawberries, mango, and melons</span></li>",Fruits,fruits,,,ok,
twoplaidaprons,https://twoplaidaprons.com/bingsu-korean-shaved-ice/,Bingsu (Korean Shaved Ice),5.0,True,"<li class=""wprm-recipe-ingredient"" data-uid=""6"" style=""list-style-type: none;""><span class=""wprm-checkbox-container""><input aria-label="" Injeolmi Korean rice cakes"" class=""wprm-checkbox"" id=""wprm-checkbox-5"" type=""checkbox""/><label class=""wprm-checkbox-label"" for=""wprm-checkbox-5""><span class=""sr-only screen-reader-text wprm-screen-reader-text"">▢ </span></label></span><span class=""wprm-recipe-ingredient-name"">Injeolmi</span> <span class=""wprm-recipe-ingredient-notes wprm-recipe-ingredient-notes-smaller-faded"">Korean rice cakes</span></li>",Injeolmi,injeolmi,,,ok,
twoplaidaprons,https://twoplaidaprons.com/bingsu-korean-shaved-ice/,Bingsu (Korean Shaved Ice),5.0,True,"<li class=""wprm-recipe-ingredient"" data-uid=""7"" style=""list-style-type: none;""><span class=""wprm-checkbox-container""><input aria-label="" Sweetened red bean"" class=""wprm-checkbox"" id=""wprm-checkbox-6"" type=""checkbox""/><label class=""wprm-checkbox-label"" for=""wprm-checkbox-6""><span class=""sr-only screen-reader-text wprm-screen-reader-text"">▢ </span></label></span><span class=""wprm-recipe-ingredient-name""><a class=""wprm-recipe-ingredient-link"" href=""https://amzn.to/45SCbQb"" rel=""nofollow noreferrer"" target=""_blank"">Sweetened red bean</a></span></li>",Sweetened red bean,sweetened red bean,,,ok,
twoplaidaprons,https://twoplaidaprons.com/bingsu-korean-shaved-ice/,Bingsu (Korean Shaved Ice),5.0,True,"<li class=""wprm-recipe-ingredient"" data-uid=""9"" style=""list-style-type: none;""><span class=""wprm-checkbox-container""><input aria-label="" Ice cream choose your favorite flavor!"" class=""wprm-checkbox"" id=""wprm-checkbox-7"" type=""checkbox""/><label class=""wprm-checkbox-label"" for=""wprm-checkbox-7""><span class=""sr-only screen-reader-text wprm-screen-reader-text"">▢ </span></label></span><span class=""wprm-recipe-ingredient-name"">Ice cream</span> <span class=""wprm-recipe-ingredient-notes wprm-recipe-ingredient-notes-smaller-faded"">choose your favorite flavor!</span></li>",Ice cream,ice cream,,,ok,
twoplaidaprons,https://twoplaidaprons.com/bingsu-korean-shaved-ice/,Bingsu (Korean Shaved Ice),5.0,True,"<li class=""wprm-recipe-ingredient"" data-uid=""12"" style=""list-style-type: none;""><span class=""wprm-checkbox-container""><input aria-label="" Sweetened whipped cream"" class=""wprm-checkbox"" id=""wprm-checkbox-8"" type=""checkbox""/><label class=""wprm-checkbox-label"" for=""wprm-checkbox-8""><span class=""sr-only screen-reader-text wprm-screen-reader-text"">▢ </span></label></span><span class=""wprm-recipe-ingredient-name"">Sweetened whipped cream</span></li>",Sweetened whipped cream,sweetened whipped cream,,,ok,
twoplaidaprons,https://twoplaidaprons.com/bingsu-korean-shaved-ice/,Bingsu (Korean Shaved Ice),5.0,True,"<li class=""wprm-recipe-ingredient"" data-uid=""8"" style=""list-style-type: none;""><span class=""wprm-checkbox-container""><input aria-label="" Universal grade matcha"" class=""wprm-checkbox"" id=""wprm-checkbox-9"" type=""checkbox""/><label class=""wprm-checkbox-label"" for=""wprm-checkbox-9""><span class=""sr-only screen-reader-text wprm-screen-reader-text"">▢ </span></label></span><span class=""wprm-recipe-ingredient-name""><a class=""wprm-recipe-ingredient-link"" href=""https://amzn.to/36HwJ5Q"" rel=""nofollow noreferrer"" target=""_blank"">Universal grade matcha</a></span></li>",Universal grade matcha,universal grade matcha,,,ok,
twoplaidaprons,https://twoplaidaprons.com/bingsu-korean-shaved-ice/,Bingsu (Korean Shaved Ice),5.0,True,"<li class=""wprm-recipe-ingredient"" data-uid=""11"" style=""list-style-type: none;""><span class=""wprm-checkbox-container""><input aria-label="" Nuts"" class=""wprm-checkbox"" id=""wprm-checkbox-10"" type=""checkbox""/><label class=""wprm-checkbox-label"" for=""wprm-checkbox-10""><span class=""sr-only screen-reader-text wprm-screen-reader-text"">▢ </span></label></span><span class=""wprm-recipe-ingredient-name"">Nuts</span></li>",Nuts,nuts,,,ok,
twoplaidaprons,https://twoplaidaprons.com/black-pepper-chicken/,,,,,,,,,error,"1 validation error for IngredientData
quantity
  Input should be a valid number, unable to parse string as a number [type=float_parsing, input_value='¾', input_type=str]
    For further information visit https://errors.pydantic.dev/2.13/v/float_parsing"
twoplaidaprons,https://twoplaidaprons.com/black-sesame-mochi-muffins/,,,,,,,,,error,"1 validation error for IngredientData
quantity
  Input should be a valid number, unable to parse string as a number [type=float_parsing, input_value='¾', input_type=str]
    For further information visit https://errors.pydantic.dev/2.13/v/float_parsing"
twoplaidaprons,https://twoplaidaprons.com/black-sesame-tang-yuan/,,,,,,,,,error,"1 validation error for IngredientData
quantity
  Input should be a valid number, unable to parse string as a number [type=float_parsing, input_value='¾', input_type=str]
    For further information visit https://errors.pydantic.dev/2.13/v/float_parsing"
twoplaidaprons,https://twoplaidaprons.com/bok-choy-with-oyster-sauce/,,,,,,,,,error,"1 validation error for IngredientData
quantity
  Input should be a valid number, unable to parse string as a number [type=float_parsing, input_value='¾', input_type=str]
    For further information visit https://errors.pydantic.dev/2.13/v/float_parsing"
twoplaidaprons,https://twoplaidaprons.com/bourbon-pecan-ice-cream/,,,,,,,,,error,"1 validation error for IngredientData
quantity
  Input should be a valid number, unable to parse string as a number [type=float_parsing, input_value='¾', input_type=str]
    For further information visit https://errors.pydantic.dev/2.13/v/float_parsing"
twoplaidaprons,https://twoplaidaprons.com/brown-sugar-boba-ice-cream-bar/,Brown Sugar Boba Ice Cream Bar,250.0,True,"<li class=""wprm-recipe-ingredient"" style=""list-style-type: none;""><span class=""wprm-checkbox-container""><input aria-label="" 25 grams water (roughly 5 teaspoon)"" class=""wprm-checkbox"" id=""wprm-checkbox-0"" type=""checkbox""/><label class=""wprm-checkbox-label"" for=""wprm-checkbox-0""><span class=""sr-only screen-reader-text wprm-screen-reader-text"">▢ </span></label></span><span class=""wprm-recipe-ingredient-amount"">25</span> <span class=""wprm-recipe-ingredient-unit"">grams</span> <span class=""wprm-recipe-ingredient-name"">water</span> <span class=""wprm-recipe-ingredient-notes wprm-recipe-ingredient-notes-smaller-faded"">(roughly 5 teaspoon)</span></li>",water,water,25.0,grams,ok,
twoplaidaprons,https://twoplaidaprons.com/brown-sugar-boba-ice-cream-bar/,Brown Sugar Boba Ice Cream Bar,250.0,True,"<li class=""wprm-recipe-ingredient"" style=""list-style-type: none;""><span class=""wprm-checkbox-container""><input aria-label="" 20 grams  Taiwanese black sugar (about 5 teaspoons; or brown sugar)"" class=""wprm-checkbox"" id=""wprm-checkbox-1"" type=""checkbox""/><label class=""wprm-checkbox-label"" for=""wprm-checkbox-1""><span class=""sr-only screen-reader-text wprm-screen-reader-text"">▢ </span></label></span><span class=""wprm-recipe-ingredient-amount"">20</span> <span class=""wprm-recipe-ingredient-unit"">grams </span> <span class=""wprm-recipe-ingredient-name"">Taiwanese black sugar</span> <span class=""wprm-recipe-ingredient-notes wprm-recipe-ingredient-notes-smaller-faded"">(about 5 teaspoons; or brown sugar)</span></li>",Taiwanese black sugar,taiwanese black sugar,20.0,grams ,ok,
twoplaidaprons,https://twoplaidaprons.com/brown-sugar-boba-ice-cream-bar/,Brown Sugar Boba Ice Cream Bar,250.0,True,"<li class=""wprm-recipe-ingredient"" style=""list-style-type: none;""><span class=""wprm-checkbox-container""><input aria-label="" 50 grams tapioca flour (roughly a skimp ⅓ cup, highly recommend using a scale)"" class=""wprm-checkbox"" id=""wprm-checkbox-2"" type=""checkbox""/><label class=""wprm-checkbox-label"" for=""wprm-checkbox-2""><span class=""sr-only screen-reader-text wprm-screen-reader-text"">▢ </span></label></span><span class=""wprm-recipe-ingredient-amount"">50</span> <span class=""wprm-recipe-ingredient-unit"">grams</span> <span class=""wprm-recipe-ingredient-name""><a class=""wprm-recipe-ingredient-link"" href=""https://amzn.to/3cXkVNR"" rel=""nofollow noreferrer"" target=""_blank"">tapioca flour</a></span> <span class=""wprm-recipe-ingredient-notes wprm-recipe-ingredient-notes-smaller-faded"">(roughly a skimp ⅓ cup, highly recommend using a scale)</span></li>",tapioca flour,tapioca flour,50.0,grams,ok,
twoplaidaprons,https://twoplaidaprons.com/brown-sugar-boba-ice-cream-bar/,Brown Sugar Boba Ice Cream Bar,250.0,True,"<li class=""wprm-recipe-ingredient"" style=""list-style-type: none;""><span class=""wprm-checkbox-container""><input aria-label="" ¼ cup Taiwanese black sugar, packed (or ¼ cup brown sugar + 2 tablespoon molasses)"" class=""wprm-checkbox"" id=""wprm-checkbox-3"" type=""checkbox""/><label class=""wprm-checkbox-label"" for=""wprm-checkbox-3""><span class=""sr-only screen-reader-text wprm-screen-reader-text"">▢ </span></label></span><span class=""wprm-recipe-ingredient-amount"">¼</span> <span class=""wprm-recipe-ingredient-unit"">cup</span> <span class=""wprm-recipe-ingredient-name"">Taiwanese black sugar, packed</span> <span class=""wprm-recipe-ingredient-notes wprm-recipe-ingredient-notes-smaller-faded"">(or ¼ cup brown sugar + 2 tablespoon molasses)</span></li>","Taiwanese black sugar, packed",taiwanese black sugar packed,0.25,cup,ok,
twoplaidaprons,https://twoplaidaprons.com/brown-sugar-boba-ice-cream-bar/,Brown Sugar Boba Ice Cream Bar,250.0,True,"<li class=""wprm-recipe-ingredient"" style=""list-style-type: none;""><span class=""wprm-checkbox-container""><input aria-label="" ¼ cup water"" class=""wprm-checkbox"" id=""wprm-checkbox-4"" type=""checkbox""/><label class=""wprm-checkbox-label"" for=""wprm-checkbox-4""><span class=""sr-only screen-reader-text wprm-screen-reader-text"">▢ </span></label></span><span class=""wprm-recipe-ingredient-amount"">¼</span> <span class=""wprm-recipe-ingredient-unit"">cup</span> <span class=""wprm-recipe-ingredient-name"">water</span></li>",water,water,0.25,cup,ok,
twoplaidaprons,https://twoplaidaprons.com/brown-sugar-boba-ice-cream-bar/,Brown Sugar Boba Ice Cream Bar,250.0,True,"<li class=""wprm-recipe-ingredient"" style=""list-style-type: none;""><span class=""wprm-checkbox-container""><input aria-label="" 2 Tablespoon Taiwanese black sugar, packed (or 2 tablespoon brown sugar + 1 tablespoon molasses)"" class=""wprm-checkbox"" id=""wprm-checkbox-5"" type=""checkbox""/><label class=""wprm-checkbox-label"" for=""wprm-checkbox-5""><span class=""sr-only screen-reader-text wprm-screen-reader-text"">▢ </span></label></span><span class=""wprm-recipe-ingredient-amount"">2</span> <span class=""wprm-recipe-ingredient-unit"">Tablespoon</span> <span class=""wprm-recipe-ingredient-name"">Taiwanese black sugar, packed</span> <span class=""wprm-recipe-ingredient-notes wprm-recipe-ingredient-notes-smaller-faded"">(or 2 tablespoon brown sugar + 1 tablespoon molasses)</span></li>","Taiwanese black sugar, packed",taiwanese black sugar packed,2.0,Tablespoon,ok,
twoplaidaprons,https://twoplaidaprons.com/brown-sugar-boba-ice-cream-bar/,Brown Sugar Boba Ice Cream Bar,250.0,True,"<li class=""wprm-recipe-ingredient"" style=""list-style-type: none;""><span class=""wprm-checkbox-container""><input aria-label="" 2 Tablespoon water"" class=""wprm-checkbox"" id=""wprm-checkbox-6"" type=""checkbox""/><label class=""wprm-checkbox-label"" for=""wprm-checkbox-6""><span class=""sr-only screen-reader-text wprm-screen-reader-text"">▢ </span></label></span><span class=""wprm-recipe-ingredient-amount"">2</span> <span class=""wprm-recipe-ingredient-unit"">Tablespoon</span> <span class=""wprm-recipe-ingredient-name"">water</span></li>",water,water,2.0,Tablespoon,ok,
twoplaidaprons,https://twoplaidaprons.com/brown-sugar-boba-ice-cream-bar/,Brown Sugar Boba Ice Cream Bar,250.0,True,"<li class=""wprm-recipe-ingredient"" style=""list-style-type: none;""><span class=""wprm-checkbox-container""><input aria-label="" 1 teaspoon cornstarch slurry (1 teaspoon cornstarch + 1 teaspoon cold water)"" class=""wprm-checkbox"" id=""wprm-checkbox-7"" type=""checkbox""/><label class=""wprm-checkbox-label"" for=""wprm-checkbox-7""><span class=""sr-only screen-reader-text wprm-screen-reader-text"">▢ </span></label></span><span class=""wprm-recipe-ingredient-amount"">1</span> <span class=""wprm-recipe-ingredient-unit"">teaspoon</span> <span class=""wprm-recipe-ingredient-name"">cornstarch slurry</span> <span class=""wprm-recipe-ingredient-notes wprm-recipe-ingredient-notes-smaller-faded"">(1 teaspoon cornstarch + 1 teaspoon cold water)</span></li>",cornstarch slurry,cornstarch slurry,1.0,teaspoon,ok,
twoplaidaprons,https://twoplaidaprons.com/brown-sugar-boba-ice-cream-bar/,Brown Sugar Boba Ice Cream Bar,250.0,True,"<li class=""wprm-recipe-ingredient"" style=""list-style-type: none;""><span class=""wprm-checkbox-container""><input aria-label="" 1 cup coconut cream (or high fat coconut milk or ½ heavy cream + ½ whole milk)"" class=""wprm-checkbox"" id=""wprm-checkbox-8"" type=""checkbox""/><label class=""wprm-checkbox-label"" for=""wprm-checkbox-8""><span class=""sr-only screen-reader-text wprm-screen-reader-text"">▢ </span></label></span><span class=""wprm-recipe-ingredient-amount"">1</span> <span class=""wprm-recipe-ingredient-unit"">cup</span> <span class=""wprm-recipe-ingredient-name""><a class=""wprm-recipe-ingredient-link"" href=""https://amzn.to/36Xv5NX"" rel=""nofollow noreferrer"" target=""_blank"">coconut cream</a></span> <span class=""wprm-recipe-ingredient-notes wprm-recipe-ingredient-notes-smaller-faded"">(or <a href=""https://amzn.to/2UEIGUr""><u>high fat coconut milk</u></a> or ½ heavy cream + ½ whole milk)</span></li>",coconut cream,coconut cream,1.0,cup,ok,
twoplaidaprons,https://twoplaidaprons.com/brown-sugar-boba-ice-cream-bar/,Brown Sugar Boba Ice Cream Bar,250.0,True,"<li class=""wprm-recipe-ingredient"" style=""list-style-type: none;""><span class=""wprm-checkbox-container""><input aria-label="" 2 Tablespoon granulated sugar"" class=""wprm-checkbox"" id=""wprm-checkbox-9"" type=""checkbox""/><label class=""wprm-checkbox-label"" for=""wprm-checkbox-9""><span class=""sr-only screen-reader-text wprm-screen-reader-text"">▢ </span></label></span><span class=""wprm-recipe-ingredient-amount"">2</span> <span class=""wprm-recipe-ingredient-unit"">Tablespoon</span> <span class=""wprm-recipe-ingredient-name""><a class=""wprm-recipe-ingredient-link"" href=""https://amzn.to/3IEdexr"" rel=""nofollow noreferrer"" target=""_blank"">granulated sugar</a></span></li>",granulated sugar,granulated sugar,2.0,Tablespoon,ok,
twoplaidaprons,https://twoplaidaprons.com/bubble-pillow-potato/,Bubble Pillow Potato,27.0,True,"<li class=""wprm-recipe-ingredient"" data-uid=""0"" style=""list-style-type: none;""><span class=""wprm-checkbox-container""><input aria-label="" 14 ounces russet potato usually 1 large russet"" class=""wprm-checkbox"" id=""wprm-checkbox-0"" type=""checkbox""/><label class=""wprm-checkbox-label"" for=""wprm-checkbox-0""><span class=""sr-only screen-reader-text wprm-screen-reader-text"">▢ </span></label></span><span class=""wprm-recipe-ingredient-amount"">14</span> <span class=""wprm-recipe-ingredient-unit"">ounces</span> <span class=""wprm-recipe-ingredient-name"">russet potato</span> <span class=""wprm-recipe-ingredient-notes wprm-recipe-ingredient-notes-smaller-faded"">usually 1 large russet</span></li>",russet potato,russet potato,14.0,ounces,ok,
twoplaidaprons,https://twoplaidaprons.com/bubble-pillow-potato/,Bubble Pillow Potato,27.0,True,"<li class=""wprm-recipe-ingredient"" data-uid=""1"" style=""list-style-type: none;""><span class=""wprm-checkbox-container""><input aria-label="" ¼ cup all-purpose flour fluffed, spooned, and leveled"" class=""wprm-checkbox"" id=""wprm-checkbox-1"" type=""checkbox""/><label class=""wprm-checkbox-label"" for=""wprm-checkbox-1""><span class=""sr-only screen-reader-text wprm-screen-reader-text"">▢ </span></label></span><span class=""wprm-recipe-ingredient-amount"">¼</span> <span class=""wprm-recipe-ingredient-unit"">cup</span> <span class=""wprm-recipe-ingredient-name""><a class=""wprm-recipe-ingredient-link"" href=""https://amzn.to/3jXntzh"" rel=""nofollow noreferrer"" target=""_blank"">all-purpose flour</a></span> <span class=""wprm-recipe-ingredient-notes wprm-recipe-ingredient-notes-smaller-faded"">fluffed, spooned, and leveled</span></li>",all-purpose flour,allpurpose flour,0.25,cup,ok,
twoplaidaprons,https://twoplaidaprons.com/bubble-pillow-potato/,Bubble Pillow Potato,27.0,True,"<li class=""wprm-recipe-ingredient"" data-uid=""2"" style=""list-style-type: none;""><span class=""wprm-checkbox-container""><input aria-label="" 2 tablespoons cornstarch"" class=""wprm-checkbox"" id=""wprm-checkbox-2"" type=""checkbox""/><label class=""wprm-checkbox-label"" for=""wprm-checkbox-2""><span class=""sr-only screen-reader-text wprm-screen-reader-text"">▢ </span></label></span><span class=""wprm-recipe-ingredient-amount"">2</span> <span class=""wprm-recipe-ingredient-unit"">tablespoons</span> <span class=""wprm-recipe-ingredient-name""><a class=""wprm-recipe-ingredient-link"" href=""https://amzn.to/37lEG01"" rel=""nofollow noreferrer"" target=""_blank"">cornstarch</a></span></li>",cornstarch,cornstarch,2.0,tablespoons,ok,
twoplaidaprons,https://twoplaidaprons.com/bubble-pillow-potato/,Bubble Pillow Potato,27.0,True,"<li class=""wprm-recipe-ingredient"" data-uid=""3"" style=""list-style-type: none;""><span class=""wprm-checkbox-container""><input aria-label="" ½ teaspoon kosher salt a little less if using fine salt"" class=""wprm-checkbox"" id=""wprm-checkbox-3"" type=""checkbox""/><label class=""wprm-checkbox-label"" for=""wprm-checkbox-3""><span class=""sr-only screen-reader-text wprm-screen-reader-text"">▢ </span></label></span><span class=""wprm-recipe-ingredient-amount"">½</span> <span class=""wprm-recipe-ingredient-unit"">teaspoon</span> <span class=""wprm-recipe-ingredient-name""><a class=""wprm-recipe-ingredient-link"" href=""https://amzn.to/3cjL1LU"" rel=""nofollow noreferrer"" target=""_blank"">kosher salt</a></span> <span class=""wprm-recipe-ingredient-notes wprm-recipe-ingredient-notes-smaller-faded"">a little less if using fine salt</span></li>",kosher salt,salt,0.5,teaspoon,ok,
twoplaidaprons,https://twoplaidaprons.com/bubble-pillow-potato/,Bubble Pillow Potato,27.0,True,"<li class=""wprm-recipe-ingredient"" data-uid=""4"" style=""list-style-type: none;""><span class=""wprm-checkbox-container""><input aria-label="" Few cracks of black pepper"" class=""wprm-checkbox"" id=""wprm-checkbox-4"" type=""checkbox""/><label class=""wprm-checkbox-label"" for=""wprm-checkbox-4""><span class=""sr-only screen-reader-text wprm-screen-reader-text"">▢ </span></label></span><span class=""wprm-recipe-ingredient-name"">Few cracks of black pepper</span></li>",Few cracks of black pepper,few cracks  black pepper,,,ok,
twoplaidaprons,https://twoplaidaprons.com/bubble-pillow-potato/,Bubble Pillow Potato,27.0,True,"<li class=""wprm-recipe-ingredient"" data-uid=""5"" style=""list-style-type: none;""><span class=""wprm-checkbox-container""><input aria-label="" Oil for frying"" class=""wprm-checkbox"" id=""wprm-checkbox-5"" type=""checkbox""/><label class=""wprm-checkbox-label"" for=""wprm-checkbox-5""><span class=""sr-only screen-reader-text wprm-screen-reader-text"">▢ </span></label></span><span class=""wprm-recipe-ingredient-name"">Oil</span> <span class=""wprm-recipe-ingredient-notes wprm-recipe-ingredient-notes-smaller-faded"">for frying</span></li>",Oil,oil,,,ok,
twoplaidaprons,https://twoplaidaprons.com/bubble-pillow-potato/,Bubble Pillow Potato,27.0,True,"<li class=""wprm-recipe-ingredient"" data-uid=""6"" style=""list-style-type: none;""><span class=""wprm-checkbox-container""><input aria-label="" Breadcrumb (if using the air fryer or oven method)"" class=""wprm-checkbox"" id=""wprm-checkbox-6"" type=""checkbox""/><label class=""wprm-checkbox-label"" for=""wprm-checkbox-6""><span class=""sr-only screen-reader-text wprm-screen-reader-text"">▢ </span></label></span><span class=""wprm-recipe-ingredient-name""><a class=""wprm-recipe-ingredient-link"" href=""https://amzn.to/4hS0Avx"" rel=""nofollow noreferrer"" target=""_blank"">Breadcrumb</a></span> <span class=""wprm-recipe-ingredient-notes wprm-recipe-ingredient-notes-smaller-faded"">(if using the air fryer or oven method)</span></li>",Breadcrumb,breadcrumb,,,ok,
twoplaidaprons,https://twoplaidaprons.com/bun-thit-nuong/,,,,,,,,,error,"1 validation error for IngredientData
quantity
  Input should be a valid number, unable to parse string as a number [type=float_parsing, input_value='3-6', input_type=str]
    For further information visit https://errors.pydantic.dev/2.13/v/float_parsing"
twoplaidaprons,https://twoplaidaprons.com/butternut-squash-soup/,,,,,,,,,error,"1 validation error for IngredientData
quantity
  Input should be a valid number, unable to parse string as a number [type=float_parsing, input_value='3½ - 4', input_type=str]
    For further information visit https://errors.pydantic.dev/2.13/v/float_parsing"
twoplaidaprons,https://twoplaidaprons.com/buttery-caramel-sauce/,,,,,,,,,error,"1 validation error for IngredientData
quantity
  Input should be a valid number, unable to parse string as a number [type=float_parsing, input_value='¾', input_type=str]
    For further information visit https://errors.pydantic.dev/2.13/v/float_parsing"
twoplaidaprons,https://twoplaidaprons.com/cantonese-chow-mein/,Cantonese Chow Mein,15.0,True,"<li class=""wprm-recipe-ingredient"" data-uid=""0"" style=""list-style-type: none;""><span class=""wprm-checkbox-container""><input aria-label="" 15 ounces chow mein noodles"" class=""wprm-checkbox"" id=""wprm-checkbox-0"" type=""checkbox""/><label class=""wprm-checkbox-label"" for=""wprm-checkbox-0""><span class=""sr-only screen-reader-text wprm-screen-reader-text"">▢ </span></label></span><span class=""wprm-recipe-ingredient-amount"">15</span> <span class=""wprm-recipe-ingredient-unit"">ounces</span> <span class=""wprm-recipe-ingredient-name"">chow mein noodles</span></li>",chow mein noodles,chow mein noodles,15.0,ounces,ok,
twoplaidaprons,https://twoplaidaprons.com/cantonese-chow-mein/,Cantonese Chow Mein,15.0,True,"<li class=""wprm-recipe-ingredient"" data-uid=""1"" style=""list-style-type: none;""><span class=""wprm-checkbox-container""><input aria-label="" 8 ounces mung bean sprouts rinsed and well drained"" class=""wprm-checkbox"" id=""wprm-checkbox-1"" type=""checkbox""/><label class=""wprm-checkbox-label"" for=""wprm-checkbox-1""><span class=""sr-only screen-reader-text wprm-screen-reader-text"">▢ </span></label></span><span class=""wprm-recipe-ingredient-amount"">8</span> <span class=""wprm-recipe-ingredient-unit"">ounces</span> <span class=""wprm-recipe-ingredient-name"">mung bean sprouts</span> <span class=""wprm-recipe-ingredient-notes wprm-recipe-ingredient-notes-smaller-faded"">rinsed and well drained</span></li>",mung bean sprouts,mung bean sprouts,8.0,ounces,ok,
twoplaidaprons,https://twoplaidaprons.com/cantonese-chow-mein/,Cantonese Chow Mein,15.0,True,"<li class=""wprm-recipe-ingredient"" data-uid=""2"" style=""list-style-type: none;""><span class=""wprm-checkbox-container""><input aria-label="" 3 stalks green onions cut into 2 inch pieces"" class=""wprm-checkbox"" id=""wprm-checkbox-2"" type=""checkbox""/><label class=""wprm-checkbox-label"" for=""wprm-checkbox-2""><span class=""sr-only screen-reader-text wprm-screen-reader-text"">▢ </span></label></span><span class=""wprm-recipe-ingredient-amount"">3</span> <span class=""wprm-recipe-ingredient-unit"">stalks</span> <span class=""wprm-recipe-ingredient-name"">green onions</span> <span class=""wprm-recipe-ingredient-notes wprm-recipe-ingredient-notes-smaller-faded"">cut into 2 inch pieces</span></li>",green onions,green onions,3.0,stalks,ok,
twoplaidaprons,https://twoplaidaprons.com/cantonese-chow-mein/,Cantonese Chow Mein,15.0,True,"<li class=""wprm-recipe-ingredient"" data-uid=""3"" style=""list-style-type: none;""><span class=""wprm-checkbox-container""><input aria-label="" 3 tablespoons oil or as needed (any neutral oil will do)"" class=""wprm-checkbox"" id=""wprm-checkbox-3"" type=""checkbox""/><label class=""wprm-checkbox-label"" for=""wprm-checkbox-3""><span class=""sr-only screen-reader-text wprm-screen-reader-text"">▢ </span></label></span><span class=""wprm-recipe-ingredient-amount"">3</span> <span class=""wprm-recipe-ingredient-unit"">tablespoons</span> <span class=""wprm-recipe-ingredient-name"">oil</span> <span class=""wprm-recipe-ingredient-notes wprm-recipe-ingredient-notes-smaller-faded"">or as needed (any neutral oil will do)</span></li>",oil,oil,3.0,tablespoons,ok,
twoplaidaprons,https://twoplaidaprons.com/cantonese-chow-mein/,Cantonese Chow Mein,15.0,True,"<li class=""wprm-recipe-ingredient"" data-uid=""4"" style=""list-style-type: none;""><span class=""wprm-checkbox-container""><input aria-label="" 2 tablespoons soy sauce low sodium recommended"" class=""wprm-checkbox"" id=""wprm-checkbox-4"" type=""checkbox""/><label class=""wprm-checkbox-label"" for=""wprm-checkbox-4""><span class=""sr-only screen-reader-text wprm-screen-reader-text"">▢ </span></label></span><span class=""wprm-recipe-ingredient-amount"">2</span> <span class=""wprm-recipe-ingredient-unit"">tablespoons</span> <span class=""wprm-recipe-ingredient-name""><a class=""wprm-recipe-ingredient-link"" href=""https://amzn.to/3822TY0"" rel=""nofollow noreferrer"" target=""_blank"">soy sauce</a></span> <span class=""wprm-recipe-ingredient-notes wprm-recipe-ingredient-notes-smaller-faded"">low sodium recommended</span></li>",soy sauce,soy sauce,2.0,tablespoons,ok,
twoplaidaprons,https://twoplaidaprons.com/cantonese-chow-mein/,Cantonese Chow Mein,15.0,True,"<li class=""wprm-recipe-ingredient"" data-uid=""5"" style=""list-style-type: none;""><span class=""wprm-checkbox-container""><input aria-label="" 2 tablespoons dark soy sauce"" class=""wprm-checkbox"" id=""wprm-checkbox-5"" type=""checkbox""/><label class=""wprm-checkbox-label"" for=""wprm-checkbox-5""><span class=""sr-only screen-reader-text wprm-screen-reader-text"">▢ </span></label></span><span class=""wprm-recipe-ingredient-amount"">2</span> <span class=""wprm-recipe-ingredient-unit"">tablespoons</span> <span class=""wprm-recipe-ingredient-name""><a class=""wprm-recipe-ingredient-link"" href=""https://amzn.to/3jfjVdx"" rel=""nofollow noreferrer"" target=""_blank"">dark soy sauce</a></span></li>",dark soy sauce,dark soy sauce,2.0,tablespoons,ok,
twoplaidaprons,https://twoplaidaprons.com/cantonese-chow-mein/,Cantonese Chow Mein,15.0,True,"<li class=""wprm-recipe-ingredient"" data-uid=""6"" style=""list-style-type: none;""><span class=""wprm-checkbox-container""><input aria-label="" 2 teaspoons granulated sugar"" class=""wprm-checkbox"" id=""wprm-checkbox-6"" type=""checkbox""/><label class=""wprm-checkbox-label"" for=""wprm-checkbox-6""><span class=""sr-only screen-reader-text wprm-screen-reader-text"">▢ </span></label></span><span class=""wprm-recipe-ingredient-amount"">2</span> <span class=""wprm-recipe-ingredient-unit"">teaspoons</span> <span class=""wprm-recipe-ingredient-name""><a class=""wprm-recipe-ingredient-link"" href=""https://amzn.to/3IEdexr"" rel=""nofollow noreferrer"" target=""_blank"">granulated sugar</a></span></li>",granulated sugar,granulated sugar,2.0,teaspoons,ok,
twoplaidaprons,https://twoplaidaprons.com/cantonese-chow-mein/,Cantonese Chow Mein,15.0,True,"<li class=""wprm-recipe-ingredient"" data-uid=""7"" style=""list-style-type: none;""><span class=""wprm-checkbox-container""><input aria-label="" 1 teaspoon toasted sesame oil"" class=""wprm-checkbox"" id=""wprm-checkbox-7"" type=""checkbox""/><label class=""wprm-checkbox-label"" for=""wprm-checkbox-7""><span class=""sr-only screen-reader-text wprm-screen-reader-text"">▢ </span></label></span><span class=""wprm-recipe-ingredient-amount"">1</span> <span class=""wprm-recipe-ingredient-unit"">teaspoon</span> <span class=""wprm-recipe-ingredient-name""><a class=""wprm-recipe-ingredient-link"" href=""https://amzn.to/2TeNpL8"" rel=""nofollow noreferrer"" target=""_blank"">toasted sesame oil</a></span></li>",toasted sesame oil,toasted sesame oil,1.0,teaspoon,ok,
twoplaidaprons,https://twoplaidaprons.com/cantonese-shumai-siu-mai/,,,,,,,,,error,"1 validation error for IngredientData
quantity
  Input should be a valid number, unable to parse string as a number [type=float_parsing, input_value='2½', input_type=str]
    For further information visit https://errors.pydantic.dev/2.13/v/float_parsing"
twoplaidaprons,https://twoplaidaprons.com/carrot-cake/,Carrot Cake,65.0,True,"<li class=""wprm-recipe-ingredient"" data-uid=""0"" style=""list-style-type: none;""><span class=""wprm-checkbox-container""><input aria-label="" 2 cups all-purpose flour fluffed, spooned, and leveled *see notes"" class=""wprm-checkbox"" id=""wprm-checkbox-0"" type=""checkbox""/><label class=""wprm-checkbox-label"" for=""wprm-checkbox-0""><span class=""sr-only screen-reader-text wprm-screen-reader-text"">▢ </span></label></span><span class=""wprm-recipe-ingredient-amount"">2</span> <span class=""wprm-recipe-ingredient-unit"">cups</span> <span class=""wprm-recipe-ingredient-name""><a class=""wprm-recipe-ingredient-link"" href=""https://amzn.to/3jXntzh"" rel=""nofollow noreferrer"" target=""_blank"">all-purpose flour</a></span> <span class=""wprm-recipe-ingredient-notes wprm-recipe-ingredient-notes-smaller-faded"">fluffed, spooned, and leveled <em>*see notes</em></span></li>",all-purpose flour,allpurpose flour,2.0,cups,ok,
twoplaidaprons,https://twoplaidaprons.com/carrot-cake/,Carrot Cake,65.0,True,"<li class=""wprm-recipe-ingredient"" data-uid=""2"" style=""list-style-type: none;""><span class=""wprm-checkbox-container""><input aria-label="" 2 teaspoons baking soda"" class=""wprm-checkbox"" id=""wprm-checkbox-1"" type=""checkbox""/><label class=""wprm-checkbox-label"" for=""wprm-checkbox-1""><span class=""sr-only screen-reader-text wprm-screen-reader-text"">▢ </span></label></span><span class=""wprm-recipe-ingredient-amount"">2</span> <span class=""wprm-recipe-ingredient-unit"">teaspoons</span> <span class=""wprm-recipe-ingredient-name""><a class=""wprm-recipe-ingredient-link"" href=""https://amzn.to/39SDI1c"" rel=""nofollow noreferrer"" target=""_blank"">baking soda</a></span></li>",baking soda,baking soda,2.0,teaspoons,ok,
twoplaidaprons,https://twoplaidaprons.com/carrot-cake/,Carrot Cake,65.0,True,"<li class=""wprm-recipe-ingredient"" data-uid=""3"" style=""list-style-type: none;""><span class=""wprm-checkbox-container""><input aria-label="" 2 teaspoons ground cinnamon"" class=""wprm-checkbox"" id=""wprm-checkbox-2"" type=""checkbox""/><label class=""wprm-checkbox-label"" for=""wprm-checkbox-2""><span class=""sr-only screen-reader-text wprm-screen-reader-text"">▢ </span></label></span><span class=""wprm-recipe-ingredient-amount"">2</span> <span class=""wprm-recipe-ingredient-unit"">teaspoons</span> <span class=""wprm-recipe-ingredient-name""><a class=""wprm-recipe-ingredient-link"" href=""https://amzn.to/36QpXvZ"" rel=""nofollow noreferrer"" target=""_blank"">ground cinnamon</a></span></li>",ground cinnamon,cinnamon,2.0,teaspoons,ok,
twoplaidaprons,https://twoplaidaprons.com/carrot-cake/,Carrot Cake,65.0,True,"<li class=""wprm-recipe-ingredient"" data-uid=""4"" style=""list-style-type: none;""><span class=""wprm-checkbox-container""><input aria-label="" 1 cup dark brown sugar packed (light brown sugar is okay too *see notes)"" class=""wprm-checkbox"" id=""wprm-checkbox-3"" type=""checkbox""/><label class=""wprm-checkbox-label"" for=""wprm-checkbox-3""><span class=""sr-only screen-reader-text wprm-screen-reader-text"">▢ </span></label></span><span class=""wprm-recipe-ingredient-amount"">1</span> <span class=""wprm-recipe-ingredient-unit"">cup</span> <span class=""wprm-recipe-ingredient-name""><a class=""wprm-recipe-ingredient-link"" href=""https://amzn.to/3fo9Ut0"" rel=""nofollow noreferrer"" target=""_blank"">dark brown sugar</a></span> <span class=""wprm-recipe-ingredient-notes wprm-recipe-ingredient-notes-smaller-faded"">packed (light brown sugar is okay too <em>*see notes</em>)</span></li>",dark brown sugar,dark brown sugar,1.0,cup,ok,
twoplaidaprons,https://twoplaidaprons.com/carrot-cake/,Carrot Cake,65.0,True,"<li class=""wprm-recipe-ingredient"" data-uid=""5"" style=""list-style-type: none;""><span class=""wprm-checkbox-container""><input aria-label="" ½ cup granulated sugar"" class=""wprm-checkbox"" id=""wprm-checkbox-4"" type=""checkbox""/><label class=""wprm-checkbox-label"" for=""wprm-checkbox-4""><span class=""sr-only screen-reader-text wprm-screen-reader-text"">▢ </span></label></span><span class=""wprm-recipe-ingredient-amount"">½</span> <span class=""wprm-recipe-ingredient-unit"">cup</span> <span class=""wprm-recipe-ingredient-name""><a class=""wprm-recipe-ingredient-link"" href=""https://amzn.to/3IEdexr"" rel=""nofollow noreferrer"" target=""_blank"">granulated sugar</a></span></li>",granulated sugar,granulated sugar,0.5,cup,ok,
twoplaidaprons,https://twoplaidaprons.com/carrot-cake/,Carrot Cake,65.0,True,"<li class=""wprm-recipe-ingredient"" data-uid=""7"" style=""list-style-type: none;""><span class=""wprm-checkbox-container""><input aria-label="" 4 large eggs"" class=""wprm-checkbox"" id=""wprm-checkbox-5"" type=""checkbox""/><label class=""wprm-checkbox-label"" for=""wprm-checkbox-5""><span class=""sr-only screen-reader-text wprm-screen-reader-text"">▢ </span></label></span><span class=""wprm-recipe-ingredient-amount"">4</span> <span class=""wprm-recipe-ingredient-unit"">large</span> <span class=""wprm-recipe-ingredient-name"">eggs</span></li>",eggs,eggs,4.0,large,ok,
twoplaidaprons,https://twoplaidaprons.com/carrot-cake/,Carrot Cake,65.0,True,"<li class=""wprm-recipe-ingredient"" data-uid=""6"" style=""list-style-type: none;""><span class=""wprm-checkbox-container""><input aria-label="" 1 cup oil any neutral oil like avocado, canola, and vegetable oil"" class=""wprm-checkbox"" id=""wprm-checkbox-6"" type=""checkbox""/><label class=""wprm-checkbox-label"" for=""wprm-checkbox-6""><span class=""sr-only screen-reader-text wprm-screen-reader-text"">▢ </span></label></span><span class=""wprm-recipe-ingredient-amount"">1</span> <span class=""wprm-recipe-ingredient-unit"">cup</span> <span class=""wprm-recipe-ingredient-name"">oil</span> <span class=""wprm-recipe-ingredient-notes wprm-recipe-ingredient-notes-smaller-faded"">any neutral oil like avocado, canola, and vegetable oil</span></li>",oil,oil,1.0,cup,ok,
twoplaidaprons,https://twoplaidaprons.com/carrot-cake/,Carrot Cake,65.0,True,"<li class=""wprm-recipe-ingredient"" data-uid=""8"" style=""list-style-type: none;""><span class=""wprm-checkbox-container""><input aria-label="" 1½ teaspoons vanilla extract"" class=""wprm-checkbox"" id=""wprm-checkbox-7"" type=""checkbox""/><label class=""wprm-checkbox-label"" for=""wprm-checkbox-7""><span class=""sr-only screen-reader-text wprm-screen-reader-text"">▢ </span></label></span><span class=""wprm-recipe-ingredient-amount"">1½</span> <span class=""wprm-recipe-ingredient-unit"">teaspoons</span> <span class=""wprm-recipe-ingredient-name""><a class=""wprm-recipe-ingredient-link"" href=""https://amzn.to/3ddOXwE"" rel=""nofollow noreferrer"" target=""_blank"">vanilla extract</a></span></li>",vanilla extract,vanilla extract,1.5,teaspoons,ok,
twoplaidaprons,https://twoplaidaprons.com/carrot-cake/,Carrot Cake,65.0,True,"<li class=""wprm-recipe-ingredient"" data-uid=""9"" style=""list-style-type: none;""><span class=""wprm-checkbox-container""><input aria-label="" ½ teaspoons salt"" class=""wprm-checkbox"" id=""wprm-checkbox-8"" type=""checkbox""/><label class=""wprm-checkbox-label"" for=""wprm-checkbox-8""><span class=""sr-only screen-reader-text wprm-screen-reader-text"">▢ </span></label></span><span class=""wprm-recipe-ingredient-amount"">½</span> <span class=""wprm-recipe-ingredient-unit"">teaspoons</span> <span class=""wprm-recipe-ingredient-name"">salt</span></li>",salt,salt,0.5,teaspoons,ok,
twoplaidaprons,https://twoplaidaprons.com/carrot-cake/,Carrot Cake,65.0,True,"<li class=""wprm-recipe-ingredient"" data-uid=""10"" style=""list-style-type: none;""><span class=""wprm-checkbox-container""><input aria-label="" 8 ounces carrot peeled and grated with the coarse side of the box grater (8 oz is about 3 cups)"" class=""wprm-checkbox"" id=""wprm-checkbox-9"" type=""checkbox""/><label class=""wprm-checkbox-label"" for=""wprm-checkbox-9""><span class=""sr-only screen-reader-text wprm-screen-reader-text"">▢ </span></label></span><span class=""wprm-recipe-ingredient-amount"">8</span> <span class=""wprm-recipe-ingredient-unit"">ounces</span> <span class=""wprm-recipe-ingredient-name"">carrot</span> <span class=""wprm-recipe-ingredient-notes wprm-recipe-ingredient-notes-smaller-faded"">peeled and grated with the coarse side of the box grater (8 oz is about 3 cups)</span></li>",carrot,carrot,8.0,ounces,ok,
twoplaidaprons,https://twoplaidaprons.com/carrot-cake/,Carrot Cake,65.0,True,"<li class=""wprm-recipe-ingredient"" data-uid=""17"" style=""list-style-type: none;""><span class=""wprm-checkbox-container""><input aria-label="" 1 cup pecan chopped (optional, plus more for garnish if desired)"" class=""wprm-checkbox"" id=""wprm-checkbox-10"" type=""checkbox""/><label class=""wprm-checkbox-label"" for=""wprm-checkbox-10""><span class=""sr-only screen-reader-text wprm-screen-reader-text"">▢ </span></label></span><span class=""wprm-recipe-ingredient-amount"">1</span> <span class=""wprm-recipe-ingredient-unit"">cup</span> <span class=""wprm-recipe-ingredient-name""><a class=""wprm-recipe-ingredient-link"" href=""https://amzn.to/2KgKBMB"" rel=""nofollow noreferrer"" target=""_blank"">pecan</a></span> <span class=""wprm-recipe-ingredient-notes wprm-recipe-ingredient-notes-smaller-faded"">chopped (<em>optional</em>, plus more for garnish if desired)</span></li>",pecan,pecan,1.0,cup,ok,
twoplaidaprons,https://twoplaidaprons.com/carrot-cake/,Carrot Cake,65.0,True,"<li class=""wprm-recipe-ingredient"" data-uid=""12"" style=""list-style-type: none;""><span class=""wprm-checkbox-container""><input aria-label="" 8 ounces cream cheese softened"" class=""wprm-checkbox"" id=""wprm-checkbox-11"" type=""checkbox""/><label class=""wprm-checkbox-label"" for=""wprm-checkbox-11""><span class=""sr-only screen-reader-text wprm-screen-reader-text"">▢ </span></label></span><span class=""wprm-recipe-ingredient-amount"">8</span> <span class=""wprm-recipe-ingredient-unit"">ounces</span> <span class=""wprm-recipe-ingredient-name"">cream cheese</span> <span class=""wprm-recipe-ingredient-notes wprm-recipe-ingredient-notes-smaller-faded"">softened</span></li>",cream cheese,cream cheese,8.0,ounces,ok,
twoplaidaprons,https://twoplaidaprons.com/carrot-cake/,Carrot Cake,65.0,True,"<li class=""wprm-recipe-ingredient"" data-uid=""13"" style=""list-style-type: none;""><span class=""wprm-checkbox-container""><input aria-label="" 1 stick unsalted butter softened"" class=""wprm-checkbox"" id=""wprm-checkbox-12"" type=""checkbox""/><label class=""wprm-checkbox-label"" for=""wprm-checkbox-12""><span class=""sr-only screen-reader-text wprm-screen-reader-text"">▢ </span></label></span><span class=""wprm-recipe-ingredient-amount"">1</span> <span class=""wprm-recipe-ingredient-unit"">stick</span> <span class=""wprm-recipe-ingredient-name"">unsalted butter</span> <span class=""wprm-recipe-ingredient-notes wprm-recipe-ingredient-notes-smaller-faded"">softened</span></li>",unsalted butter,unsalted butter,1.0,stick,ok,
twoplaidaprons,https://twoplaidaprons.com/carrot-cake/,Carrot Cake,65.0,True,"<li class=""wprm-recipe-ingredient"" data-uid=""14"" style=""list-style-type: none;""><span class=""wprm-checkbox-container""><input aria-label="" 3 cups powdered sugar"" class=""wprm-checkbox"" id=""wprm-checkbox-13"" type=""checkbox""/><label class=""wprm-checkbox-label"" for=""wprm-checkbox-13""><span class=""sr-only screen-reader-text wprm-screen-reader-text"">▢ </span></label></span><span class=""wprm-recipe-ingredient-amount"">3</span> <span class=""wprm-recipe-ingredient-unit"">cups</span> <span class=""wprm-recipe-ingredient-name""><a class=""wprm-recipe-ingredient-link"" href=""https://amzn.to/3RpdOT0"" rel=""nofollow noreferrer"" target=""_blank"">powdered sugar</a></span></li>",powdered sugar,powdered sugar,3.0,cups,ok,
twoplaidaprons,https://twoplaidaprons.com/carrot-cake/,Carrot Cake,65.0,True,"<li class=""wprm-recipe-ingredient"" data-uid=""15"" style=""list-style-type: none;""><span class=""wprm-checkbox-container""><input aria-label="" ½ teaspoon vanilla extract"" class=""wprm-checkbox"" id=""wprm-checkbox-14"" type=""checkbox""/><label class=""wprm-checkbox-label"" for=""wprm-checkbox-14""><span class=""sr-only screen-reader-text wprm-screen-reader-text"">▢ </span></label></span><span class=""wprm-recipe-ingredient-amount"">½</span> <span class=""wprm-recipe-ingredient-unit"">teaspoon</span> <span class=""wprm-recipe-ingredient-name""><a class=""wprm-recipe-ingredient-link"" href=""https://amzn.to/3ddOXwE"" rel=""nofollow noreferrer"" target=""_blank"">vanilla extract</a></span></li>",vanilla extract,vanilla extract,0.5,teaspoon,ok,
twoplaidaprons,https://twoplaidaprons.com/carrot-cake/,Carrot Cake,65.0,True,"<li class=""wprm-recipe-ingredient"" data-uid=""16"" style=""list-style-type: none;""><span class=""wprm-checkbox-container""><input aria-label="" Green and orange food colorings optional"" class=""wprm-checkbox"" id=""wprm-checkbox-15"" type=""checkbox""/><label class=""wprm-checkbox-label"" for=""wprm-checkbox-15""><span class=""sr-only screen-reader-text wprm-screen-reader-text"">▢ </span></label></span><span class=""wprm-recipe-ingredient-name"">Green and orange food colorings</span> <span class=""wprm-recipe-ingredient-notes wprm-recipe-ingredient-notes-smaller-faded""><em>optional</em></span></li>",Green and orange food colorings,green  orange food colorings,,,ok,
twoplaidaprons,https://twoplaidaprons.com/cauliflower-nachos/,Cauliflower Nachos,35.0,True,"<li class=""wprm-recipe-ingredient"" style=""list-style-type: none;""><span class=""wprm-checkbox-container""><input aria-label="" 2 pound cauliflower , cut into ½ inch slices (or 1 large head/ 900g)"" class=""wprm-checkbox"" id=""wprm-checkbox-0"" type=""checkbox""/><label class=""wprm-checkbox-label"" for=""wprm-checkbox-0""><span class=""sr-only screen-reader-text wprm-screen-reader-text"">▢ </span></label></span><span class=""wprm-recipe-ingredient-amount"">2</span> <span class=""wprm-recipe-ingredient-unit"">pound</span> <span class=""wprm-recipe-ingredient-name"">cauliflower</span> <span class=""wprm-recipe-ingredient-notes wprm-recipe-ingredient-notes-smaller-faded"">, cut into ½ inch slices (or 1 large head/ 900g)</span></li>",cauliflower,cauliflower,2.0,pound,ok,
twoplaidaprons,https://twoplaidaprons.com/cauliflower-nachos/,Cauliflower Nachos,35.0,True,"<li class=""wprm-recipe-ingredient"" style=""list-style-type: none;""><span class=""wprm-checkbox-container""><input aria-label="" 3 Tablespoon oil , or any neutral flavored oil (or 30mL)"" class=""wprm-checkbox"" id=""wprm-checkbox-1"" type=""checkbox""/><label class=""wprm-checkbox-label"" for=""wprm-checkbox-1""><span class=""sr-only screen-reader-text wprm-screen-reader-text"">▢ </span></label></span><span class=""wprm-recipe-ingredient-amount"">3</span> <span class=""wprm-recipe-ingredient-unit"">Tablespoon</span> <span class=""wprm-recipe-ingredient-name"">oil</span> <span class=""wprm-recipe-ingredient-notes wprm-recipe-ingredient-notes-smaller-faded"">, or any neutral flavored oil (or 30mL)</span></li>",oil,oil,3.0,Tablespoon,ok,
twoplaidaprons,https://twoplaidaprons.com/cauliflower-nachos/,Cauliflower Nachos,35.0,True,"<li class=""wprm-recipe-ingredient"" style=""list-style-type: none;""><span class=""wprm-checkbox-container""><input aria-label="" 1 teaspoon kosher salt"" class=""wprm-checkbox"" id=""wprm-checkbox-2"" type=""checkbox""/><label class=""wprm-checkbox-label"" for=""wprm-checkbox-2""><span class=""sr-only screen-reader-text wprm-screen-reader-text"">▢ </span></label></span><span class=""wprm-recipe-ingredient-amount"">1</span> <span class=""wprm-recipe-ingredient-unit"">teaspoon</span> <span class=""wprm-recipe-ingredient-name""><a class=""wprm-recipe-ingredient-link"" href=""https://amzn.to/3cjL1LU"" rel=""nofollow noreferrer"" target=""_blank"">kosher salt</a></span></li>",kosher salt,salt,1.0,teaspoon,ok,
twoplaidaprons,https://twoplaidaprons.com/cauliflower-nachos/,Cauliflower Nachos,35.0,True,"<li class=""wprm-recipe-ingredient"" style=""list-style-type: none;""><span class=""wprm-checkbox-container""><input aria-label="" ½ teaspoon garlic powder"" class=""wprm-checkbox"" id=""wprm-checkbox-3"" type=""checkbox""/><label class=""wprm-checkbox-label"" for=""wprm-checkbox-3""><span class=""sr-only screen-reader-text wprm-screen-reader-text"">▢ </span></label></span><span class=""wprm-recipe-ingredient-amount"">½</span> <span class=""wprm-recipe-ingredient-unit"">teaspoon</span> <span class=""wprm-recipe-ingredient-name""><a class=""wprm-recipe-ingredient-link"" href=""https://amzn.to/3SikyFF"" rel=""nofollow noreferrer"" target=""_blank"">garlic powder</a></span></li>",garlic powder,garlic powder,0.5,teaspoon,ok,
twoplaidaprons,https://twoplaidaprons.com/cauliflower-nachos/,Cauliflower Nachos,35.0,True,"<li class=""wprm-recipe-ingredient"" style=""list-style-type: none;""><span class=""wprm-checkbox-container""><input aria-label="" ½ teaspoon ground paprika"" class=""wprm-checkbox"" id=""wprm-checkbox-4"" type=""checkbox""/><label class=""wprm-checkbox-label"" for=""wprm-checkbox-4""><span class=""sr-only screen-reader-text wprm-screen-reader-text"">▢ </span></label></span><span class=""wprm-recipe-ingredient-amount"">½</span> <span class=""wprm-recipe-ingredient-unit"">teaspoon</span> <span class=""wprm-recipe-ingredient-name""><a class=""wprm-recipe-ingredient-link"" href=""https://amzn.to/40MXgda"" rel=""nofollow noreferrer"" target=""_blank"">ground paprika</a></span></li>",ground paprika,paprika,0.5,teaspoon,ok,
twoplaidaprons,https://twoplaidaprons.com/cauliflower-nachos/,Cauliflower Nachos,35.0,True,"<li class=""wprm-recipe-ingredient"" style=""list-style-type: none;""><span class=""wprm-checkbox-container""><input aria-label="" ½ teaspoon chilli powder"" class=""wprm-checkbox"" id=""wprm-checkbox-5"" type=""checkbox""/><label class=""wprm-checkbox-label"" for=""wprm-checkbox-5""><span class=""sr-only screen-reader-text wprm-screen-reader-text"">▢ </span></label></span><span class=""wprm-recipe-ingredient-amount"">½</span> <span class=""wprm-recipe-ingredient-unit"">teaspoon</span> <span class=""wprm-recipe-ingredient-name"">chilli powder</span></li>",chilli powder,chilli powder,0.5,teaspoon,ok,
twoplaidaprons,https://twoplaidaprons.com/cauliflower-nachos/,Cauliflower Nachos,35.0,True,"<li class=""wprm-recipe-ingredient"" style=""list-style-type: none;""><span class=""wprm-checkbox-container""><input aria-label="" ¼ teaspoon ground cumin"" class=""wprm-checkbox"" id=""wprm-checkbox-6"" type=""checkbox""/><label class=""wprm-checkbox-label"" for=""wprm-checkbox-6""><span class=""sr-only screen-reader-text wprm-screen-reader-text"">▢ </span></label></span><span class=""wprm-recipe-ingredient-amount"">¼</span> <span class=""wprm-recipe-ingredient-unit"">teaspoon</span> <span class=""wprm-recipe-ingredient-name"">ground cumin</span></li>",ground cumin,cumin,0.25,teaspoon,ok,
twoplaidaprons,https://twoplaidaprons.com/cauliflower-nachos/,Cauliflower Nachos,35.0,True,"<li class=""wprm-recipe-ingredient"" style=""list-style-type: none;""><span class=""wprm-checkbox-container""><input aria-label="" ¼ teaspoon cracked black pepper"" class=""wprm-checkbox"" id=""wprm-checkbox-7"" type=""checkbox""/><label class=""wprm-checkbox-label"" for=""wprm-checkbox-7""><span class=""sr-only screen-reader-text wprm-screen-reader-text"">▢ </span></label></span><span class=""wprm-recipe-ingredient-amount"">¼</span> <span class=""wprm-recipe-ingredient-unit"">teaspoon</span> <span class=""wprm-recipe-ingredient-name"">cracked black pepper</span></li>",cracked black pepper,cracked black pepper,0.25,teaspoon,ok,
twoplaidaprons,https://twoplaidaprons.com/cauliflower-nachos/,Cauliflower Nachos,35.0,True,"<li class=""wprm-recipe-ingredient"" style=""list-style-type: none;""><span class=""wprm-checkbox-container""><input aria-label="" ½ medium red onion , thinly sliced"" class=""wprm-checkbox"" id=""wprm-checkbox-8"" type=""checkbox""/><label class=""wprm-checkbox-label"" for=""wprm-checkbox-8""><span class=""sr-only screen-reader-text wprm-screen-reader-text"">▢ </span></label></span><span class=""wprm-recipe-ingredient-amount"">½</span> <span class=""wprm-recipe-ingredient-name"">medium red onion</span> <span class=""wprm-recipe-ingredient-notes wprm-recipe-ingredient-notes-smaller-faded"">, thinly sliced</span></li>",medium red onion,red onion,0.5,,ok,
twoplaidaprons,https://twoplaidaprons.com/cauliflower-nachos/,Cauliflower Nachos,35.0,True,"<li class=""wprm-recipe-ingredient"" style=""list-style-type: none;""><span class=""wprm-checkbox-container""><input aria-label="" 6 ounce Mexican cheese"" class=""wprm-checkbox"" id=""wprm-checkbox-9"" type=""checkbox""/><label class=""wprm-checkbox-label"" for=""wprm-checkbox-9""><span class=""sr-only screen-reader-text wprm-screen-reader-text"">▢ </span></label></span><span class=""wprm-recipe-ingredient-amount"">6</span> <span class=""wprm-recipe-ingredient-unit"">ounce</span> <span class=""wprm-recipe-ingredient-name"">Mexican cheese</span></li>",Mexican cheese,mexican cheese,6.0,ounce,ok,
twoplaidaprons,https://twoplaidaprons.com/cauliflower-nachos/,Cauliflower Nachos,35.0,True,"<li class=""wprm-recipe-ingredient"" style=""list-style-type: none;""><span class=""wprm-checkbox-container""><input aria-label="" ½ cup refried beans"" class=""wprm-checkbox"" id=""wprm-checkbox-10"" type=""checkbox""/><label class=""wprm-checkbox-label"" for=""wprm-checkbox-10""><span class=""sr-only screen-reader-text wprm-screen-reader-text"">▢ </span></label></span><span class=""wprm-recipe-ingredient-amount"">½</span> <span class=""wprm-recipe-ingredient-unit"">cup</span> <span class=""wprm-recipe-ingredient-name"">refried beans</span></li>",refried beans,refried beans,0.5,cup,ok,
twoplaidaprons,https://twoplaidaprons.com/cauliflower-nachos/,Cauliflower Nachos,35.0,True,"<li class=""wprm-recipe-ingredient"" style=""list-style-type: none;""><span class=""wprm-checkbox-container""><input aria-label="" 1 cup cherry tomato , quartered"" class=""wprm-checkbox"" id=""wprm-checkbox-11"" type=""checkbox""/><label class=""wprm-checkbox-label"" for=""wprm-checkbox-11""><span class=""sr-only screen-reader-text wprm-screen-reader-text"">▢ </span></label></span><span class=""wprm-recipe-ingredient-amount"">1</span> <span class=""wprm-recipe-ingredient-unit"">cup</span> <span class=""wprm-recipe-ingredient-name"">cherry tomato</span> <span class=""wprm-recipe-ingredient-notes wprm-recipe-ingredient-notes-smaller-faded"">, quartered</span></li>",cherry tomato,cherry tomato,1.0,cup,ok,
twoplaidaprons,https://twoplaidaprons.com/cauliflower-nachos/,Cauliflower Nachos,35.0,True,"<li class=""wprm-recipe-ingredient"" style=""list-style-type: none;""><span class=""wprm-checkbox-container""><input aria-label="" ½ jalapeno , thinly sliced"" class=""wprm-checkbox"" id=""wprm-checkbox-12"" type=""checkbox""/><label class=""wprm-checkbox-label"" for=""wprm-checkbox-12""><span class=""sr-only screen-reader-text wprm-screen-reader-text"">▢ </span></label></span><span class=""wprm-recipe-ingredient-amount"">½</span> <span class=""wprm-recipe-ingredient-name"">jalapeno</span> <span class=""wprm-recipe-ingredient-notes wprm-recipe-ingredient-notes-smaller-faded"">, thinly sliced</span></li>",jalapeno,jalapeno,0.5,,ok,
twoplaidaprons,https://twoplaidaprons.com/cauliflower-nachos/,Cauliflower Nachos,35.0,True,"<li class=""wprm-recipe-ingredient"" style=""list-style-type: none;""><span class=""wprm-checkbox-container""><input aria-label="" ¼ cup cilantro leaves , for garnish (not packed)"" class=""wprm-checkbox"" id=""wprm-checkbox-13"" type=""checkbox""/><label class=""wprm-checkbox-label"" for=""wprm-checkbox-13""><span class=""sr-only screen-reader-text wprm-screen-reader-text"">▢ </span></label></span><span class=""wprm-recipe-ingredient-amount"">¼</span> <span class=""wprm-recipe-ingredient-unit"">cup</span> <span class=""wprm-recipe-ingredient-name"">cilantro leaves</span> <span class=""wprm-recipe-ingredient-notes wprm-recipe-ingredient-notes-smaller-faded"">, for garnish (not packed)</span></li>",cilantro leaves,cilantro leaves,0.25,cup,ok,
twoplaidaprons,https://twoplaidaprons.com/cauliflower-nachos/,Cauliflower Nachos,35.0,True,"<li class=""wprm-recipe-ingredient"" style=""list-style-type: none;""><span class=""wprm-checkbox-container""><input aria-label="" ½ avocado , roughly diced (or guacamole)"" class=""wprm-checkbox"" id=""wprm-checkbox-14"" type=""checkbox""/><label class=""wprm-checkbox-label"" for=""wprm-checkbox-14""><span class=""sr-only screen-reader-text wprm-screen-reader-text"">▢ </span></label></span><span class=""wprm-recipe-ingredient-amount"">½</span> <span class=""wprm-recipe-ingredient-name"">avocado</span> <span class=""wprm-recipe-ingredient-notes wprm-recipe-ingredient-notes-smaller-faded"">, roughly diced (or guacamole)</span></li>",avocado,avocado,0.5,,ok,
twoplaidaprons,https://twoplaidaprons.com/century-egg-and-pork-congee/,Century Egg and Pork Congee (皮蛋瘦肉粥),60.0,True,"<li class=""wprm-recipe-ingredient"" data-uid=""0"" style=""list-style-type: none;""><span class=""wprm-checkbox-container""><input aria-label="" ½ cup medium grain white rice or short grain"" class=""wprm-checkbox"" id=""wprm-checkbox-0"" type=""checkbox""/><label class=""wprm-checkbox-label"" for=""wprm-checkbox-0""><span class=""sr-only screen-reader-text wprm-screen-reader-text"">▢ </span></label></span><span class=""wprm-recipe-ingredient-amount"">½</span> <span class=""wprm-recipe-ingredient-unit"">cup</span> <span class=""wprm-recipe-ingredient-name""><a class=""wprm-recipe-ingredient-link"" href=""https://amzn.to/2HNxhKZ"" rel=""nofollow noreferrer"" target=""_blank"">medium grain white rice</a></span> <span class=""wprm-recipe-ingredient-notes wprm-recipe-ingredient-notes-smaller-faded"">or short grain</span></li>",medium grain white rice,grain  rice,0.5,cup,ok,
twoplaidaprons,https://twoplaidaprons.com/century-egg-and-pork-congee/,Century Egg and Pork Congee (皮蛋瘦肉粥),60.0,True,"<li class=""wprm-recipe-ingredient"" data-uid=""2"" style=""list-style-type: none;""><span class=""wprm-checkbox-container""><input aria-label="" 4 cups water"" class=""wprm-checkbox"" id=""wprm-checkbox-1"" type=""checkbox""/><label class=""wprm-checkbox-label"" for=""wprm-checkbox-1""><span class=""sr-only screen-reader-text wprm-screen-reader-text"">▢ </span></label></span><span class=""wprm-recipe-ingredient-amount"">4</span> <span class=""wprm-recipe-ingredient-unit"">cups</span> <span class=""wprm-recipe-ingredient-name"">water</span></li>",water,water,4.0,cups,ok,
twoplaidaprons,https://twoplaidaprons.com/century-egg-and-pork-congee/,Century Egg and Pork Congee (皮蛋瘦肉粥),60.0,True,"<li class=""wprm-recipe-ingredient"" data-uid=""6"" style=""list-style-type: none;""><span class=""wprm-checkbox-container""><input aria-label="" 2 century egg peel and roughly chop (optional: slice half an egg into wedges for garnish)"" class=""wprm-checkbox"" id=""wprm-checkbox-2"" type=""checkbox""/><label class=""wprm-checkbox-label"" for=""wprm-checkbox-2""><span class=""sr-only screen-reader-text wprm-screen-reader-text"">▢ </span></label></span><span class=""wprm-recipe-ingredient-amount"">2</span> <span class=""wprm-recipe-ingredient-name"">century egg</span> <span class=""wprm-recipe-ingredient-notes wprm-recipe-ingredient-notes-smaller-faded"">peel and roughly chop (optional: slice half an egg into wedges for garnish)</span></li>",century egg,century egg,2.0,,ok,
twoplaidaprons,https://twoplaidaprons.com/century-egg-and-pork-congee/,Century Egg and Pork Congee (皮蛋瘦肉粥),60.0,True,"<li class=""wprm-recipe-ingredient"" data-uid=""3"" style=""list-style-type: none;""><span class=""wprm-checkbox-container""><input aria-label="" 1 teaspoon oil any neutral oil will do"" class=""wprm-checkbox"" id=""wprm-checkbox-3"" type=""checkbox""/><label class=""wprm-checkbox-label"" for=""wprm-checkbox-3""><span class=""sr-only screen-reader-text wprm-screen-reader-text"">▢ </span></label></span><span class=""wprm-recipe-ingredient-amount"">1</span> <span class=""wprm-recipe-ingredient-unit"">teaspoon</span> <span class=""wprm-recipe-ingredient-name"">oil</span> <span class=""wprm-recipe-ingredient-notes wprm-recipe-ingredient-notes-smaller-faded"">any neutral oil will do</span></li>",oil,oil,1.0,teaspoon,ok,
twoplaidaprons,https://twoplaidaprons.com/century-egg-and-pork-congee/,Century Egg and Pork Congee (皮蛋瘦肉粥),60.0,True,"<li class=""wprm-recipe-ingredient"" data-uid=""4"" style=""list-style-type: none;""><span class=""wprm-checkbox-container""><input aria-label="" 1 stalk green onion thinly sliced (plus more for garnish)"" class=""wprm-checkbox"" id=""wprm-checkbox-4"" type=""checkbox""/><label class=""wprm-checkbox-label"" for=""wprm-checkbox-4""><span class=""sr-only screen-reader-text wprm-screen-reader-text"">▢ </span></label></span><span class=""wprm-recipe-ingredient-amount"">1</span> <span class=""wprm-recipe-ingredient-unit"">stalk</span> <span class=""wprm-recipe-ingredient-name"">green onion</span> <span class=""wprm-recipe-ingredient-notes wprm-recipe-ingredient-notes-smaller-faded"">thinly sliced (plus more for garnish)</span></li>",green onion,green onion,1.0,stalk,ok,
twoplaidaprons,https://twoplaidaprons.com/century-egg-and-pork-congee/,Century Egg and Pork Congee (皮蛋瘦肉粥),60.0,True,"<li class=""wprm-recipe-ingredient"" data-uid=""7"" style=""list-style-type: none;""><span class=""wprm-checkbox-container""><input aria-label="" Salt as needed"" class=""wprm-checkbox"" id=""wprm-checkbox-5"" type=""checkbox""/><label class=""wprm-checkbox-label"" for=""wprm-checkbox-5""><span class=""sr-only screen-reader-text wprm-screen-reader-text"">▢ </span></label></span><span class=""wprm-recipe-ingredient-name"">Salt</span> <span class=""wprm-recipe-ingredient-notes wprm-recipe-ingredient-notes-smaller-faded"">as needed</span></li>",Salt,salt,,,ok,
twoplaidaprons,https://twoplaidaprons.com/century-egg-and-pork-congee/,Century Egg and Pork Congee (皮蛋瘦肉粥),60.0,True,"<li class=""wprm-recipe-ingredient"" data-uid=""8"" style=""list-style-type: none;""><span class=""wprm-checkbox-container""><input aria-label="" 4 ounces boneless pork chop cut into thin slices or strips"" class=""wprm-checkbox"" id=""wprm-checkbox-6"" type=""checkbox""/><label class=""wprm-checkbox-label"" for=""wprm-checkbox-6""><span class=""sr-only screen-reader-text wprm-screen-reader-text"">▢ </span></label></span><span class=""wprm-recipe-ingredient-amount"">4</span> <span class=""wprm-recipe-ingredient-unit"">ounces</span> <span class=""wprm-recipe-ingredient-name"">boneless pork chop</span> <span class=""wprm-recipe-ingredient-notes wprm-recipe-ingredient-notes-smaller-faded"">cut into thin slices or strips</span></li>",boneless pork chop,boneless pork chop,4.0,ounces,ok,
twoplaidaprons,https://twoplaidaprons.com/century-egg-and-pork-congee/,Century Egg and Pork Congee (皮蛋瘦肉粥),60.0,True,"<li class=""wprm-recipe-ingredient"" data-uid=""9"" style=""list-style-type: none;""><span class=""wprm-checkbox-container""><input aria-label="" 1 tablespoon ginger peeled and minced (about an inch knob)"" class=""wprm-checkbox"" id=""wprm-checkbox-7"" type=""checkbox""/><label class=""wprm-checkbox-label"" for=""wprm-checkbox-7""><span class=""sr-only screen-reader-text wprm-screen-reader-text"">▢ </span></label></span><span class=""wprm-recipe-ingredient-amount"">1</span> <span class=""wprm-recipe-ingredient-unit"">tablespoon</span> <span class=""wprm-recipe-ingredient-name"">ginger</span> <span class=""wprm-recipe-ingredient-notes wprm-recipe-ingredient-notes-smaller-faded"">peeled and minced (about an inch knob)</span></li>",ginger,ginger,1.0,tablespoon,ok,
twoplaidaprons,https://twoplaidaprons.com/century-egg-and-pork-congee/,Century Egg and Pork Congee (皮蛋瘦肉粥),60.0,True,"<li class=""wprm-recipe-ingredient"" data-uid=""11"" style=""list-style-type: none;""><span class=""wprm-checkbox-container""><input aria-label="" 1 teaspoon water"" class=""wprm-checkbox"" id=""wprm-checkbox-8"" type=""checkbox""/><label class=""wprm-checkbox-label"" for=""wprm-checkbox-8""><span class=""sr-only screen-reader-text wprm-screen-reader-text"">▢ </span></label></span><span class=""wprm-recipe-ingredient-amount"">1</span> <span class=""wprm-recipe-ingredient-unit"">teaspoon</span> <span class=""wprm-recipe-ingredient-name"">water</span></li>",water,water,1.0,teaspoon,ok,
twoplaidaprons,https://twoplaidaprons.com/century-egg-and-pork-congee/,Century Egg and Pork Congee (皮蛋瘦肉粥),60.0,True,"<li class=""wprm-recipe-ingredient"" data-uid=""12"" style=""list-style-type: none;""><span class=""wprm-checkbox-container""><input aria-label="" 1 teaspoon Shaoxing rice wine"" class=""wprm-checkbox"" id=""wprm-checkbox-9"" type=""checkbox""/><label class=""wprm-checkbox-label"" for=""wprm-checkbox-9""><span class=""sr-only screen-reader-text wprm-screen-reader-text"">▢ </span></label></span><span class=""wprm-recipe-ingredient-amount"">1</span> <span class=""wprm-recipe-ingredient-unit"">teaspoon</span> <span class=""wprm-recipe-ingredient-name""><a class=""wprm-recipe-ingredient-link"" href=""https://amzn.to/4hZSKku"" rel=""nofollow noreferrer"" target=""_blank"">Shaoxing rice wine</a></span></li>",Shaoxing rice wine,shaoxing rice wine,1.0,teaspoon,ok,
twoplaidaprons,https://twoplaidaprons.com/century-egg-and-pork-congee/,Century Egg and Pork Congee (皮蛋瘦肉粥),60.0,True,"<li class=""wprm-recipe-ingredient"" data-uid=""10"" style=""list-style-type: none;""><span class=""wprm-checkbox-container""><input aria-label="" ½ teaspoon kosher salt fine salt is okay too"" class=""wprm-checkbox"" id=""wprm-checkbox-10"" type=""checkbox""/><label class=""wprm-checkbox-label"" for=""wprm-checkbox-10""><span class=""sr-only screen-reader-text wprm-screen-reader-text"">▢ </span></label></span><span class=""wprm-recipe-ingredient-amount"">½</span> <span class=""wprm-recipe-ingredient-unit"">teaspoon</span> <span class=""wprm-recipe-ingredient-name""><a class=""wprm-recipe-ingredient-link"" href=""https://amzn.to/3cjL1LU"" rel=""nofollow noreferrer"" target=""_blank"">kosher salt</a></span> <span class=""wprm-recipe-ingredient-notes wprm-recipe-ingredient-notes-smaller-faded"">fine salt is okay too</span></li>",kosher salt,salt,0.5,teaspoon,ok,
twoplaidaprons,https://twoplaidaprons.com/century-egg-and-pork-congee/,Century Egg and Pork Congee (皮蛋瘦肉粥),60.0,True,"<li class=""wprm-recipe-ingredient"" data-uid=""15"" style=""list-style-type: none;""><span class=""wprm-checkbox-container""><input aria-label="" white pepper"" class=""wprm-checkbox"" id=""wprm-checkbox-11"" type=""checkbox""/><label class=""wprm-checkbox-label"" for=""wprm-checkbox-11""><span class=""sr-only screen-reader-text wprm-screen-reader-text"">▢ </span></label></span><span class=""wprm-recipe-ingredient-name"">white pepper</span></li>",white pepper,pepper,,,ok,
twoplaidaprons,https://twoplaidaprons.com/century-egg-and-pork-congee/,Century Egg and Pork Congee (皮蛋瘦肉粥),60.0,True,"<li class=""wprm-recipe-ingredient"" data-uid=""13"" style=""list-style-type: none;""><span class=""wprm-checkbox-container""><input aria-label="" 1 teaspoon cornstarch"" class=""wprm-checkbox"" id=""wprm-checkbox-12"" type=""checkbox""/><label class=""wprm-checkbox-label"" for=""wprm-checkbox-12""><span class=""sr-only screen-reader-text wprm-screen-reader-text"">▢ </span></label></span><span class=""wprm-recipe-ingredient-amount"">1</span> <span class=""wprm-recipe-ingredient-unit"">teaspoon</span> <span class=""wprm-recipe-ingredient-name""><a class=""wprm-recipe-ingredient-link"" href=""https://amzn.to/37lEG01"" rel=""nofollow noreferrer"" target=""_blank"">cornstarch</a></span></li>",cornstarch,cornstarch,1.0,teaspoon,ok,
twoplaidaprons,https://twoplaidaprons.com/century-egg-and-pork-congee/,Century Egg and Pork Congee (皮蛋瘦肉粥),60.0,True,"<li class=""wprm-recipe-ingredient"" data-uid=""14"" style=""list-style-type: none;""><span class=""wprm-checkbox-container""><input aria-label="" 1 teaspoon oil any neutral oil is fine"" class=""wprm-checkbox"" id=""wprm-checkbox-13"" type=""checkbox""/><label class=""wprm-checkbox-label"" for=""wprm-checkbox-13""><span class=""sr-only screen-reader-text wprm-screen-reader-text"">▢ </span></label></span><span class=""wprm-recipe-ingredient-amount"">1</span> <span class=""wprm-recipe-ingredient-unit"">teaspoon</span> <span class=""wprm-recipe-ingredient-name"">oil</span> <span class=""wprm-recipe-ingredient-notes wprm-recipe-ingredient-notes-smaller-faded"">any neutral oil is fine</span></li>",oil,oil,1.0,teaspoon,ok,
twoplaidaprons,https://twoplaidaprons.com/char-siu-chicken/,Char Siu Chicken,20.0,True,"<li class=""wprm-recipe-ingredient"" data-uid=""0"" style=""list-style-type: none;""><span class=""wprm-checkbox-container""><input aria-label="" 2 pounds boneless, skinless chicken thighs"" class=""wprm-checkbox"" id=""wprm-checkbox-0"" type=""checkbox""/><label class=""wprm-checkbox-label"" for=""wprm-checkbox-0""><span class=""sr-only screen-reader-text wprm-screen-reader-text"">▢ </span></label></span><span class=""wprm-recipe-ingredient-amount"">2</span> <span class=""wprm-recipe-ingredient-unit"">pounds</span> <span class=""wprm-recipe-ingredient-name"">boneless, skinless chicken thighs</span></li>","boneless, skinless chicken thighs",boneless skinless chicken thighs,2.0,pounds,ok,
twoplaidaprons,https://twoplaidaprons.com/char-siu-chicken/,Char Siu Chicken,20.0,True,"<li class=""wprm-recipe-ingredient"" data-uid=""1"" style=""list-style-type: none;""><span class=""wprm-checkbox-container""><input aria-label="" 4 tablespoons hoisin sauce"" class=""wprm-checkbox"" id=""wprm-checkbox-1"" type=""checkbox""/><label class=""wprm-checkbox-label"" for=""wprm-checkbox-1""><span class=""sr-only screen-reader-text wprm-screen-reader-text"">▢ </span></label></span><span class=""wprm-recipe-ingredient-amount"">4</span> <span class=""wprm-recipe-ingredient-unit"">tablespoons</span> <span class=""wprm-recipe-ingredient-name""><a class=""wprm-recipe-ingredient-link"" href=""https://amzn.to/3ESlkR0"" rel=""nofollow noreferrer"" target=""_blank"">hoisin sauce</a></span></li>",hoisin sauce,hoisin sauce,4.0,tablespoons,ok,
twoplaidaprons,https://twoplaidaprons.com/char-siu-chicken/,Char Siu Chicken,20.0,True,"<li class=""wprm-recipe-ingredient"" data-uid=""2"" style=""list-style-type: none;""><span class=""wprm-checkbox-container""><input aria-label="" 3 tablespoons granulated sugar"" class=""wprm-checkbox"" id=""wprm-checkbox-2"" type=""checkbox""/><label class=""wprm-checkbox-label"" for=""wprm-checkbox-2""><span class=""sr-only screen-reader-text wprm-screen-reader-text"">▢ </span></label></span><span class=""wprm-recipe-ingredient-amount"">3</span> <span class=""wprm-recipe-ingredient-unit"">tablespoons</span> <span class=""wprm-recipe-ingredient-name""><a class=""wprm-recipe-ingredient-link"" href=""https://amzn.to/3IEdexr"" rel=""nofollow noreferrer"" target=""_blank"">granulated sugar</a></span></li>",granulated sugar,granulated sugar,3.0,tablespoons,ok,
twoplaidaprons,https://twoplaidaprons.com/char-siu-chicken/,Char Siu Chicken,20.0,True,"<li class=""wprm-recipe-ingredient"" data-uid=""3"" style=""list-style-type: none;""><span class=""wprm-checkbox-container""><input aria-label="" 2 tablespoons regular soy sauce"" class=""wprm-checkbox"" id=""wprm-checkbox-3"" type=""checkbox""/><label class=""wprm-checkbox-label"" for=""wprm-checkbox-3""><span class=""sr-only screen-reader-text wprm-screen-reader-text"">▢ </span></label></span><span class=""wprm-recipe-ingredient-amount"">2</span> <span class=""wprm-recipe-ingredient-unit"">tablespoons</span> <span class=""wprm-recipe-ingredient-name""><a class=""wprm-recipe-ingredient-link"" href=""https://amzn.to/4aG8YfV"" rel=""nofollow noreferrer"" target=""_blank"">regular soy sauce</a></span></li>",regular soy sauce,regular soy sauce,2.0,tablespoons,ok,
twoplaidaprons,https://twoplaidaprons.com/char-siu-chicken/,Char Siu Chicken,20.0,True,"<li class=""wprm-recipe-ingredient"" data-uid=""4"" style=""list-style-type: none;""><span class=""wprm-checkbox-container""><input aria-label="" 1 tablespoon Shaoxing rice wine (optional)"" class=""wprm-checkbox"" id=""wprm-checkbox-4"" type=""checkbox""/><label class=""wprm-checkbox-label"" for=""wprm-checkbox-4""><span class=""sr-only screen-reader-text wprm-screen-reader-text"">▢ </span></label></span><span class=""wprm-recipe-ingredient-amount"">1</span> <span class=""wprm-recipe-ingredient-unit"">tablespoon</span> <span class=""wprm-recipe-ingredient-name""><a class=""wprm-recipe-ingredient-link"" href=""https://amzn.to/4hZSKku"" rel=""nofollow noreferrer"" target=""_blank"">Shaoxing rice wine</a></span> <span class=""wprm-recipe-ingredient-notes wprm-recipe-ingredient-notes-smaller-faded"">(optional)</span></li>",Shaoxing rice wine,shaoxing rice wine,1.0,tablespoon,ok,
twoplaidaprons,https://twoplaidaprons.com/char-siu-chicken/,Char Siu Chicken,20.0,True,"<li class=""wprm-recipe-ingredient"" data-uid=""5"" style=""list-style-type: none;""><span class=""wprm-checkbox-container""><input aria-label="" 1 cube fermented red bean curd regular red or rose are both fine"" class=""wprm-checkbox"" id=""wprm-checkbox-5"" type=""checkbox""/><label class=""wprm-checkbox-label"" for=""wprm-checkbox-5""><span class=""sr-only screen-reader-text wprm-screen-reader-text"">▢ </span></label></span><span class=""wprm-recipe-ingredient-amount"">1</span> <span class=""wprm-recipe-ingredient-unit"">cube</span> <span class=""wprm-recipe-ingredient-name""><a class=""wprm-recipe-ingredient-link"" href=""https://amzn.to/3N3fkuL"" rel=""nofollow noreferrer"" target=""_blank"">fermented red bean curd</a></span> <span class=""wprm-recipe-ingredient-notes wprm-recipe-ingredient-notes-smaller-faded"">regular red or rose are both fine</span></li>",fermented red bean curd,fermented red bean curd,1.0,cube,ok,
twoplaidaprons,https://twoplaidaprons.com/char-siu-chicken/,Char Siu Chicken,20.0,True,"<li class=""wprm-recipe-ingredient"" data-uid=""6"" style=""list-style-type: none;""><span class=""wprm-checkbox-container""><input aria-label="" 2 teaspoons red yeast rice finely grounded; optional for color (or use 2-5 drops of red food coloring) *see notes"" class=""wprm-checkbox"" id=""wprm-checkbox-6"" type=""checkbox""/><label class=""wprm-checkbox-label"" for=""wprm-checkbox-6""><span class=""sr-only screen-reader-text wprm-screen-reader-text"">▢ </span></label></span><span class=""wprm-recipe-ingredient-amount"">2</span> <span class=""wprm-recipe-ingredient-unit"">teaspoons</span> <span class=""wprm-recipe-ingredient-name"">red yeast rice</span> <span class=""wprm-recipe-ingredient-notes wprm-recipe-ingredient-notes-smaller-faded"">finely grounded; optional for color (or use 2-5 drops of red food coloring) *<em>see notes</em></span></li>",red yeast rice,red yeast rice,2.0,teaspoons,ok,
twoplaidaprons,https://twoplaidaprons.com/char-siu-chicken/,Char Siu Chicken,20.0,True,"<li class=""wprm-recipe-ingredient"" data-uid=""7"" style=""list-style-type: none;""><span class=""wprm-checkbox-container""><input aria-label="" 1½ teaspoons garlic powder"" class=""wprm-checkbox"" id=""wprm-checkbox-7"" type=""checkbox""/><label class=""wprm-checkbox-label"" for=""wprm-checkbox-7""><span class=""sr-only screen-reader-text wprm-screen-reader-text"">▢ </span></label></span><span class=""wprm-recipe-ingredient-amount"">1½</span> <span class=""wprm-recipe-ingredient-unit"">teaspoons</span> <span class=""wprm-recipe-ingredient-name""><a class=""wprm-recipe-ingredient-link"" href=""https://amzn.to/3SikyFF"" rel=""nofollow noreferrer"" target=""_blank"">garlic powder</a></span></li>",garlic powder,garlic powder,1.5,teaspoons,ok,
twoplaidaprons,https://twoplaidaprons.com/char-siu-chicken/,Char Siu Chicken,20.0,True,"<li class=""wprm-recipe-ingredient"" data-uid=""8"" style=""list-style-type: none;""><span class=""wprm-checkbox-container""><input aria-label="" ½ teaspoon Chinese five spice powder"" class=""wprm-checkbox"" id=""wprm-checkbox-8"" type=""checkbox""/><label class=""wprm-checkbox-label"" for=""wprm-checkbox-8""><span class=""sr-only screen-reader-text wprm-screen-reader-text"">▢ </span></label></span><span class=""wprm-recipe-ingredient-amount"">½</span> <span class=""wprm-recipe-ingredient-unit"">teaspoon</span> <span class=""wprm-recipe-ingredient-name""><a class=""wprm-recipe-ingredient-link"" href=""https://amzn.to/35MXucs"" rel=""nofollow noreferrer"" target=""_blank"">Chinese five spice powder</a></span></li>",Chinese five spice powder,chinese five spice powder,0.5,teaspoon,ok,
twoplaidaprons,https://twoplaidaprons.com/char-siu-chinese-bbq-pork/,Char Siu (Chinese BBQ Pork),50.0,True,"<li class=""wprm-recipe-ingredient"" data-uid=""0"" style=""list-style-type: none;""><span class=""wprm-checkbox-container""><input aria-label="" 2 pounds boneless pork shoulder cut into 1 inch slices or strips (boneless country ribs are great too)"" class=""wprm-checkbox"" id=""wprm-checkbox-0"" type=""checkbox""/><label class=""wprm-checkbox-label"" for=""wprm-checkbox-0""><span class=""sr-only screen-reader-text wprm-screen-reader-text"">▢ </span></label></span><span class=""wprm-recipe-ingredient-amount"">2</span> <span class=""wprm-recipe-ingredient-unit"">pounds</span> <span class=""wprm-recipe-ingredient-name"">boneless pork shoulder</span> <span class=""wprm-recipe-ingredient-notes wprm-recipe-ingredient-notes-smaller-faded"">cut into 1 inch slices or strips (boneless country ribs are great too)</span></li>",boneless pork shoulder,boneless pork shoulder,2.0,pounds,ok,
twoplaidaprons,https://twoplaidaprons.com/char-siu-chinese-bbq-pork/,Char Siu (Chinese BBQ Pork),50.0,True,"<li class=""wprm-recipe-ingredient"" data-uid=""1"" style=""list-style-type: none;""><span class=""wprm-checkbox-container""><input aria-label="" 4 tablespoons hoisin sauce"" class=""wprm-checkbox"" id=""wprm-checkbox-1"" type=""checkbox""/><label class=""wprm-checkbox-label"" for=""wprm-checkbox-1""><span class=""sr-only screen-reader-text wprm-screen-reader-text"">▢ </span></label></span><span class=""wprm-recipe-ingredient-amount"">4</span> <span class=""wprm-recipe-ingredient-unit"">tablespoons</span> <span class=""wprm-recipe-ingredient-name""><a class=""wprm-recipe-ingredient-link"" href=""https://amzn.to/3ESlkR0"" rel=""nofollow noreferrer"" target=""_blank"">hoisin sauce</a></span></li>",hoisin sauce,hoisin sauce,4.0,tablespoons,ok,
twoplaidaprons,https://twoplaidaprons.com/char-siu-chinese-bbq-pork/,Char Siu (Chinese BBQ Pork),50.0,True,"<li class=""wprm-recipe-ingredient"" data-uid=""3"" style=""list-style-type: none;""><span class=""wprm-checkbox-container""><input aria-label="" 3 tablespoons granulated sugar"" class=""wprm-checkbox"" id=""wprm-checkbox-2"" type=""checkbox""/><label class=""wprm-checkbox-label"" for=""wprm-checkbox-2""><span class=""sr-only screen-reader-text wprm-screen-reader-text"">▢ </span></label></span><span class=""wprm-recipe-ingredient-amount"">3</span> <span class=""wprm-recipe-ingredient-unit"">tablespoons</span> <span class=""wprm-recipe-ingredient-name""><a class=""wprm-recipe-ingredient-link"" href=""https://amzn.to/3IEdexr"" rel=""nofollow noreferrer"" target=""_blank"">granulated sugar</a></span></li>",granulated sugar,granulated sugar,3.0,tablespoons,ok,
twoplaidaprons,https://twoplaidaprons.com/char-siu-chinese-bbq-pork/,Char Siu (Chinese BBQ Pork),50.0,True,"<li class=""wprm-recipe-ingredient"" data-uid=""4"" style=""list-style-type: none;""><span class=""wprm-checkbox-container""><input aria-label="" 2 tablespoons regular soy sauce"" class=""wprm-checkbox"" id=""wprm-checkbox-3"" type=""checkbox""/><label class=""wprm-checkbox-label"" for=""wprm-checkbox-3""><span class=""sr-only screen-reader-text wprm-screen-reader-text"">▢ </span></label></span><span class=""wprm-recipe-ingredient-amount"">2</span> <span class=""wprm-recipe-ingredient-unit"">tablespoons</span> <span class=""wprm-recipe-ingredient-name""><a class=""wprm-recipe-ingredient-link"" href=""https://amzn.to/4aG8YfV"" rel=""nofollow noreferrer"" target=""_blank"">regular soy sauce</a></span></li>",regular soy sauce,regular soy sauce,2.0,tablespoons,ok,
twoplaidaprons,https://twoplaidaprons.com/char-siu-chinese-bbq-pork/,Char Siu (Chinese BBQ Pork),50.0,True,"<li class=""wprm-recipe-ingredient"" data-uid=""5"" style=""list-style-type: none;""><span class=""wprm-checkbox-container""><input aria-label="" 1 tablespoon Shaoxing rice wine"" class=""wprm-checkbox"" id=""wprm-checkbox-4"" type=""checkbox""/><label class=""wprm-checkbox-label"" for=""wprm-checkbox-4""><span class=""sr-only screen-reader-text wprm-screen-reader-text"">▢ </span></label></span><span class=""wprm-recipe-ingredient-amount"">1</span> <span class=""wprm-recipe-ingredient-unit"">tablespoon</span> <span class=""wprm-recipe-ingredient-name""><a class=""wprm-recipe-ingredient-link"" href=""https://amzn.to/4hZSKku"" rel=""nofollow noreferrer"" target=""_blank"">Shaoxing rice wine</a></span></li>",Shaoxing rice wine,shaoxing rice wine,1.0,tablespoon,ok,
twoplaidaprons,https://twoplaidaprons.com/char-siu-chinese-bbq-pork/,Char Siu (Chinese BBQ Pork),50.0,True,"<li class=""wprm-recipe-ingredient"" data-uid=""6"" style=""list-style-type: none;""><span class=""wprm-checkbox-container""><input aria-label="" 1 cube fermented red bean curd regular red or rose are both fine"" class=""wprm-checkbox"" id=""wprm-checkbox-5"" type=""checkbox""/><label class=""wprm-checkbox-label"" for=""wprm-checkbox-5""><span class=""sr-only screen-reader-text wprm-screen-reader-text"">▢ </span></label></span><span class=""wprm-recipe-ingredient-amount"">1</span> <span class=""wprm-recipe-ingredient-unit"">cube</span> <span class=""wprm-recipe-ingredient-name""><a class=""wprm-recipe-ingredient-link"" href=""https://amzn.to/3N3fkuL"" rel=""nofollow noreferrer"" target=""_blank"">fermented red bean curd</a></span> <span class=""wprm-recipe-ingredient-notes wprm-recipe-ingredient-notes-smaller-faded"">regular red or rose are both fine</span></li>",fermented red bean curd,fermented red bean curd,1.0,cube,ok,
twoplaidaprons,https://twoplaidaprons.com/char-siu-chinese-bbq-pork/,Char Siu (Chinese BBQ Pork),50.0,True,"<li class=""wprm-recipe-ingredient"" data-uid=""9"" style=""list-style-type: none;""><span class=""wprm-checkbox-container""><input aria-label="" 2 teaspoon red yeast rice finely grounded; optional for color (or 3-5 drops of red food coloring) *see note 1"" class=""wprm-checkbox"" id=""wprm-checkbox-6"" type=""checkbox""/><label class=""wprm-checkbox-label"" for=""wprm-checkbox-6""><span class=""sr-only screen-reader-text wprm-screen-reader-text"">▢ </span></label></span><span class=""wprm-recipe-ingredient-amount"">2</span> <span class=""wprm-recipe-ingredient-unit"">teaspoon</span> <span class=""wprm-recipe-ingredient-name"">red yeast rice</span> <span class=""wprm-recipe-ingredient-notes wprm-recipe-ingredient-notes-smaller-faded"">finely grounded; optional for color (or 3-5 drops of red food coloring) *<em>see note 1</em></span></li>",red yeast rice,red yeast rice,2.0,teaspoon,ok,
twoplaidaprons,https://twoplaidaprons.com/char-siu-chinese-bbq-pork/,Char Siu (Chinese BBQ Pork),50.0,True,"<li class=""wprm-recipe-ingredient"" data-uid=""7"" style=""list-style-type: none;""><span class=""wprm-checkbox-container""><input aria-label="" 1½ teaspoons garlic powder"" class=""wprm-checkbox"" id=""wprm-checkbox-7"" type=""checkbox""/><label class=""wprm-checkbox-label"" for=""wprm-checkbox-7""><span class=""sr-only screen-reader-text wprm-screen-reader-text"">▢ </span></label></span><span class=""wprm-recipe-ingredient-amount"">1½</span> <span class=""wprm-recipe-ingredient-unit"">teaspoons</span> <span class=""wprm-recipe-ingredient-name""><a class=""wprm-recipe-ingredient-link"" href=""https://amzn.to/3SikyFF"" rel=""nofollow noreferrer"" target=""_blank"">garlic powder</a></span></li>",garlic powder,garlic powder,1.5,teaspoons,ok,
twoplaidaprons,https://twoplaidaprons.com/char-siu-chinese-bbq-pork/,Char Siu (Chinese BBQ Pork),50.0,True,"<li class=""wprm-recipe-ingredient"" data-uid=""8"" style=""list-style-type: none;""><span class=""wprm-checkbox-container""><input aria-label="" ½ teaspoon Chinese five spice powder"" class=""wprm-checkbox"" id=""wprm-checkbox-8"" type=""checkbox""/><label class=""wprm-checkbox-label"" for=""wprm-checkbox-8""><span class=""sr-only screen-reader-text wprm-screen-reader-text"">▢ </span></label></span><span class=""wprm-recipe-ingredient-amount"">½</span> <span class=""wprm-recipe-ingredient-unit"">teaspoon</span> <span class=""wprm-recipe-ingredient-name""><a class=""wprm-recipe-ingredient-link"" href=""https://amzn.to/35MXucs"" rel=""nofollow noreferrer"" target=""_blank"">Chinese five spice powder</a></span></li>",Chinese five spice powder,chinese five spice powder,0.5,teaspoon,ok,
twoplaidaprons,https://twoplaidaprons.com/char-siu-chinese-bbq-pork/,Char Siu (Chinese BBQ Pork),50.0,True,"<li class=""wprm-recipe-ingredient"" data-uid=""10"" style=""list-style-type: none;""><span class=""wprm-checkbox-container""><input aria-label="" 3 tablespoons honey or maltose syrup"" class=""wprm-checkbox"" id=""wprm-checkbox-9"" type=""checkbox""/><label class=""wprm-checkbox-label"" for=""wprm-checkbox-9""><span class=""sr-only screen-reader-text wprm-screen-reader-text"">▢ </span></label></span><span class=""wprm-recipe-ingredient-amount"">3</span> <span class=""wprm-recipe-ingredient-unit"">tablespoons</span> <span class=""wprm-recipe-ingredient-name"">honey</span> <span class=""wprm-recipe-ingredient-notes wprm-recipe-ingredient-notes-smaller-faded"">or maltose syrup</span></li>",honey,honey,3.0,tablespoons,ok,
twoplaidaprons,https://twoplaidaprons.com/char-siu-chinese-bbq-pork/,Char Siu (Chinese BBQ Pork),50.0,True,"<li class=""wprm-recipe-ingredient"" data-uid=""12"" style=""list-style-type: none;""><span class=""wprm-checkbox-container""><input aria-label="" 1 tablespoon water"" class=""wprm-checkbox"" id=""wprm-checkbox-10"" type=""checkbox""/><label class=""wprm-checkbox-label"" for=""wprm-checkbox-10""><span class=""sr-only screen-reader-text wprm-screen-reader-text"">▢ </span></label></span><span class=""wprm-recipe-ingredient-amount"">1</span> <span class=""wprm-recipe-ingredient-unit"">tablespoon</span> <span class=""wprm-recipe-ingredient-name"">water</span></li>",water,water,1.0,tablespoon,ok,
twoplaidaprons,https://twoplaidaprons.com/chashu/,Chashu (Japanese Braised Pork Belly),130.0,True,"<li class=""wprm-recipe-ingredient"" data-uid=""0"" style=""list-style-type: none;""><span class=""wprm-checkbox-container""><input aria-label="" 4 pound pork belly preferably skinless (about 9in by 7in or 23cm by 18cm) *see notes"" class=""wprm-checkbox"" id=""wprm-checkbox-0"" type=""checkbox""/><label class=""wprm-checkbox-label"" for=""wprm-checkbox-0""><span class=""sr-only screen-reader-text wprm-screen-reader-text"">▢ </span></label></span><span class=""wprm-recipe-ingredient-amount"">4</span> <span class=""wprm-recipe-ingredient-unit"">pound</span> <span class=""wprm-recipe-ingredient-name"">pork belly</span> <span class=""wprm-recipe-ingredient-notes wprm-recipe-ingredient-notes-smaller-faded"">preferably skinless (about 9in by 7in or 23cm by 18cm) <em>*see notes</em></span></li>",pork belly,pork belly,4.0,pound,ok,
twoplaidaprons,https://twoplaidaprons.com/chashu/,Chashu (Japanese Braised Pork Belly),130.0,True,"<li class=""wprm-recipe-ingredient"" data-uid=""7"" style=""list-style-type: none;""><span class=""wprm-checkbox-container""><input aria-label="" 2 cups water"" class=""wprm-checkbox"" id=""wprm-checkbox-1"" type=""checkbox""/><label class=""wprm-checkbox-label"" for=""wprm-checkbox-1""><span class=""sr-only screen-reader-text wprm-screen-reader-text"">▢ </span></label></span><span class=""wprm-recipe-ingredient-amount"">2</span> <span class=""wprm-recipe-ingredient-unit"">cups</span> <span class=""wprm-recipe-ingredient-name"">water</span></li>",water,water,2.0,cups,ok,
twoplaidaprons,https://twoplaidaprons.com/chashu/,Chashu (Japanese Braised Pork Belly),130.0,True,"<li class=""wprm-recipe-ingredient"" data-uid=""6"" style=""list-style-type: none;""><span class=""wprm-checkbox-container""><input aria-label="" 1 cup regular soy sauce"" class=""wprm-checkbox"" id=""wprm-checkbox-2"" type=""checkbox""/><label class=""wprm-checkbox-label"" for=""wprm-checkbox-2""><span class=""sr-only screen-reader-text wprm-screen-reader-text"">▢ </span></label></span><span class=""wprm-recipe-ingredient-amount"">1</span> <span class=""wprm-recipe-ingredient-unit"">cup</span> <span class=""wprm-recipe-ingredient-name""><a class=""wprm-recipe-ingredient-link"" href=""https://amzn.to/4aG8YfV"" rel=""nofollow noreferrer"" target=""_blank"">regular soy sauce</a></span></li>",regular soy sauce,regular soy sauce,1.0,cup,ok,
twoplaidaprons,https://twoplaidaprons.com/chashu/,Chashu (Japanese Braised Pork Belly),130.0,True,"<li class=""wprm-recipe-ingredient"" data-uid=""4"" style=""list-style-type: none;""><span class=""wprm-checkbox-container""><input aria-label="" ½ cup sake"" class=""wprm-checkbox"" id=""wprm-checkbox-3"" type=""checkbox""/><label class=""wprm-checkbox-label"" for=""wprm-checkbox-3""><span class=""sr-only screen-reader-text wprm-screen-reader-text"">▢ </span></label></span><span class=""wprm-recipe-ingredient-amount"">½</span> <span class=""wprm-recipe-ingredient-unit"">cup</span> <span class=""wprm-recipe-ingredient-name"">sake</span></li>",sake,sake,0.5,cup,ok,
twoplaidaprons,https://twoplaidaprons.com/chashu/,Chashu (Japanese Braised Pork Belly),130.0,True,"<li class=""wprm-recipe-ingredient"" data-uid=""5"" style=""list-style-type: none;""><span class=""wprm-checkbox-container""><input aria-label="" ½ cup mirin"" class=""wprm-checkbox"" id=""wprm-checkbox-4"" type=""checkbox""/><label class=""wprm-checkbox-label"" for=""wprm-checkbox-4""><span class=""sr-only screen-reader-text wprm-screen-reader-text"">▢ </span></label></span><span class=""wprm-recipe-ingredient-amount"">½</span> <span class=""wprm-recipe-ingredient-unit"">cup</span> <span class=""wprm-recipe-ingredient-name""><a class=""wprm-recipe-ingredient-link"" href=""https://amzn.to/3uVV6ty"" rel=""nofollow noreferrer"" target=""_blank"">mirin</a></span></li>",mirin,mirin,0.5,cup,ok,
twoplaidaprons,https://twoplaidaprons.com/chashu/,Chashu (Japanese Braised Pork Belly),130.0,True,"<li class=""wprm-recipe-ingredient"" data-uid=""8"" style=""list-style-type: none;""><span class=""wprm-checkbox-container""><input aria-label="" ½ cup sugar"" class=""wprm-checkbox"" id=""wprm-checkbox-5"" type=""checkbox""/><label class=""wprm-checkbox-label"" for=""wprm-checkbox-5""><span class=""sr-only screen-reader-text wprm-screen-reader-text"">▢ </span></label></span><span class=""wprm-recipe-ingredient-amount"">½</span> <span class=""wprm-recipe-ingredient-unit"">cup</span> <span class=""wprm-recipe-ingredient-name"">sugar</span></li>",sugar,sugar,0.5,cup,ok,
twoplaidaprons,https://twoplaidaprons.com/chashu/,Chashu (Japanese Braised Pork Belly),130.0,True,"<li class=""wprm-recipe-ingredient"" data-uid=""1"" style=""list-style-type: none;""><span class=""wprm-checkbox-container""><input aria-label="" 1 stalk negi just the green part (aka Japanese long green onion or substitute with 2-3 stalks of green onions)"" class=""wprm-checkbox"" id=""wprm-checkbox-6"" type=""checkbox""/><label class=""wprm-checkbox-label"" for=""wprm-checkbox-6""><span class=""sr-only screen-reader-text wprm-screen-reader-text"">▢ </span></label></span><span class=""wprm-recipe-ingredient-amount"">1</span> <span class=""wprm-recipe-ingredient-unit"">stalk</span> <span class=""wprm-recipe-ingredient-name"">negi</span> <span class=""wprm-recipe-ingredient-notes wprm-recipe-ingredient-notes-smaller-faded"">just the green part (aka Japanese long green onion or substitute with 2-3 stalks of green onions)</span></li>",negi,negi,1.0,stalk,ok,
twoplaidaprons,https://twoplaidaprons.com/chashu/,Chashu (Japanese Braised Pork Belly),130.0,True,"<li class=""wprm-recipe-ingredient"" data-uid=""3"" style=""list-style-type: none;""><span class=""wprm-checkbox-container""><input aria-label="" 2 inches ginger sliced"" class=""wprm-checkbox"" id=""wprm-checkbox-7"" type=""checkbox""/><label class=""wprm-checkbox-label"" for=""wprm-checkbox-7""><span class=""sr-only screen-reader-text wprm-screen-reader-text"">▢ </span></label></span><span class=""wprm-recipe-ingredient-amount"">2</span> <span class=""wprm-recipe-ingredient-unit"">inches</span> <span class=""wprm-recipe-ingredient-name"">ginger</span> <span class=""wprm-recipe-ingredient-notes wprm-recipe-ingredient-notes-smaller-faded"">sliced</span></li>",ginger,ginger,2.0,inches,ok,
twoplaidaprons,https://twoplaidaprons.com/chashu/,Chashu (Japanese Braised Pork Belly),130.0,True,"<li class=""wprm-recipe-ingredient"" data-uid=""2"" style=""list-style-type: none;""><span class=""wprm-checkbox-container""><input aria-label="" 4 cloves garlic"" class=""wprm-checkbox"" id=""wprm-checkbox-8"" type=""checkbox""/><label class=""wprm-checkbox-label"" for=""wprm-checkbox-8""><span class=""sr-only screen-reader-text wprm-screen-reader-text"">▢ </span></label></span><span class=""wprm-recipe-ingredient-amount"">4</span> <span class=""wprm-recipe-ingredient-unit"">cloves</span> <span class=""wprm-recipe-ingredient-name"">garlic</span></li>",garlic,garlic,4.0,cloves,ok,
twoplaidaprons,https://twoplaidaprons.com/cheddar-green-onion-scones/,Cheddar Green Onion Scones,23.0,True,"<li class=""wprm-recipe-ingredient"" style=""list-style-type: none;""><span class=""wprm-checkbox-container""><input aria-label="" 2 cups all-purpose flour"" class=""wprm-checkbox"" id=""wprm-checkbox-0"" type=""checkbox""/><label class=""wprm-checkbox-label"" for=""wprm-checkbox-0""><span class=""sr-only screen-reader-text wprm-screen-reader-text"">▢ </span></label></span><span class=""wprm-recipe-ingredient-amount"">2</span> <span class=""wprm-recipe-ingredient-unit"">cups</span> <span class=""wprm-recipe-ingredient-name""><a class=""wprm-recipe-ingredient-link"" href=""https://amzn.to/3jXntzh"" rel=""nofollow noreferrer"" target=""_blank"">all-purpose flour</a></span></li>",all-purpose flour,allpurpose flour,2.0,cups,ok,
twoplaidaprons,https://twoplaidaprons.com/cheddar-green-onion-scones/,Cheddar Green Onion Scones,23.0,True,"<li class=""wprm-recipe-ingredient"" style=""list-style-type: none;""><span class=""wprm-checkbox-container""><input aria-label="" 2 Tablespoons granulated sugar"" class=""wprm-checkbox"" id=""wprm-checkbox-1"" type=""checkbox""/><label class=""wprm-checkbox-label"" for=""wprm-checkbox-1""><span class=""sr-only screen-reader-text wprm-screen-reader-text"">▢ </span></label></span><span class=""wprm-recipe-ingredient-amount"">2</span> <span class=""wprm-recipe-ingredient-unit"">Tablespoons</span> <span class=""wprm-recipe-ingredient-name""><a class=""wprm-recipe-ingredient-link"" href=""https://amzn.to/3IEdexr"" rel=""nofollow noreferrer"" target=""_blank"">granulated sugar</a></span></li>",granulated sugar,granulated sugar,2.0,Tablespoons,ok,
twoplaidaprons,https://twoplaidaprons.com/cheddar-green-onion-scones/,Cheddar Green Onion Scones,23.0,True,"<li class=""wprm-recipe-ingredient"" style=""list-style-type: none;""><span class=""wprm-checkbox-container""><input aria-label="" 1½ teaspoon salt (optional: extra for sprinkling)"" class=""wprm-checkbox"" id=""wprm-checkbox-2"" type=""checkbox""/><label class=""wprm-checkbox-label"" for=""wprm-checkbox-2""><span class=""sr-only screen-reader-text wprm-screen-reader-text"">▢ </span></label></span><span class=""wprm-recipe-ingredient-amount"">1½</span> <span class=""wprm-recipe-ingredient-unit"">teaspoon</span> <span class=""wprm-recipe-ingredient-name"">salt</span> <span class=""wprm-recipe-ingredient-notes wprm-recipe-ingredient-notes-smaller-faded"">(optional: extra for sprinkling)</span></li>",salt,salt,1.5,teaspoon,ok,
twoplaidaprons,https://twoplaidaprons.com/cheddar-green-onion-scones/,Cheddar Green Onion Scones,23.0,True,"<li class=""wprm-recipe-ingredient"" style=""list-style-type: none;""><span class=""wprm-checkbox-container""><input aria-label="" 1 teaspoon baking powder"" class=""wprm-checkbox"" id=""wprm-checkbox-3"" type=""checkbox""/><label class=""wprm-checkbox-label"" for=""wprm-checkbox-3""><span class=""sr-only screen-reader-text wprm-screen-reader-text"">▢ </span></label></span><span class=""wprm-recipe-ingredient-amount"">1</span> <span class=""wprm-recipe-ingredient-unit"">teaspoon</span> <span class=""wprm-recipe-ingredient-name"">baking powder</span></li>",baking powder,baking powder,1.0,teaspoon,ok,
twoplaidaprons,https://twoplaidaprons.com/cheddar-green-onion-scones/,Cheddar Green Onion Scones,23.0,True,"<li class=""wprm-recipe-ingredient"" style=""list-style-type: none;""><span class=""wprm-checkbox-container""><input aria-label="" ½ teaspoon baking soda"" class=""wprm-checkbox"" id=""wprm-checkbox-4"" type=""checkbox""/><label class=""wprm-checkbox-label"" for=""wprm-checkbox-4""><span class=""sr-only screen-reader-text wprm-screen-reader-text"">▢ </span></label></span><span class=""wprm-recipe-ingredient-amount"">½</span> <span class=""wprm-recipe-ingredient-unit"">teaspoon</span> <span class=""wprm-recipe-ingredient-name""><a class=""wprm-recipe-ingredient-link"" href=""https://amzn.to/39SDI1c"" rel=""nofollow noreferrer"" target=""_blank"">baking soda</a></span></li>",baking soda,baking soda,0.5,teaspoon,ok,
twoplaidaprons,https://twoplaidaprons.com/cheddar-green-onion-scones/,Cheddar Green Onion Scones,23.0,True,"<li class=""wprm-recipe-ingredient"" style=""list-style-type: none;""><span class=""wprm-checkbox-container""><input aria-label="" 8 Tablespoons unsalted butter, cold (or 1 stick)"" class=""wprm-checkbox"" id=""wprm-checkbox-5"" type=""checkbox""/><label class=""wprm-checkbox-label"" for=""wprm-checkbox-5""><span class=""sr-only screen-reader-text wprm-screen-reader-text"">▢ </span></label></span><span class=""wprm-recipe-ingredient-amount"">8</span> <span class=""wprm-recipe-ingredient-unit"">Tablespoons</span> <span class=""wprm-recipe-ingredient-name"">unsalted butter, cold</span> <span class=""wprm-recipe-ingredient-notes wprm-recipe-ingredient-notes-smaller-faded"">(or 1 stick)</span></li>","unsalted butter, cold",unsalted butter cold,8.0,Tablespoons,ok,
twoplaidaprons,https://twoplaidaprons.com/cheddar-green-onion-scones/,Cheddar Green Onion Scones,23.0,True,"<li class=""wprm-recipe-ingredient"" style=""list-style-type: none;""><span class=""wprm-checkbox-container""><input aria-label="" ½ cup sharp cheddar, shredded (optional: extra for sprinkling)"" class=""wprm-checkbox"" id=""wprm-checkbox-6"" type=""checkbox""/><label class=""wprm-checkbox-label"" for=""wprm-checkbox-6""><span class=""sr-only screen-reader-text wprm-screen-reader-text"">▢ </span></label></span><span class=""wprm-recipe-ingredient-amount"">½</span> <span class=""wprm-recipe-ingredient-unit"">cup</span> <span class=""wprm-recipe-ingredient-name"">sharp cheddar, shredded</span> <span class=""wprm-recipe-ingredient-notes wprm-recipe-ingredient-notes-smaller-faded"">(optional: extra for sprinkling)</span></li>","sharp cheddar, shredded",sharp cheddar shredded,0.5,cup,ok,
twoplaidaprons,https://twoplaidaprons.com/cheddar-green-onion-scones/,Cheddar Green Onion Scones,23.0,True,"<li class=""wprm-recipe-ingredient"" style=""list-style-type: none;""><span class=""wprm-checkbox-container""><input aria-label="" ⅓ cup green onion, sliced"" class=""wprm-checkbox"" id=""wprm-checkbox-7"" type=""checkbox""/><label class=""wprm-checkbox-label"" for=""wprm-checkbox-7""><span class=""sr-only screen-reader-text wprm-screen-reader-text"">▢ </span></label></span><span class=""wprm-recipe-ingredient-amount"">⅓</span> <span class=""wprm-recipe-ingredient-unit"">cup</span> <span class=""wprm-recipe-ingredient-name"">green onion, sliced</span></li>","green onion, sliced",green onion sliced,0.33,cup,ok,
twoplaidaprons,https://twoplaidaprons.com/cheddar-green-onion-scones/,Cheddar Green Onion Scones,23.0,True,"<li class=""wprm-recipe-ingredient"" style=""list-style-type: none;""><span class=""wprm-checkbox-container""><input aria-label="" 1 large egg, beaten"" class=""wprm-checkbox"" id=""wprm-checkbox-8"" type=""checkbox""/><label class=""wprm-checkbox-label"" for=""wprm-checkbox-8""><span class=""sr-only screen-reader-text wprm-screen-reader-text"">▢ </span></label></span><span class=""wprm-recipe-ingredient-amount"">1</span> <span class=""wprm-recipe-ingredient-name"">large egg, beaten</span></li>","large egg, beaten",egg beaten,1.0,,ok,
twoplaidaprons,https://twoplaidaprons.com/cheddar-green-onion-scones/,Cheddar Green Onion Scones,23.0,True,"<li class=""wprm-recipe-ingredient"" style=""list-style-type: none;""><span class=""wprm-checkbox-container""><input aria-label="" ½ cup milk"" class=""wprm-checkbox"" id=""wprm-checkbox-9"" type=""checkbox""/><label class=""wprm-checkbox-label"" for=""wprm-checkbox-9""><span class=""sr-only screen-reader-text wprm-screen-reader-text"">▢ </span></label></span><span class=""wprm-recipe-ingredient-amount"">½</span> <span class=""wprm-recipe-ingredient-unit"">cup</span> <span class=""wprm-recipe-ingredient-name"">milk</span></li>",milk,milk,0.5,cup,ok,
twoplaidaprons,https://twoplaidaprons.com/cheddar-green-onion-scones/,Cheddar Green Onion Scones,23.0,True,"<li class=""wprm-recipe-ingredient"" style=""list-style-type: none;""><span class=""wprm-checkbox-container""><input aria-label="" 4 Tablespoon unsalted butter (or ½ stick)"" class=""wprm-checkbox"" id=""wprm-checkbox-10"" type=""checkbox""/><label class=""wprm-checkbox-label"" for=""wprm-checkbox-10""><span class=""sr-only screen-reader-text wprm-screen-reader-text"">▢ </span></label></span><span class=""wprm-recipe-ingredient-amount"">4</span> <span class=""wprm-recipe-ingredient-unit"">Tablespoon</span> <span class=""wprm-recipe-ingredient-name"">unsalted butter</span> <span class=""wprm-recipe-ingredient-notes wprm-recipe-ingredient-notes-smaller-faded"">(or ½ stick)</span></li>",unsalted butter,unsalted butter,4.0,Tablespoon,ok,
twoplaidaprons,https://twoplaidaprons.com/cheddar-green-onion-scones/,Cheddar Green Onion Scones,23.0,True,"<li class=""wprm-recipe-ingredient"" style=""list-style-type: none;""><span class=""wprm-checkbox-container""><input aria-label="" 2 cloves garlic, smashed"" class=""wprm-checkbox"" id=""wprm-checkbox-11"" type=""checkbox""/><label class=""wprm-checkbox-label"" for=""wprm-checkbox-11""><span class=""sr-only screen-reader-text wprm-screen-reader-text"">▢ </span></label></span><span class=""wprm-recipe-ingredient-amount"">2</span> <span class=""wprm-recipe-ingredient-unit"">cloves</span> <span class=""wprm-recipe-ingredient-name"">garlic, smashed</span></li>","garlic, smashed",garlic smashed,2.0,cloves,ok,
twoplaidaprons,https://twoplaidaprons.com/cheesy-garlicy-christmas-tree-pull-apart-bread/,,,,,,,,,error,"1 validation error for IngredientData
quantity
  Input should be a valid number, unable to parse string as a number [type=float_parsing, input_value='¾', input_type=str]
    For further information visit https://errors.pydantic.dev/2.13/v/float_parsing"
twoplaidaprons,https://twoplaidaprons.com/cheesy-loaded-potato-bread/,Cheesy Loaded Potato Bread,90.0,True,"<li class=""wprm-recipe-ingredient"" data-uid=""0"" style=""list-style-type: none;""><span class=""wprm-checkbox-container""><input aria-label="" 1 cup all-purpose flour fluffed, spooned, and leveled (plus more for dusting if needed)"" class=""wprm-checkbox"" id=""wprm-checkbox-0"" type=""checkbox""/><label class=""wprm-checkbox-label"" for=""wprm-checkbox-0""><span class=""sr-only screen-reader-text wprm-screen-reader-text"">▢ </span></label></span><span class=""wprm-recipe-ingredient-amount"">1</span> <span class=""wprm-recipe-ingredient-unit"">cup</span> <span class=""wprm-recipe-ingredient-name""><a class=""wprm-recipe-ingredient-link"" href=""https://amzn.to/3jXntzh"" rel=""nofollow noreferrer"" target=""_blank"">all-purpose flour</a></span> <span class=""wprm-recipe-ingredient-notes wprm-recipe-ingredient-notes-smaller-faded"">fluffed, spooned, and leveled (plus more for dusting if needed)</span></li>",all-purpose flour,allpurpose flour,1.0,cup,ok,
twoplaidaprons,https://twoplaidaprons.com/cheesy-loaded-potato-bread/,Cheesy Loaded Potato Bread,90.0,True,"<li class=""wprm-recipe-ingredient"" data-uid=""2"" style=""list-style-type: none;""><span class=""wprm-checkbox-container""><input aria-label="" ⅓ cup milk warm"" class=""wprm-checkbox"" id=""wprm-checkbox-1"" type=""checkbox""/><label class=""wprm-checkbox-label"" for=""wprm-checkbox-1""><span class=""sr-only screen-reader-text wprm-screen-reader-text"">▢ </span></label></span><span class=""wprm-recipe-ingredient-amount"">⅓</span> <span class=""wprm-recipe-ingredient-unit"">cup</span> <span class=""wprm-recipe-ingredient-name"">milk</span> <span class=""wprm-recipe-ingredient-notes wprm-recipe-ingredient-notes-smaller-faded"">warm</span></li>",milk,milk,0.33,cup,ok,
twoplaidaprons,https://twoplaidaprons.com/cheesy-loaded-potato-bread/,Cheesy Loaded Potato Bread,90.0,True,"<li class=""wprm-recipe-ingredient"" data-uid=""3"" style=""list-style-type: none;""><span class=""wprm-checkbox-container""><input aria-label="" 1 tablespoon unsalted butter melted and cooled"" class=""wprm-checkbox"" id=""wprm-checkbox-2"" type=""checkbox""/><label class=""wprm-checkbox-label"" for=""wprm-checkbox-2""><span class=""sr-only screen-reader-text wprm-screen-reader-text"">▢ </span></label></span><span class=""wprm-recipe-ingredient-amount"">1</span> <span class=""wprm-recipe-ingredient-unit"">tablespoon</span> <span class=""wprm-recipe-ingredient-name"">unsalted butter</span> <span class=""wprm-recipe-ingredient-notes wprm-recipe-ingredient-notes-smaller-faded"">melted and cooled</span></li>",unsalted butter,unsalted butter,1.0,tablespoon,ok,
twoplaidaprons,https://twoplaidaprons.com/cheesy-loaded-potato-bread/,Cheesy Loaded Potato Bread,90.0,True,"<li class=""wprm-recipe-ingredient"" data-uid=""4"" style=""list-style-type: none;""><span class=""wprm-checkbox-container""><input aria-label="" ¼ teaspoon fine salt"" class=""wprm-checkbox"" id=""wprm-checkbox-3"" type=""checkbox""/><label class=""wprm-checkbox-label"" for=""wprm-checkbox-3""><span class=""sr-only screen-reader-text wprm-screen-reader-text"">▢ </span></label></span><span class=""wprm-recipe-ingredient-amount"">¼</span> <span class=""wprm-recipe-ingredient-unit"">teaspoon</span> <span class=""wprm-recipe-ingredient-name"">fine salt</span></li>",fine salt,salt,0.25,teaspoon,ok,
twoplaidaprons,https://twoplaidaprons.com/cheesy-loaded-potato-bread/,Cheesy Loaded Potato Bread,90.0,True,"<li class=""wprm-recipe-ingredient"" data-uid=""14"" style=""list-style-type: none;""><span class=""wprm-checkbox-container""><input aria-label="" Oil for cooking (any nuetral oil)"" class=""wprm-checkbox"" id=""wprm-checkbox-4"" type=""checkbox""/><label class=""wprm-checkbox-label"" for=""wprm-checkbox-4""><span class=""sr-only screen-reader-text wprm-screen-reader-text"">▢ </span></label></span><span class=""wprm-recipe-ingredient-name"">Oil</span> <span class=""wprm-recipe-ingredient-notes wprm-recipe-ingredient-notes-smaller-faded"">for cooking (any nuetral oil)</span></li>",Oil,oil,,,ok,
twoplaidaprons,https://twoplaidaprons.com/cheesy-loaded-potato-bread/,Cheesy Loaded Potato Bread,90.0,True,"<li class=""wprm-recipe-ingredient"" data-uid=""6"" style=""list-style-type: none;""><span class=""wprm-checkbox-container""><input aria-label="" 8 ounces russet potato (usually 1 regular size russet potato)"" class=""wprm-checkbox"" id=""wprm-checkbox-5"" type=""checkbox""/><label class=""wprm-checkbox-label"" for=""wprm-checkbox-5""><span class=""sr-only screen-reader-text wprm-screen-reader-text"">▢ </span></label></span><span class=""wprm-recipe-ingredient-amount"">8</span> <span class=""wprm-recipe-ingredient-unit"">ounces</span> <span class=""wprm-recipe-ingredient-name"">russet potato</span> <span class=""wprm-recipe-ingredient-notes wprm-recipe-ingredient-notes-smaller-faded"">(usually 1 regular size russet potato)</span></li>",russet potato,russet potato,8.0,ounces,ok,
twoplaidaprons,https://twoplaidaprons.com/cheesy-loaded-potato-bread/,Cheesy Loaded Potato Bread,90.0,True,"<li class=""wprm-recipe-ingredient"" data-uid=""10"" style=""list-style-type: none;""><span class=""wprm-checkbox-container""><input aria-label="" 2 tablespoons unsalted butter"" class=""wprm-checkbox"" id=""wprm-checkbox-6"" type=""checkbox""/><label class=""wprm-checkbox-label"" for=""wprm-checkbox-6""><span class=""sr-only screen-reader-text wprm-screen-reader-text"">▢ </span></label></span><span class=""wprm-recipe-ingredient-amount"">2</span> <span class=""wprm-recipe-ingredient-unit"">tablespoons</span> <span class=""wprm-recipe-ingredient-name"">unsalted butter</span></li>",unsalted butter,unsalted butter,2.0,tablespoons,ok,
twoplaidaprons,https://twoplaidaprons.com/cheesy-loaded-potato-bread/,Cheesy Loaded Potato Bread,90.0,True,"<li class=""wprm-recipe-ingredient"" data-uid=""11"" style=""list-style-type: none;""><span class=""wprm-checkbox-container""><input aria-label="" 1 tablespoon Kewpie mayo or regular mayo"" class=""wprm-checkbox"" id=""wprm-checkbox-7"" type=""checkbox""/><label class=""wprm-checkbox-label"" for=""wprm-checkbox-7""><span class=""sr-only screen-reader-text wprm-screen-reader-text"">▢ </span></label></span><span class=""wprm-recipe-ingredient-amount"">1</span> <span class=""wprm-recipe-ingredient-unit"">tablespoon</span> <span class=""wprm-recipe-ingredient-name""><a class=""wprm-recipe-ingredient-link"" href=""https://amzn.to/3vxfxw8"" rel=""nofollow noreferrer"" target=""_blank"">Kewpie mayo</a></span> <span class=""wprm-recipe-ingredient-notes wprm-recipe-ingredient-notes-smaller-faded"">or regular mayo</span></li>",Kewpie mayo,kewpie mayo,1.0,tablespoon,ok,
twoplaidaprons,https://twoplaidaprons.com/cheesy-loaded-potato-bread/,Cheesy Loaded Potato Bread,90.0,True,"<li class=""wprm-recipe-ingredient"" data-uid=""13"" style=""list-style-type: none;""><span class=""wprm-checkbox-container""><input aria-label="" Pinch of salt"" class=""wprm-checkbox"" id=""wprm-checkbox-8"" type=""checkbox""/><label class=""wprm-checkbox-label"" for=""wprm-checkbox-8""><span class=""sr-only screen-reader-text wprm-screen-reader-text"">▢ </span></label></span><span class=""wprm-recipe-ingredient-name"">Pinch of salt</span></li>",Pinch of salt,salt,,,ok,
twoplaidaprons,https://twoplaidaprons.com/cheesy-loaded-potato-bread/,Cheesy Loaded Potato Bread,90.0,True,"<li class=""wprm-recipe-ingredient"" data-uid=""9"" style=""list-style-type: none;""><span class=""wprm-checkbox-container""><input aria-label="" ⅓ cup shredded mozzarella cheese packed"" class=""wprm-checkbox"" id=""wprm-checkbox-9"" type=""checkbox""/><label class=""wprm-checkbox-label"" for=""wprm-checkbox-9""><span class=""sr-only screen-reader-text wprm-screen-reader-text"">▢ </span></label></span><span class=""wprm-recipe-ingredient-amount"">⅓</span> <span class=""wprm-recipe-ingredient-unit"">cup</span> <span class=""wprm-recipe-ingredient-name"">shredded mozzarella cheese</span> <span class=""wprm-recipe-ingredient-notes wprm-recipe-ingredient-notes-smaller-faded"">packed</span></li>",shredded mozzarella cheese,shredded mozzarella cheese,0.33,cup,ok,
twoplaidaprons,https://twoplaidaprons.com/cheesy-loaded-potato-bread/,Cheesy Loaded Potato Bread,90.0,True,"<li class=""wprm-recipe-ingredient"" data-uid=""8"" style=""list-style-type: none;""><span class=""wprm-checkbox-container""><input aria-label="" ¼ cup cheddar shredded (packed)"" class=""wprm-checkbox"" id=""wprm-checkbox-10"" type=""checkbox""/><label class=""wprm-checkbox-label"" for=""wprm-checkbox-10""><span class=""sr-only screen-reader-text wprm-screen-reader-text"">▢ </span></label></span><span class=""wprm-recipe-ingredient-amount"">¼</span> <span class=""wprm-recipe-ingredient-unit"">cup</span> <span class=""wprm-recipe-ingredient-name"">cheddar</span> <span class=""wprm-recipe-ingredient-notes wprm-recipe-ingredient-notes-smaller-faded"">shredded (packed)</span></li>",cheddar,cheddar,0.25,cup,ok,
twoplaidaprons,https://twoplaidaprons.com/cheesy-loaded-potato-bread/,Cheesy Loaded Potato Bread,90.0,True,"<li class=""wprm-recipe-ingredient"" data-uid=""12"" style=""list-style-type: none;""><span class=""wprm-checkbox-container""><input aria-label="" 2 strips bacon more or less to your preference"" class=""wprm-checkbox"" id=""wprm-checkbox-11"" type=""checkbox""/><label class=""wprm-checkbox-label"" for=""wprm-checkbox-11""><span class=""sr-only screen-reader-text wprm-screen-reader-text"">▢ </span></label></span><span class=""wprm-recipe-ingredient-amount"">2</span> <span class=""wprm-recipe-ingredient-unit"">strips</span> <span class=""wprm-recipe-ingredient-name"">bacon</span> <span class=""wprm-recipe-ingredient-notes wprm-recipe-ingredient-notes-smaller-faded"">more or less to your preference</span></li>",bacon,bacon,2.0,strips,ok,
twoplaidaprons,https://twoplaidaprons.com/cheesy-loaded-potato-bread/,Cheesy Loaded Potato Bread,90.0,True,"<li class=""wprm-recipe-ingredient"" data-uid=""7"" style=""list-style-type: none;""><span class=""wprm-checkbox-container""><input aria-label="" 1 stalk green onion thinly sliced"" class=""wprm-checkbox"" id=""wprm-checkbox-12"" type=""checkbox""/><label class=""wprm-checkbox-label"" for=""wprm-checkbox-12""><span class=""sr-only screen-reader-text wprm-screen-reader-text"">▢ </span></label></span><span class=""wprm-recipe-ingredient-amount"">1</span> <span class=""wprm-recipe-ingredient-unit"">stalk</span> <span class=""wprm-recipe-ingredient-name"">green onion</span> <span class=""wprm-recipe-ingredient-notes wprm-recipe-ingredient-notes-smaller-faded"">thinly sliced</span></li>",green onion,green onion,1.0,stalk,ok,
twoplaidaprons,https://twoplaidaprons.com/chicken-adobo-adobong-manok/,,,,,,,,,error,"1 validation error for IngredientData
quantity
  Input should be a valid number, unable to parse string as a number [type=float_parsing, input_value='¾', input_type=str]
    For further information visit https://errors.pydantic.dev/2.13/v/float_parsing"
twoplaidaprons,https://twoplaidaprons.com/chicken-and-broccoli/,,,,,,,,,error,"1 validation error for IngredientData
quantity
  Input should be a valid number, unable to parse string as a number [type=float_parsing, input_value='⅔', input_type=str]
    For further information visit https://errors.pydantic.dev/2.13/v/float_parsing"
twoplaidaprons,https://twoplaidaprons.com/chicken-congee/,Chicken Congee,45.0,True,"<li class=""wprm-recipe-ingredient"" data-uid=""0"" style=""list-style-type: none;""><span class=""wprm-checkbox-container""><input aria-label="" 4 ounces skinless boneless chicken breast cut into thin strips no more than ¼ inch thick"" class=""wprm-checkbox"" id=""wprm-checkbox-0"" type=""checkbox""/><label class=""wprm-checkbox-label"" for=""wprm-checkbox-0""><span class=""sr-only screen-reader-text wprm-screen-reader-text"">▢ </span></label></span><span class=""wprm-recipe-ingredient-amount"">4</span> <span class=""wprm-recipe-ingredient-unit"">ounces</span> <span class=""wprm-recipe-ingredient-name"">skinless boneless chicken breast</span> <span class=""wprm-recipe-ingredient-notes wprm-recipe-ingredient-notes-smaller-faded"">cut into thin strips no more than ¼ inch thick</span></li>",skinless boneless chicken breast,skinless boneless chicken breast,4.0,ounces,ok,
twoplaidaprons,https://twoplaidaprons.com/chicken-congee/,Chicken Congee,45.0,True,"<li class=""wprm-recipe-ingredient"" data-uid=""2"" style=""list-style-type: none;""><span class=""wprm-checkbox-container""><input aria-label="" ½ inch knob of ginger peeled and cut very thin strips or minced"" class=""wprm-checkbox"" id=""wprm-checkbox-1"" type=""checkbox""/><label class=""wprm-checkbox-label"" for=""wprm-checkbox-1""><span class=""sr-only screen-reader-text wprm-screen-reader-text"">▢ </span></label></span><span class=""wprm-recipe-ingredient-amount"">½</span> <span class=""wprm-recipe-ingredient-unit"">inch</span> <span class=""wprm-recipe-ingredient-name"">knob of ginger</span> <span class=""wprm-recipe-ingredient-notes wprm-recipe-ingredient-notes-smaller-faded"">peeled and cut very thin strips or minced</span></li>",knob of ginger,ginger,0.5,inch,ok,
twoplaidaprons,https://twoplaidaprons.com/chicken-congee/,Chicken Congee,45.0,True,"<li class=""wprm-recipe-ingredient"" data-uid=""3"" style=""list-style-type: none;""><span class=""wprm-checkbox-container""><input aria-label="" ½ tablespoon oyster sauce"" class=""wprm-checkbox"" id=""wprm-checkbox-2"" type=""checkbox""/><label class=""wprm-checkbox-label"" for=""wprm-checkbox-2""><span class=""sr-only screen-reader-text wprm-screen-reader-text"">▢ </span></label></span><span class=""wprm-recipe-ingredient-amount"">½</span> <span class=""wprm-recipe-ingredient-unit"">tablespoon</span> <span class=""wprm-recipe-ingredient-name""><a class=""wprm-recipe-ingredient-link"" href=""https://amzn.to/41eI7kh"" rel=""nofollow noreferrer"" target=""_blank"">oyster sauce</a></span></li>",oyster sauce,oyster sauce,0.5,tablespoon,ok,
twoplaidaprons,https://twoplaidaprons.com/chicken-congee/,Chicken Congee,45.0,True,"<li class=""wprm-recipe-ingredient"" data-uid=""4"" style=""list-style-type: none;""><span class=""wprm-checkbox-container""><input aria-label="" 1 teaspoon Shaoxing rice wine"" class=""wprm-checkbox"" id=""wprm-checkbox-3"" type=""checkbox""/><label class=""wprm-checkbox-label"" for=""wprm-checkbox-3""><span class=""sr-only screen-reader-text wprm-screen-reader-text"">▢ </span></label></span><span class=""wprm-recipe-ingredient-amount"">1</span> <span class=""wprm-recipe-ingredient-unit"">teaspoon</span> <span class=""wprm-recipe-ingredient-name""><a class=""wprm-recipe-ingredient-link"" href=""https://amzn.to/4hZSKku"" rel=""nofollow noreferrer"" target=""_blank"">Shaoxing rice wine</a></span></li>",Shaoxing rice wine,shaoxing rice wine,1.0,teaspoon,ok,
twoplaidaprons,https://twoplaidaprons.com/chicken-congee/,Chicken Congee,45.0,True,"<li class=""wprm-recipe-ingredient"" data-uid=""5"" style=""list-style-type: none;""><span class=""wprm-checkbox-container""><input aria-label="" ¼ teaspoon kosher salt"" class=""wprm-checkbox"" id=""wprm-checkbox-4"" type=""checkbox""/><label class=""wprm-checkbox-label"" for=""wprm-checkbox-4""><span class=""sr-only screen-reader-text wprm-screen-reader-text"">▢ </span></label></span><span class=""wprm-recipe-ingredient-amount"">¼</span> <span class=""wprm-recipe-ingredient-unit"">teaspoon</span> <span class=""wprm-recipe-ingredient-name""><a class=""wprm-recipe-ingredient-link"" href=""https://amzn.to/3cjL1LU"" rel=""nofollow noreferrer"" target=""_blank"">kosher salt</a></span></li>",kosher salt,salt,0.25,teaspoon,ok,
twoplaidaprons,https://twoplaidaprons.com/chicken-congee/,Chicken Congee,45.0,True,"<li class=""wprm-recipe-ingredient"" data-uid=""17"" style=""list-style-type: none;""><span class=""wprm-checkbox-container""><input aria-label="" 1 teaspoon cornstarch"" class=""wprm-checkbox"" id=""wprm-checkbox-5"" type=""checkbox""/><label class=""wprm-checkbox-label"" for=""wprm-checkbox-5""><span class=""sr-only screen-reader-text wprm-screen-reader-text"">▢ </span></label></span><span class=""wprm-recipe-ingredient-amount"">1</span> <span class=""wprm-recipe-ingredient-unit"">teaspoon</span> <span class=""wprm-recipe-ingredient-name""><a class=""wprm-recipe-ingredient-link"" href=""https://amzn.to/37lEG01"" rel=""nofollow noreferrer"" target=""_blank"">cornstarch</a></span></li>",cornstarch,cornstarch,1.0,teaspoon,ok,
twoplaidaprons,https://twoplaidaprons.com/chicken-congee/,Chicken Congee,45.0,True,"<li class=""wprm-recipe-ingredient"" data-uid=""18"" style=""list-style-type: none;""><span class=""wprm-checkbox-container""><input aria-label="" ½ teaspoon oil any neutral cooking oil"" class=""wprm-checkbox"" id=""wprm-checkbox-6"" type=""checkbox""/><label class=""wprm-checkbox-label"" for=""wprm-checkbox-6""><span class=""sr-only screen-reader-text wprm-screen-reader-text"">▢ </span></label></span><span class=""wprm-recipe-ingredient-amount"">½</span> <span class=""wprm-recipe-ingredient-unit"">teaspoon</span> <span class=""wprm-recipe-ingredient-name"">oil</span> <span class=""wprm-recipe-ingredient-notes wprm-recipe-ingredient-notes-smaller-faded"">any neutral cooking oil</span></li>",oil,oil,0.5,teaspoon,ok,
twoplaidaprons,https://twoplaidaprons.com/chicken-congee/,Chicken Congee,45.0,True,"<li class=""wprm-recipe-ingredient"" data-uid=""7"" style=""list-style-type: none;""><span class=""wprm-checkbox-container""><input aria-label="" ½ cup medium grain white rice or short grain"" class=""wprm-checkbox"" id=""wprm-checkbox-7"" type=""checkbox""/><label class=""wprm-checkbox-label"" for=""wprm-checkbox-7""><span class=""sr-only screen-reader-text wprm-screen-reader-text"">▢ </span></label></span><span class=""wprm-recipe-ingredient-amount"">½</span> <span class=""wprm-recipe-ingredient-unit"">cup</span> <span class=""wprm-recipe-ingredient-name""><a class=""wprm-recipe-ingredient-link"" href=""https://amzn.to/2HNxhKZ"" rel=""nofollow noreferrer"" target=""_blank"">medium grain white rice</a></span> <span class=""wprm-recipe-ingredient-notes wprm-recipe-ingredient-notes-smaller-faded"">or short grain</span></li>",medium grain white rice,grain  rice,0.5,cup,ok,
twoplaidaprons,https://twoplaidaprons.com/chicken-congee/,Chicken Congee,45.0,True,"<li class=""wprm-recipe-ingredient"" data-uid=""8"" style=""list-style-type: none;""><span class=""wprm-checkbox-container""><input aria-label="" 4 cups water or unsalted chicken broth *see notes"" class=""wprm-checkbox"" id=""wprm-checkbox-8"" type=""checkbox""/><label class=""wprm-checkbox-label"" for=""wprm-checkbox-8""><span class=""sr-only screen-reader-text wprm-screen-reader-text"">▢ </span></label></span><span class=""wprm-recipe-ingredient-amount"">4</span> <span class=""wprm-recipe-ingredient-unit"">cups</span> <span class=""wprm-recipe-ingredient-name"">water</span> <span class=""wprm-recipe-ingredient-notes wprm-recipe-ingredient-notes-smaller-faded"">or unsalted chicken broth *<em>see notes</em></span></li>",water,water,4.0,cups,ok,
twoplaidaprons,https://twoplaidaprons.com/chicken-congee/,Chicken Congee,45.0,True,"<li class=""wprm-recipe-ingredient"" data-uid=""9"" style=""list-style-type: none;""><span class=""wprm-checkbox-container""><input aria-label="" 1 teaspoon oil any neutral cooking oil"" class=""wprm-checkbox"" id=""wprm-checkbox-9"" type=""checkbox""/><label class=""wprm-checkbox-label"" for=""wprm-checkbox-9""><span class=""sr-only screen-reader-text wprm-screen-reader-text"">▢ </span></label></span><span class=""wprm-recipe-ingredient-amount"">1</span> <span class=""wprm-recipe-ingredient-unit"">teaspoon</span> <span class=""wprm-recipe-ingredient-name"">oil</span> <span class=""wprm-recipe-ingredient-notes wprm-recipe-ingredient-notes-smaller-faded"">any neutral cooking oil</span></li>",oil,oil,1.0,teaspoon,ok,
twoplaidaprons,https://twoplaidaprons.com/chicken-congee/,Chicken Congee,45.0,True,"<li class=""wprm-recipe-ingredient"" data-uid=""10"" style=""list-style-type: none;""><span class=""wprm-checkbox-container""><input aria-label="" ½ teaspoon chicken bouillon powder"" class=""wprm-checkbox"" id=""wprm-checkbox-10"" type=""checkbox""/><label class=""wprm-checkbox-label"" for=""wprm-checkbox-10""><span class=""sr-only screen-reader-text wprm-screen-reader-text"">▢ </span></label></span><span class=""wprm-recipe-ingredient-amount"">½</span> <span class=""wprm-recipe-ingredient-unit"">teaspoon</span> <span class=""wprm-recipe-ingredient-name""><a class=""wprm-recipe-ingredient-link"" href=""https://amzn.to/3ystCxU"" rel=""nofollow noreferrer"" target=""_blank"">chicken bouillon powder</a></span></li>",chicken bouillon powder,chicken bouillon powder,0.5,teaspoon,ok,
twoplaidaprons,https://twoplaidaprons.com/chicken-congee/,Chicken Congee,45.0,True,"<li class=""wprm-recipe-ingredient"" data-uid=""11"" style=""list-style-type: none;""><span class=""wprm-checkbox-container""><input aria-label="" ¼ teaspoon salt or to your preference"" class=""wprm-checkbox"" id=""wprm-checkbox-11"" type=""checkbox""/><label class=""wprm-checkbox-label"" for=""wprm-checkbox-11""><span class=""sr-only screen-reader-text wprm-screen-reader-text"">▢ </span></label></span><span class=""wprm-recipe-ingredient-amount"">¼</span> <span class=""wprm-recipe-ingredient-unit"">teaspoon</span> <span class=""wprm-recipe-ingredient-name"">salt</span> <span class=""wprm-recipe-ingredient-notes wprm-recipe-ingredient-notes-smaller-faded"">or to your preference</span></li>",salt,salt,0.25,teaspoon,ok,
twoplaidaprons,https://twoplaidaprons.com/chicken-congee/,Chicken Congee,45.0,True,"<li class=""wprm-recipe-ingredient"" data-uid=""14"" style=""list-style-type: none;""><span class=""wprm-checkbox-container""><input aria-label="" 1 stalk green onion thinly sliced (the white and green parts separated)"" class=""wprm-checkbox"" id=""wprm-checkbox-12"" type=""checkbox""/><label class=""wprm-checkbox-label"" for=""wprm-checkbox-12""><span class=""sr-only screen-reader-text wprm-screen-reader-text"">▢ </span></label></span><span class=""wprm-recipe-ingredient-amount"">1</span> <span class=""wprm-recipe-ingredient-unit"">stalk</span> <span class=""wprm-recipe-ingredient-name"">green onion</span> <span class=""wprm-recipe-ingredient-notes wprm-recipe-ingredient-notes-smaller-faded"">thinly sliced (the white and green parts separated)</span></li>",green onion,green onion,1.0,stalk,ok,
twoplaidaprons,https://twoplaidaprons.com/chicken-congee/,Chicken Congee,45.0,True,"<li class=""wprm-recipe-ingredient"" data-uid=""13"" style=""list-style-type: none;""><span class=""wprm-checkbox-container""><input aria-label="" Cilantro roughly chopped"" class=""wprm-checkbox"" id=""wprm-checkbox-13"" type=""checkbox""/><label class=""wprm-checkbox-label"" for=""wprm-checkbox-13""><span class=""sr-only screen-reader-text wprm-screen-reader-text"">▢ </span></label></span><span class=""wprm-recipe-ingredient-name"">Cilantro</span> <span class=""wprm-recipe-ingredient-notes wprm-recipe-ingredient-notes-smaller-faded"">roughly chopped</span></li>",Cilantro,cilantro,,,ok,
twoplaidaprons,https://twoplaidaprons.com/chicken-congee/,Chicken Congee,45.0,True,"<li class=""wprm-recipe-ingredient"" data-uid=""15"" style=""list-style-type: none;""><span class=""wprm-checkbox-container""><input aria-label="" Chinese chili oil"" class=""wprm-checkbox"" id=""wprm-checkbox-14"" type=""checkbox""/><label class=""wprm-checkbox-label"" for=""wprm-checkbox-14""><span class=""sr-only screen-reader-text wprm-screen-reader-text"">▢ </span></label></span><span class=""wprm-recipe-ingredient-name""><a class=""wprm-recipe-ingredient-link"" href=""https://twoplaidaprons.com/homemade-chinese-chili-oil/"" rel=""nofollow"" target=""_blank"">Chinese chili oil</a></span></li>",Chinese chili oil,chinese chili oil,,,ok,
twoplaidaprons,https://twoplaidaprons.com/chicken-congee/,Chicken Congee,45.0,True,"<li class=""wprm-recipe-ingredient"" data-uid=""16"" style=""list-style-type: none;""><span class=""wprm-checkbox-container""><input aria-label="" Youtiao (Chinese crullers)"" class=""wprm-checkbox"" id=""wprm-checkbox-15"" type=""checkbox""/><label class=""wprm-checkbox-label"" for=""wprm-checkbox-15""><span class=""sr-only screen-reader-text wprm-screen-reader-text"">▢ </span></label></span><span class=""wprm-recipe-ingredient-name"">Youtiao</span> <span class=""wprm-recipe-ingredient-notes wprm-recipe-ingredient-notes-smaller-faded"">(Chinese crullers)</span></li>",Youtiao,youtiao,,,ok,
twoplaidaprons,https://twoplaidaprons.com/chicken-corn-soup/,,,,,,,,,error,"1 validation error for IngredientData
quantity
  Input should be a valid number, unable to parse string as a number [type=float_parsing, input_value='3-5', input_type=str]
    For further information visit https://errors.pydantic.dev/2.13/v/float_parsing"
twoplaidaprons,https://twoplaidaprons.com/chicken-karaage-japanese-fried-chicken/,,,,,,,,,error,"1 validation error for IngredientData
quantity
  Input should be a valid number, unable to parse string as a number [type=float_parsing, input_value='¾', input_type=str]
    For further information visit https://errors.pydantic.dev/2.13/v/float_parsing"
twoplaidaprons,https://twoplaidaprons.com/chicken-katsu/,Chicken Katsu,20.0,True,"<li class=""wprm-recipe-ingredient"" data-uid=""0"" style=""list-style-type: none;""><span class=""wprm-checkbox-container""><input aria-label="" 1 skinless boneless chicken breast (about 11.5 oz/ 326g per) if your chicken breasts are smaller, you can use two chicken breasts and skip the cutting"" class=""wprm-checkbox"" id=""wprm-checkbox-0"" type=""checkbox""/><label class=""wprm-checkbox-label"" for=""wprm-checkbox-0""><span class=""sr-only screen-reader-text wprm-screen-reader-text"">▢ </span></label></span><span class=""wprm-recipe-ingredient-amount"">1</span> <span class=""wprm-recipe-ingredient-name"">skinless boneless chicken breast</span> <span class=""wprm-recipe-ingredient-notes wprm-recipe-ingredient-notes-smaller-faded"">(about 11.5 oz/ 326g per) if your chicken breasts are smaller, you can use two chicken breasts and skip the cutting</span></li>",skinless boneless chicken breast,skinless boneless chicken breast,1.0,,ok,
twoplaidaprons,https://twoplaidaprons.com/chicken-katsu/,Chicken Katsu,20.0,True,"<li class=""wprm-recipe-ingredient"" data-uid=""3"" style=""list-style-type: none;""><span class=""wprm-checkbox-container""><input aria-label="" 1 cup all-purpose flour"" class=""wprm-checkbox"" id=""wprm-checkbox-1"" type=""checkbox""/><label class=""wprm-checkbox-label"" for=""wprm-checkbox-1""><span class=""sr-only screen-reader-text wprm-screen-reader-text"">▢ </span></label></span><span class=""wprm-recipe-ingredient-amount"">1</span> <span class=""wprm-recipe-ingredient-unit"">cup</span> <span class=""wprm-recipe-ingredient-name""><a class=""wprm-recipe-ingredient-link"" href=""https://amzn.to/3jXntzh"" rel=""nofollow noreferrer"" target=""_blank"">all-purpose flour</a></span></li>",all-purpose flour,allpurpose flour,1.0,cup,ok,
twoplaidaprons,https://twoplaidaprons.com/chicken-katsu/,Chicken Katsu,20.0,True,"<li class=""wprm-recipe-ingredient"" data-uid=""2"" style=""list-style-type: none;""><span class=""wprm-checkbox-container""><input aria-label="" 1 large egg beaten"" class=""wprm-checkbox"" id=""wprm-checkbox-2"" type=""checkbox""/><label class=""wprm-checkbox-label"" for=""wprm-checkbox-2""><span class=""sr-only screen-reader-text wprm-screen-reader-text"">▢ </span></label></span><span class=""wprm-recipe-ingredient-amount"">1</span> <span class=""wprm-recipe-ingredient-unit"">large</span> <span class=""wprm-recipe-ingredient-name"">egg</span> <span class=""wprm-recipe-ingredient-notes wprm-recipe-ingredient-notes-smaller-faded"">beaten</span></li>",egg,egg,1.0,large,ok,
twoplaidaprons,https://twoplaidaprons.com/chicken-katsu/,Chicken Katsu,20.0,True,"<li class=""wprm-recipe-ingredient"" data-uid=""4"" style=""list-style-type: none;""><span class=""wprm-checkbox-container""><input aria-label="" 1 cup panko also known as Japanese breadcrumbs"" class=""wprm-checkbox"" id=""wprm-checkbox-3"" type=""checkbox""/><label class=""wprm-checkbox-label"" for=""wprm-checkbox-3""><span class=""sr-only screen-reader-text wprm-screen-reader-text"">▢ </span></label></span><span class=""wprm-recipe-ingredient-amount"">1</span> <span class=""wprm-recipe-ingredient-unit"">cup</span> <span class=""wprm-recipe-ingredient-name""><a class=""wprm-recipe-ingredient-link"" href=""https://amzn.to/3uIFLwt"" rel=""nofollow noreferrer"" target=""_blank"">panko</a></span> <span class=""wprm-recipe-ingredient-notes wprm-recipe-ingredient-notes-smaller-faded"">also known as Japanese breadcrumbs</span></li>",panko,panko,1.0,cup,ok,
twoplaidaprons,https://twoplaidaprons.com/chicken-katsu/,Chicken Katsu,20.0,True,"<li class=""wprm-recipe-ingredient"" data-uid=""5"" style=""list-style-type: none;""><span class=""wprm-checkbox-container""><input aria-label="" Salt and black pepper to your preference"" class=""wprm-checkbox"" id=""wprm-checkbox-4"" type=""checkbox""/><label class=""wprm-checkbox-label"" for=""wprm-checkbox-4""><span class=""sr-only screen-reader-text wprm-screen-reader-text"">▢ </span></label></span><span class=""wprm-recipe-ingredient-name"">Salt and black pepper</span> <span class=""wprm-recipe-ingredient-notes wprm-recipe-ingredient-notes-smaller-faded"">to your preference</span></li>",Salt and black pepper,salt  black pepper,,,ok,
twoplaidaprons,https://twoplaidaprons.com/chicken-katsu/,Chicken Katsu,20.0,True,"<li class=""wprm-recipe-ingredient"" data-uid=""6"" style=""list-style-type: none;""><span class=""wprm-checkbox-container""><input aria-label="" Oil for frying"" class=""wprm-checkbox"" id=""wprm-checkbox-5"" type=""checkbox""/><label class=""wprm-checkbox-label"" for=""wprm-checkbox-5""><span class=""sr-only screen-reader-text wprm-screen-reader-text"">▢ </span></label></span><span class=""wprm-recipe-ingredient-name"">Oil for frying</span></li>",Oil for frying,oil for frying,,,ok,
twoplaidaprons,https://twoplaidaprons.com/chicken-katsu/,Chicken Katsu,20.0,True,"<li class=""wprm-recipe-ingredient"" data-uid=""8"" style=""list-style-type: none;""><span class=""wprm-checkbox-container""><input aria-label="" 2 tablespoons Worcestershire sauce"" class=""wprm-checkbox"" id=""wprm-checkbox-6"" type=""checkbox""/><label class=""wprm-checkbox-label"" for=""wprm-checkbox-6""><span class=""sr-only screen-reader-text wprm-screen-reader-text"">▢ </span></label></span><span class=""wprm-recipe-ingredient-amount"">2</span> <span class=""wprm-recipe-ingredient-unit"">tablespoons</span> <span class=""wprm-recipe-ingredient-name""><a class=""wprm-recipe-ingredient-link"" href=""https://amzn.to/3hEsj48"" rel=""nofollow noreferrer"" target=""_blank"">Worcestershire sauce</a></span></li>",Worcestershire sauce,worcestershire sauce,2.0,tablespoons,ok,
twoplaidaprons,https://twoplaidaprons.com/chicken-katsu/,Chicken Katsu,20.0,True,"<li class=""wprm-recipe-ingredient"" data-uid=""9"" style=""list-style-type: none;""><span class=""wprm-checkbox-container""><input aria-label="" 2 tablespoons ketchup"" class=""wprm-checkbox"" id=""wprm-checkbox-7"" type=""checkbox""/><label class=""wprm-checkbox-label"" for=""wprm-checkbox-7""><span class=""sr-only screen-reader-text wprm-screen-reader-text"">▢ </span></label></span><span class=""wprm-recipe-ingredient-amount"">2</span> <span class=""wprm-recipe-ingredient-unit"">tablespoons</span> <span class=""wprm-recipe-ingredient-name""><a class=""wprm-recipe-ingredient-link"" href=""https://amzn.to/3hFLavy"" rel=""nofollow noreferrer"" target=""_blank"">ketchup</a></span></li>",ketchup,ketchup,2.0,tablespoons,ok,
twoplaidaprons,https://twoplaidaprons.com/chicken-katsu/,Chicken Katsu,20.0,True,"<li class=""wprm-recipe-ingredient"" data-uid=""10"" style=""list-style-type: none;""><span class=""wprm-checkbox-container""><input aria-label="" 2 teaspoons oyster sauce"" class=""wprm-checkbox"" id=""wprm-checkbox-8"" type=""checkbox""/><label class=""wprm-checkbox-label"" for=""wprm-checkbox-8""><span class=""sr-only screen-reader-text wprm-screen-reader-text"">▢ </span></label></span><span class=""wprm-recipe-ingredient-amount"">2</span> <span class=""wprm-recipe-ingredient-unit"">teaspoons</span> <span class=""wprm-recipe-ingredient-name""><a class=""wprm-recipe-ingredient-link"" href=""https://amzn.to/41eI7kh"" rel=""nofollow noreferrer"" target=""_blank"">oyster sauce</a></span></li>",oyster sauce,oyster sauce,2.0,teaspoons,ok,
twoplaidaprons,https://twoplaidaprons.com/chicken-katsu/,Chicken Katsu,20.0,True,"<li class=""wprm-recipe-ingredient"" data-uid=""11"" style=""list-style-type: none;""><span class=""wprm-checkbox-container""><input aria-label="" 1 teaspoon granulated sugar"" class=""wprm-checkbox"" id=""wprm-checkbox-9"" type=""checkbox""/><label class=""wprm-checkbox-label"" for=""wprm-checkbox-9""><span class=""sr-only screen-reader-text wprm-screen-reader-text"">▢ </span></label></span><span class=""wprm-recipe-ingredient-amount"">1</span> <span class=""wprm-recipe-ingredient-unit"">teaspoon</span> <span class=""wprm-recipe-ingredient-name""><a class=""wprm-recipe-ingredient-link"" href=""https://amzn.to/3IEdexr"" rel=""nofollow noreferrer"" target=""_blank"">granulated sugar</a></span></li>",granulated sugar,granulated sugar,1.0,teaspoon,ok,
twoplaidaprons,https://twoplaidaprons.com/chicken-katsu/,Chicken Katsu,20.0,True,"<li class=""wprm-recipe-ingredient"" data-uid=""13"" style=""list-style-type: none;""><span class=""wprm-checkbox-container""><input aria-label="" Cooked white rice"" class=""wprm-checkbox"" id=""wprm-checkbox-10"" type=""checkbox""/><label class=""wprm-checkbox-label"" for=""wprm-checkbox-10""><span class=""sr-only screen-reader-text wprm-screen-reader-text"">▢ </span></label></span><span class=""wprm-recipe-ingredient-name"">Cooked white rice</span></li>",Cooked white rice,cooked  rice,,,ok,
twoplaidaprons,https://twoplaidaprons.com/chicken-katsu/,Chicken Katsu,20.0,True,"<li class=""wprm-recipe-ingredient"" data-uid=""14"" style=""list-style-type: none;""><span class=""wprm-checkbox-container""><input aria-label="" Green cabbage thinly shredded (with or without dressing)"" class=""wprm-checkbox"" id=""wprm-checkbox-11"" type=""checkbox""/><label class=""wprm-checkbox-label"" for=""wprm-checkbox-11""><span class=""sr-only screen-reader-text wprm-screen-reader-text"">▢ </span></label></span><span class=""wprm-recipe-ingredient-name"">Green cabbage</span> <span class=""wprm-recipe-ingredient-notes wprm-recipe-ingredient-notes-smaller-faded"">thinly shredded (with or without dressing)</span></li>",Green cabbage,green cabbage,,,ok,
twoplaidaprons,https://twoplaidaprons.com/chicken-lo-mein/,,,,,,,,,error,"1 validation error for IngredientData
quantity
  Input should be a valid number, unable to parse string as a number [type=float_parsing, input_value='⅛', input_type=str]
    For further information visit https://errors.pydantic.dev/2.13/v/float_parsing"
twoplaidaprons,https://twoplaidaprons.com/chicken-with-mixed-vegetable-stir-fry/,,,,,,,,,error,"1 validation error for IngredientData
quantity
  Input should be a valid number, unable to parse string as a number [type=float_parsing, input_value='¾', input_type=str]
    For further information visit https://errors.pydantic.dev/2.13/v/float_parsing"
twoplaidaprons,https://twoplaidaprons.com/chinese-broccoli-stir-fry/,Chinese Broccoli Stir Fry,15.0,True,"<li class=""wprm-recipe-ingredient"" data-uid=""0"" style=""list-style-type: none;""><span class=""wprm-checkbox-container""><input aria-label="" 1 pound gai lan rinsed and cleaned (also known as Chinese broccoli)"" class=""wprm-checkbox"" id=""wprm-checkbox-0"" type=""checkbox""/><label class=""wprm-checkbox-label"" for=""wprm-checkbox-0""><span class=""sr-only screen-reader-text wprm-screen-reader-text"">▢ </span></label></span><span class=""wprm-recipe-ingredient-amount"">1</span> <span class=""wprm-recipe-ingredient-unit"">pound</span> <span class=""wprm-recipe-ingredient-name"">gai lan</span> <span class=""wprm-recipe-ingredient-notes wprm-recipe-ingredient-notes-smaller-faded"">rinsed and cleaned (also known as Chinese broccoli)</span></li>",gai lan,gai lan,1.0,pound,ok,
twoplaidaprons,https://twoplaidaprons.com/chinese-broccoli-stir-fry/,Chinese Broccoli Stir Fry,15.0,True,"<li class=""wprm-recipe-ingredient"" data-uid=""1"" style=""list-style-type: none;""><span class=""wprm-checkbox-container""><input aria-label="" 3 tablespoons oil (any neutral oil such as canola, grapeseed, and avocado)"" class=""wprm-checkbox"" id=""wprm-checkbox-1"" type=""checkbox""/><label class=""wprm-checkbox-label"" for=""wprm-checkbox-1""><span class=""sr-only screen-reader-text wprm-screen-reader-text"">▢ </span></label></span><span class=""wprm-recipe-ingredient-amount"">3</span> <span class=""wprm-recipe-ingredient-unit"">tablespoons</span> <span class=""wprm-recipe-ingredient-name"">oil</span> <span class=""wprm-recipe-ingredient-notes wprm-recipe-ingredient-notes-smaller-faded"">(any neutral oil such as canola, grapeseed, and avocado)</span></li>",oil,oil,3.0,tablespoons,ok,
twoplaidaprons,https://twoplaidaprons.com/chinese-broccoli-stir-fry/,Chinese Broccoli Stir Fry,15.0,True,"<li class=""wprm-recipe-ingredient"" data-uid=""4"" style=""list-style-type: none;""><span class=""wprm-checkbox-container""><input aria-label="" 4 cloves garlic sliced"" class=""wprm-checkbox"" id=""wprm-checkbox-2"" type=""checkbox""/><label class=""wprm-checkbox-label"" for=""wprm-checkbox-2""><span class=""sr-only screen-reader-text wprm-screen-reader-text"">▢ </span></label></span><span class=""wprm-recipe-ingredient-amount"">4</span> <span class=""wprm-recipe-ingredient-unit"">cloves</span> <span class=""wprm-recipe-ingredient-name"">garlic</span> <span class=""wprm-recipe-ingredient-notes wprm-recipe-ingredient-notes-smaller-faded"">sliced</span></li>",garlic,garlic,4.0,cloves,ok,
twoplaidaprons,https://twoplaidaprons.com/chinese-broccoli-stir-fry/,Chinese Broccoli Stir Fry,15.0,True,"<li class=""wprm-recipe-ingredient"" data-uid=""2"" style=""list-style-type: none;""><span class=""wprm-checkbox-container""><input aria-label="" 4 tablespoons water"" class=""wprm-checkbox"" id=""wprm-checkbox-3"" type=""checkbox""/><label class=""wprm-checkbox-label"" for=""wprm-checkbox-3""><span class=""sr-only screen-reader-text wprm-screen-reader-text"">▢ </span></label></span><span class=""wprm-recipe-ingredient-amount"">4</span> <span class=""wprm-recipe-ingredient-unit"">tablespoons</span> <span class=""wprm-recipe-ingredient-name"">water</span></li>",water,water,4.0,tablespoons,ok,
twoplaidaprons,https://twoplaidaprons.com/chinese-broccoli-stir-fry/,Chinese Broccoli Stir Fry,15.0,True,"<li class=""wprm-recipe-ingredient"" data-uid=""3"" style=""list-style-type: none;""><span class=""wprm-checkbox-container""><input aria-label="" 1 tablespoon Shaoxing rice wine (optional but highly recommended)"" class=""wprm-checkbox"" id=""wprm-checkbox-4"" type=""checkbox""/><label class=""wprm-checkbox-label"" for=""wprm-checkbox-4""><span class=""sr-only screen-reader-text wprm-screen-reader-text"">▢ </span></label></span><span class=""wprm-recipe-ingredient-amount"">1</span> <span class=""wprm-recipe-ingredient-unit"">tablespoon</span> <span class=""wprm-recipe-ingredient-name""><a class=""wprm-recipe-ingredient-link"" href=""https://amzn.to/4hZSKku"" rel=""nofollow noreferrer"" target=""_blank"">Shaoxing rice wine</a></span> <span class=""wprm-recipe-ingredient-notes wprm-recipe-ingredient-notes-smaller-faded"">(optional but highly recommended)</span></li>",Shaoxing rice wine,shaoxing rice wine,1.0,tablespoon,ok,
twoplaidaprons,https://twoplaidaprons.com/chinese-broccoli-stir-fry/,Chinese Broccoli Stir Fry,15.0,True,"<li class=""wprm-recipe-ingredient"" data-uid=""5"" style=""list-style-type: none;""><span class=""wprm-checkbox-container""><input aria-label="" ½ teaspoon salt"" class=""wprm-checkbox"" id=""wprm-checkbox-5"" type=""checkbox""/><label class=""wprm-checkbox-label"" for=""wprm-checkbox-5""><span class=""sr-only screen-reader-text wprm-screen-reader-text"">▢ </span></label></span><span class=""wprm-recipe-ingredient-amount"">½</span> <span class=""wprm-recipe-ingredient-unit"">teaspoon</span> <span class=""wprm-recipe-ingredient-name"">salt</span></li>",salt,salt,0.5,teaspoon,ok,
twoplaidaprons,https://twoplaidaprons.com/chinese-broccoli-stir-fry/,Chinese Broccoli Stir Fry,15.0,True,"<li class=""wprm-recipe-ingredient"" data-uid=""6"" style=""list-style-type: none;""><span class=""wprm-checkbox-container""><input aria-label="" ½ teaspoon chicken bouillon powder"" class=""wprm-checkbox"" id=""wprm-checkbox-6"" type=""checkbox""/><label class=""wprm-checkbox-label"" for=""wprm-checkbox-6""><span class=""sr-only screen-reader-text wprm-screen-reader-text"">▢ </span></label></span><span class=""wprm-recipe-ingredient-amount"">½</span> <span class=""wprm-recipe-ingredient-unit"">teaspoon</span> <span class=""wprm-recipe-ingredient-name""><a class=""wprm-recipe-ingredient-link"" href=""https://amzn.to/3ystCxU"" rel=""nofollow noreferrer"" target=""_blank"">chicken bouillon powder</a></span></li>",chicken bouillon powder,chicken bouillon powder,0.5,teaspoon,ok,
twoplaidaprons,https://twoplaidaprons.com/chinese-broccoli-stir-fry/,Chinese Broccoli Stir Fry,15.0,True,"<li class=""wprm-recipe-ingredient"" data-uid=""7"" style=""list-style-type: none;""><span class=""wprm-checkbox-container""><input aria-label="" ¼ teaspoon granulated sugar"" class=""wprm-checkbox"" id=""wprm-checkbox-7"" type=""checkbox""/><label class=""wprm-checkbox-label"" for=""wprm-checkbox-7""><span class=""sr-only screen-reader-text wprm-screen-reader-text"">▢ </span></label></span><span class=""wprm-recipe-ingredient-amount"">¼</span> <span class=""wprm-recipe-ingredient-unit"">teaspoon</span> <span class=""wprm-recipe-ingredient-name""><a class=""wprm-recipe-ingredient-link"" href=""https://amzn.to/3IEdexr"" rel=""nofollow noreferrer"" target=""_blank"">granulated sugar</a></span></li>",granulated sugar,granulated sugar,0.25,teaspoon,ok,
twoplaidaprons,https://twoplaidaprons.com/chinese-garlic-green-beans/,Chinese Garlic Green Beans,15.0,True,"<li class=""wprm-recipe-ingredient"" data-uid=""0"" style=""list-style-type: none;""><span class=""wprm-checkbox-container""><input aria-label="" 1 pound green beans"" class=""wprm-checkbox"" id=""wprm-checkbox-0"" type=""checkbox""/><label class=""wprm-checkbox-label"" for=""wprm-checkbox-0""><span class=""sr-only screen-reader-text wprm-screen-reader-text"">▢ </span></label></span><span class=""wprm-recipe-ingredient-amount"">1</span> <span class=""wprm-recipe-ingredient-unit"">pound</span> <span class=""wprm-recipe-ingredient-name"">green beans</span></li>",green beans,green beans,1.0,pound,ok,
twoplaidaprons,https://twoplaidaprons.com/chinese-garlic-green-beans/,Chinese Garlic Green Beans,15.0,True,"<li class=""wprm-recipe-ingredient"" data-uid=""1"" style=""list-style-type: none;""><span class=""wprm-checkbox-container""><input aria-label="" 2 tablespoons garlic minced (about 4 to 5 cloves)"" class=""wprm-checkbox"" id=""wprm-checkbox-1"" type=""checkbox""/><label class=""wprm-checkbox-label"" for=""wprm-checkbox-1""><span class=""sr-only screen-reader-text wprm-screen-reader-text"">▢ </span></label></span><span class=""wprm-recipe-ingredient-amount"">2</span> <span class=""wprm-recipe-ingredient-unit"">tablespoons</span> <span class=""wprm-recipe-ingredient-name"">garlic</span> <span class=""wprm-recipe-ingredient-notes wprm-recipe-ingredient-notes-smaller-faded"">minced (about 4 to 5 cloves)</span></li>",garlic,garlic,2.0,tablespoons,ok,
twoplaidaprons,https://twoplaidaprons.com/chinese-garlic-green-beans/,Chinese Garlic Green Beans,15.0,True,"<li class=""wprm-recipe-ingredient"" data-uid=""2"" style=""list-style-type: none;""><span class=""wprm-checkbox-container""><input aria-label="" ½ teaspoon Kosher salt (if using fine salt, use a little less)"" class=""wprm-checkbox"" id=""wprm-checkbox-2"" type=""checkbox""/><label class=""wprm-checkbox-label"" for=""wprm-checkbox-2""><span class=""sr-only screen-reader-text wprm-screen-reader-text"">▢ </span></label></span><span class=""wprm-recipe-ingredient-amount"">½</span> <span class=""wprm-recipe-ingredient-unit"">teaspoon</span> <span class=""wprm-recipe-ingredient-name""><a class=""wprm-recipe-ingredient-link"" href=""https://amzn.to/3cjL1LU"" rel=""nofollow noreferrer"" target=""_blank"">Kosher salt</a></span> <span class=""wprm-recipe-ingredient-notes wprm-recipe-ingredient-notes-smaller-faded"">(if using fine salt, use a little less)</span></li>",Kosher salt,salt,0.5,teaspoon,ok,
twoplaidaprons,https://twoplaidaprons.com/chinese-garlic-green-beans/,Chinese Garlic Green Beans,15.0,True,"<li class=""wprm-recipe-ingredient"" data-uid=""3"" style=""list-style-type: none;""><span class=""wprm-checkbox-container""><input aria-label="" Oil as needed (any high smoke point oil like vegetable, peanut, avocado, etc)"" class=""wprm-checkbox"" id=""wprm-checkbox-3"" type=""checkbox""/><label class=""wprm-checkbox-label"" for=""wprm-checkbox-3""><span class=""sr-only screen-reader-text wprm-screen-reader-text"">▢ </span></label></span><span class=""wprm-recipe-ingredient-name"">Oil</span> <span class=""wprm-recipe-ingredient-notes wprm-recipe-ingredient-notes-smaller-faded"">as needed (any high smoke point oil like vegetable, peanut, avocado, etc)</span></li>",Oil,oil,,,ok,
twoplaidaprons,https://twoplaidaprons.com/chinese-new-year-rice-cake/,,,,,,,,,error,"1 validation error for IngredientData
quantity
  Input should be a valid number, unable to parse string as a number [type=float_parsing, input_value='1¼', input_type=str]
    For further information visit https://errors.pydantic.dev/2.13/v/float_parsing"
twoplaidaprons,https://twoplaidaprons.com/chinese-pineapple-tart/,,,,,,,,,error,"1 validation error for IngredientData
quantity
  Input should be a valid number, unable to parse string as a number [type=float_parsing, input_value='¾', input_type=str]
    For further information visit https://errors.pydantic.dev/2.13/v/float_parsing"
twoplaidaprons,https://twoplaidaprons.com/chinese-pork-rib-soup/,Chinese Pork Rib Soup,150.0,True,"<li class=""wprm-recipe-ingredient"" data-uid=""0"" style=""list-style-type: none;""><span class=""wprm-checkbox-container""><input aria-label="" 3 pounds pork riblets cut into smaller pieces between the bones* see notes"" class=""wprm-checkbox"" id=""wprm-checkbox-0"" type=""checkbox""/><label class=""wprm-checkbox-label"" for=""wprm-checkbox-0""><span class=""sr-only screen-reader-text wprm-screen-reader-text"">▢ </span></label></span><span class=""wprm-recipe-ingredient-amount"">3</span> <span class=""wprm-recipe-ingredient-unit"">pounds</span> <span class=""wprm-recipe-ingredient-name"">pork riblets</span> <span class=""wprm-recipe-ingredient-notes wprm-recipe-ingredient-notes-smaller-faded"">cut into smaller pieces between the bones* <em>see notes</em></span></li>",pork riblets,pork riblets,3.0,pounds,ok,
twoplaidaprons,https://twoplaidaprons.com/chinese-pork-rib-soup/,Chinese Pork Rib Soup,150.0,True,"<li class=""wprm-recipe-ingredient"" data-uid=""2"" style=""list-style-type: none;""><span class=""wprm-checkbox-container""><input aria-label="" 1½ pound pork bones or substitute with more spareribs"" class=""wprm-checkbox"" id=""wprm-checkbox-1"" type=""checkbox""/><label class=""wprm-checkbox-label"" for=""wprm-checkbox-1""><span class=""sr-only screen-reader-text wprm-screen-reader-text"">▢ </span></label></span><span class=""wprm-recipe-ingredient-amount"">1½</span> <span class=""wprm-recipe-ingredient-unit"">pound</span> <span class=""wprm-recipe-ingredient-name"">pork bones</span> <span class=""wprm-recipe-ingredient-notes wprm-recipe-ingredient-notes-smaller-faded"">or substitute with more spareribs</span></li>",pork bones,pork bones,1.5,pound,ok,
twoplaidaprons,https://twoplaidaprons.com/chinese-pork-rib-soup/,Chinese Pork Rib Soup,150.0,True,"<li class=""wprm-recipe-ingredient"" data-uid=""5"" style=""list-style-type: none;""><span class=""wprm-checkbox-container""><input aria-label="" 16 cups water"" class=""wprm-checkbox"" id=""wprm-checkbox-2"" type=""checkbox""/><label class=""wprm-checkbox-label"" for=""wprm-checkbox-2""><span class=""sr-only screen-reader-text wprm-screen-reader-text"">▢ </span></label></span><span class=""wprm-recipe-ingredient-amount"">16</span> <span class=""wprm-recipe-ingredient-unit"">cups</span> <span class=""wprm-recipe-ingredient-name"">water</span></li>",water,water,16.0,cups,ok,
twoplaidaprons,https://twoplaidaprons.com/chinese-pork-rib-soup/,Chinese Pork Rib Soup,150.0,True,"<li class=""wprm-recipe-ingredient"" data-uid=""3"" style=""list-style-type: none;""><span class=""wprm-checkbox-container""><input aria-label="" 2 tablespoons dried scallops (optional)"" class=""wprm-checkbox"" id=""wprm-checkbox-3"" type=""checkbox""/><label class=""wprm-checkbox-label"" for=""wprm-checkbox-3""><span class=""sr-only screen-reader-text wprm-screen-reader-text"">▢ </span></label></span><span class=""wprm-recipe-ingredient-amount"">2</span> <span class=""wprm-recipe-ingredient-unit"">tablespoons</span> <span class=""wprm-recipe-ingredient-name"">dried scallops</span> <span class=""wprm-recipe-ingredient-notes wprm-recipe-ingredient-notes-smaller-faded"">(optional)</span></li>",dried scallops,scallops,2.0,tablespoons,ok,
twoplaidaprons,https://twoplaidaprons.com/chinese-pork-rib-soup/,Chinese Pork Rib Soup,150.0,True,"<li class=""wprm-recipe-ingredient"" data-uid=""4"" style=""list-style-type: none;""><span class=""wprm-checkbox-container""><input aria-label="" 2 tablespoons dried goji berries (optional)"" class=""wprm-checkbox"" id=""wprm-checkbox-4"" type=""checkbox""/><label class=""wprm-checkbox-label"" for=""wprm-checkbox-4""><span class=""sr-only screen-reader-text wprm-screen-reader-text"">▢ </span></label></span><span class=""wprm-recipe-ingredient-amount"">2</span> <span class=""wprm-recipe-ingredient-unit"">tablespoons</span> <span class=""wprm-recipe-ingredient-name""><a class=""wprm-recipe-ingredient-link"" href=""https://amzn.to/4pOSiIy"" rel=""nofollow noreferrer"" target=""_blank"">dried goji berries</a></span> <span class=""wprm-recipe-ingredient-notes wprm-recipe-ingredient-notes-smaller-faded"">(optional)</span></li>",dried goji berries,goji berries,2.0,tablespoons,ok,
twoplaidaprons,https://twoplaidaprons.com/chinese-pork-rib-soup/,Chinese Pork Rib Soup,150.0,True,"<li class=""wprm-recipe-ingredient"" data-uid=""6"" style=""list-style-type: none;""><span class=""wprm-checkbox-container""><input aria-label="" 1 tablespoon Kosher salt or as needed for seasoning"" class=""wprm-checkbox"" id=""wprm-checkbox-5"" type=""checkbox""/><label class=""wprm-checkbox-label"" for=""wprm-checkbox-5""><span class=""sr-only screen-reader-text wprm-screen-reader-text"">▢ </span></label></span><span class=""wprm-recipe-ingredient-amount"">1</span> <span class=""wprm-recipe-ingredient-unit"">tablespoon</span> <span class=""wprm-recipe-ingredient-name""><a class=""wprm-recipe-ingredient-link"" href=""https://amzn.to/3cjL1LU"" rel=""nofollow noreferrer"" target=""_blank"">Kosher salt</a></span> <span class=""wprm-recipe-ingredient-notes wprm-recipe-ingredient-notes-smaller-faded"">or as needed for seasoning</span></li>",Kosher salt,salt,1.0,tablespoon,ok,
twoplaidaprons,https://twoplaidaprons.com/chinese-pork-rib-soup/,Chinese Pork Rib Soup,150.0,True,"<li class=""wprm-recipe-ingredient"" data-uid=""17"" style=""list-style-type: none;""><span class=""wprm-checkbox-container""><input aria-label="" Crack black pepper as needed"" class=""wprm-checkbox"" id=""wprm-checkbox-6"" type=""checkbox""/><label class=""wprm-checkbox-label"" for=""wprm-checkbox-6""><span class=""sr-only screen-reader-text wprm-screen-reader-text"">▢ </span></label></span><span class=""wprm-recipe-ingredient-name"">Crack black pepper</span> <span class=""wprm-recipe-ingredient-notes wprm-recipe-ingredient-notes-smaller-faded"">as needed</span></li>",Crack black pepper,crack black pepper,,,ok,
twoplaidaprons,https://twoplaidaprons.com/chinese-pork-rib-soup/,Chinese Pork Rib Soup,150.0,True,"<li class=""wprm-recipe-ingredient"" data-uid=""7"" style=""list-style-type: none;""><span class=""wprm-checkbox-container""><input aria-label="" 1 pound mountain yam peeled and cut into 1 inch chunks* see notes"" class=""wprm-checkbox"" id=""wprm-checkbox-7"" type=""checkbox""/><label class=""wprm-checkbox-label"" for=""wprm-checkbox-7""><span class=""sr-only screen-reader-text wprm-screen-reader-text"">▢ </span></label></span><span class=""wprm-recipe-ingredient-amount"">1</span> <span class=""wprm-recipe-ingredient-unit"">pound</span> <span class=""wprm-recipe-ingredient-name"">mountain yam</span> <span class=""wprm-recipe-ingredient-notes wprm-recipe-ingredient-notes-smaller-faded"">peeled and cut into 1 inch chunks* <em>see notes</em></span></li>",mountain yam,mountain yam,1.0,pound,ok,
twoplaidaprons,https://twoplaidaprons.com/chinese-pork-rib-soup/,Chinese Pork Rib Soup,150.0,True,"<li class=""wprm-recipe-ingredient"" data-uid=""9"" style=""list-style-type: none;""><span class=""wprm-checkbox-container""><input aria-label="" 2 large carrot peeled and cut into ½ inch chunks"" class=""wprm-checkbox"" id=""wprm-checkbox-8"" type=""checkbox""/><label class=""wprm-checkbox-label"" for=""wprm-checkbox-8""><span class=""sr-only screen-reader-text wprm-screen-reader-text"">▢ </span></label></span><span class=""wprm-recipe-ingredient-amount"">2</span> <span class=""wprm-recipe-ingredient-unit"">large</span> <span class=""wprm-recipe-ingredient-name"">carrot</span> <span class=""wprm-recipe-ingredient-notes wprm-recipe-ingredient-notes-smaller-faded"">peeled and cut into ½ inch chunks</span></li>",carrot,carrot,2.0,large,ok,
twoplaidaprons,https://twoplaidaprons.com/chinese-pork-rib-soup/,Chinese Pork Rib Soup,150.0,True,"<li class=""wprm-recipe-ingredient"" data-uid=""10"" style=""list-style-type: none;""><span class=""wprm-checkbox-container""><input aria-label="" 2 ears sweet corn on the cob husk removed and cut into 2-4 smaller chunks per ear"" class=""wprm-checkbox"" id=""wprm-checkbox-9"" type=""checkbox""/><label class=""wprm-checkbox-label"" for=""wprm-checkbox-9""><span class=""sr-only screen-reader-text wprm-screen-reader-text"">▢ </span></label></span><span class=""wprm-recipe-ingredient-amount"">2</span> <span class=""wprm-recipe-ingredient-unit"">ears</span> <span class=""wprm-recipe-ingredient-name"">sweet corn on the cob</span> <span class=""wprm-recipe-ingredient-notes wprm-recipe-ingredient-notes-smaller-faded"">husk removed and cut into 2-4 smaller chunks per ear</span></li>",sweet corn on the cob,sweet corn on the cob,2.0,ears,ok,
twoplaidaprons,https://twoplaidaprons.com/chinese-pork-rib-soup/,Chinese Pork Rib Soup,150.0,True,"<li class=""wprm-recipe-ingredient"" data-uid=""11"" style=""list-style-type: none;""><span class=""wprm-checkbox-container""><input aria-label="" 3 pounds winter melon peeled and cut into ½ inch slices"" class=""wprm-checkbox"" id=""wprm-checkbox-10"" type=""checkbox""/><label class=""wprm-checkbox-label"" for=""wprm-checkbox-10""><span class=""sr-only screen-reader-text wprm-screen-reader-text"">▢ </span></label></span><span class=""wprm-recipe-ingredient-amount"">3</span> <span class=""wprm-recipe-ingredient-unit"">pounds</span> <span class=""wprm-recipe-ingredient-name"">winter melon</span> <span class=""wprm-recipe-ingredient-notes wprm-recipe-ingredient-notes-smaller-faded"">peeled and cut into ½ inch slices</span></li>",winter melon,winter melon,3.0,pounds,ok,
twoplaidaprons,https://twoplaidaprons.com/chinese-pork-rib-soup/,Chinese Pork Rib Soup,150.0,True,"<li class=""wprm-recipe-ingredient"" data-uid=""13"" style=""list-style-type: none;""><span class=""wprm-checkbox-container""><input aria-label="" 2 pounds daikon radish (or Korean radish) peeled and cut into ½ inch bite size pieces"" class=""wprm-checkbox"" id=""wprm-checkbox-11"" type=""checkbox""/><label class=""wprm-checkbox-label"" for=""wprm-checkbox-11""><span class=""sr-only screen-reader-text wprm-screen-reader-text"">▢ </span></label></span><span class=""wprm-recipe-ingredient-amount"">2</span> <span class=""wprm-recipe-ingredient-unit"">pounds</span> <span class=""wprm-recipe-ingredient-name"">daikon radish</span> <span class=""wprm-recipe-ingredient-notes wprm-recipe-ingredient-notes-smaller-faded"">(or Korean radish) peeled and cut into ½ inch bite size pieces</span></li>",daikon radish,daikon radish,2.0,pounds,ok,
twoplaidaprons,https://twoplaidaprons.com/chinese-pork-rib-soup/,Chinese Pork Rib Soup,150.0,True,"<li class=""wprm-recipe-ingredient"" data-uid=""15"" style=""list-style-type: none;""><span class=""wprm-checkbox-container""><input aria-label="" 1 large carrot peeled and cut into ½ inch chunks"" class=""wprm-checkbox"" id=""wprm-checkbox-12"" type=""checkbox""/><label class=""wprm-checkbox-label"" for=""wprm-checkbox-12""><span class=""sr-only screen-reader-text wprm-screen-reader-text"">▢ </span></label></span><span class=""wprm-recipe-ingredient-amount"">1</span> <span class=""wprm-recipe-ingredient-unit"">large</span> <span class=""wprm-recipe-ingredient-name"">carrot</span> <span class=""wprm-recipe-ingredient-notes wprm-recipe-ingredient-notes-smaller-faded"">peeled and cut into ½ inch chunks</span></li>",carrot,carrot,1.0,large,ok,
twoplaidaprons,https://twoplaidaprons.com/chinese-pork-rib-soup/,Chinese Pork Rib Soup,150.0,True,"<li class=""wprm-recipe-ingredient"" data-uid=""16"" style=""list-style-type: none;""><span class=""wprm-checkbox-container""><input aria-label="" 14 ounces firm tofu drained and cut into 1 inch cubes"" class=""wprm-checkbox"" id=""wprm-checkbox-13"" type=""checkbox""/><label class=""wprm-checkbox-label"" for=""wprm-checkbox-13""><span class=""sr-only screen-reader-text wprm-screen-reader-text"">▢ </span></label></span><span class=""wprm-recipe-ingredient-amount"">14</span> <span class=""wprm-recipe-ingredient-unit"">ounces</span> <span class=""wprm-recipe-ingredient-name"">firm tofu</span> <span class=""wprm-recipe-ingredient-notes wprm-recipe-ingredient-notes-smaller-faded"">drained and cut into 1 inch cubes</span></li>",firm tofu,firm tofu,14.0,ounces,ok,
twoplaidaprons,https://twoplaidaprons.com/chinese-smashed-cucumber-salad/,Chinese Smashed Cucumber Salad (拍黄瓜),7.0,True,"<li class=""wprm-recipe-ingredient"" data-uid=""0"" style=""list-style-type: none;""><span class=""wprm-checkbox-container""><input aria-label="" 1 pound Persian cucumbers washed"" class=""wprm-checkbox"" id=""wprm-checkbox-0"" type=""checkbox""/><label class=""wprm-checkbox-label"" for=""wprm-checkbox-0""><span class=""sr-only screen-reader-text wprm-screen-reader-text"">▢ </span></label></span><span class=""wprm-recipe-ingredient-amount"">1</span> <span class=""wprm-recipe-ingredient-unit"">pound</span> <span class=""wprm-recipe-ingredient-name"">Persian cucumbers</span> <span class=""wprm-recipe-ingredient-notes wprm-recipe-ingredient-notes-smaller-faded"">washed</span></li>",Persian cucumbers,persian cucumbers,1.0,pound,ok,
twoplaidaprons,https://twoplaidaprons.com/chinese-smashed-cucumber-salad/,Chinese Smashed Cucumber Salad (拍黄瓜),7.0,True,"<li class=""wprm-recipe-ingredient"" data-uid=""1"" style=""list-style-type: none;""><span class=""wprm-checkbox-container""><input aria-label="" ½ teaspoon Kosher salt (if using fine salt, use a little less)"" class=""wprm-checkbox"" id=""wprm-checkbox-1"" type=""checkbox""/><label class=""wprm-checkbox-label"" for=""wprm-checkbox-1""><span class=""sr-only screen-reader-text wprm-screen-reader-text"">▢ </span></label></span><span class=""wprm-recipe-ingredient-amount"">½</span> <span class=""wprm-recipe-ingredient-unit"">teaspoon</span> <span class=""wprm-recipe-ingredient-name""><a class=""wprm-recipe-ingredient-link"" href=""https://amzn.to/3cjL1LU"" rel=""nofollow noreferrer"" target=""_blank"">Kosher salt</a></span> <span class=""wprm-recipe-ingredient-notes wprm-recipe-ingredient-notes-smaller-faded"">(if using fine salt, use a little less)</span></li>",Kosher salt,salt,0.5,teaspoon,ok,
twoplaidaprons,https://twoplaidaprons.com/chinese-smashed-cucumber-salad/,Chinese Smashed Cucumber Salad (拍黄瓜),7.0,True,"<li class=""wprm-recipe-ingredient"" data-uid=""8"" style=""list-style-type: none;""><span class=""wprm-checkbox-container""><input aria-label="" 1 clove garlic minced or paste"" class=""wprm-checkbox"" id=""wprm-checkbox-2"" type=""checkbox""/><label class=""wprm-checkbox-label"" for=""wprm-checkbox-2""><span class=""sr-only screen-reader-text wprm-screen-reader-text"">▢ </span></label></span><span class=""wprm-recipe-ingredient-amount"">1</span> <span class=""wprm-recipe-ingredient-unit"">clove</span> <span class=""wprm-recipe-ingredient-name"">garlic</span> <span class=""wprm-recipe-ingredient-notes wprm-recipe-ingredient-notes-smaller-faded"">minced or paste</span></li>",garlic,garlic,1.0,clove,ok,
twoplaidaprons,https://twoplaidaprons.com/chinese-smashed-cucumber-salad/,Chinese Smashed Cucumber Salad (拍黄瓜),7.0,True,"<li class=""wprm-recipe-ingredient"" data-uid=""2"" style=""list-style-type: none;""><span class=""wprm-checkbox-container""><input aria-label="" 1 tablespoon Chinese black vinegar"" class=""wprm-checkbox"" id=""wprm-checkbox-3"" type=""checkbox""/><label class=""wprm-checkbox-label"" for=""wprm-checkbox-3""><span class=""sr-only screen-reader-text wprm-screen-reader-text"">▢ </span></label></span><span class=""wprm-recipe-ingredient-amount"">1</span> <span class=""wprm-recipe-ingredient-unit"">tablespoon</span> <span class=""wprm-recipe-ingredient-name""><a class=""wprm-recipe-ingredient-link"" href=""https://amzn.to/3M7Vw69"" rel=""nofollow noreferrer"" target=""_blank"">Chinese black vinegar</a></span></li>",Chinese black vinegar,chinese black vinegar,1.0,tablespoon,ok,
twoplaidaprons,https://twoplaidaprons.com/chinese-smashed-cucumber-salad/,Chinese Smashed Cucumber Salad (拍黄瓜),7.0,True,"<li class=""wprm-recipe-ingredient"" data-uid=""3"" style=""list-style-type: none;""><span class=""wprm-checkbox-container""><input aria-label="" 2 teaspoons soy sauce (we used light sodium)"" class=""wprm-checkbox"" id=""wprm-checkbox-4"" type=""checkbox""/><label class=""wprm-checkbox-label"" for=""wprm-checkbox-4""><span class=""sr-only screen-reader-text wprm-screen-reader-text"">▢ </span></label></span><span class=""wprm-recipe-ingredient-amount"">2</span> <span class=""wprm-recipe-ingredient-unit"">teaspoons</span> <span class=""wprm-recipe-ingredient-name""><a class=""wprm-recipe-ingredient-link"" href=""https://amzn.to/3822TY0"" rel=""nofollow noreferrer"" target=""_blank"">soy sauce</a></span> <span class=""wprm-recipe-ingredient-notes wprm-recipe-ingredient-notes-smaller-faded"">(we used light sodium)</span></li>",soy sauce,soy sauce,2.0,teaspoons,ok,
twoplaidaprons,https://twoplaidaprons.com/chinese-smashed-cucumber-salad/,Chinese Smashed Cucumber Salad (拍黄瓜),7.0,True,"<li class=""wprm-recipe-ingredient"" data-uid=""4"" style=""list-style-type: none;""><span class=""wprm-checkbox-container""><input aria-label="" 1 teaspoon granulated sugar"" class=""wprm-checkbox"" id=""wprm-checkbox-5"" type=""checkbox""/><label class=""wprm-checkbox-label"" for=""wprm-checkbox-5""><span class=""sr-only screen-reader-text wprm-screen-reader-text"">▢ </span></label></span><span class=""wprm-recipe-ingredient-amount"">1</span> <span class=""wprm-recipe-ingredient-unit"">teaspoon</span> <span class=""wprm-recipe-ingredient-name""><a class=""wprm-recipe-ingredient-link"" href=""https://amzn.to/3IEdexr"" rel=""nofollow noreferrer"" target=""_blank"">granulated sugar</a></span></li>",granulated sugar,granulated sugar,1.0,teaspoon,ok,
twoplaidaprons,https://twoplaidaprons.com/chinese-smashed-cucumber-salad/,Chinese Smashed Cucumber Salad (拍黄瓜),7.0,True,"<li class=""wprm-recipe-ingredient"" data-uid=""5"" style=""list-style-type: none;""><span class=""wprm-checkbox-container""><input aria-label="" 1 teaspoon toasted sesame oil"" class=""wprm-checkbox"" id=""wprm-checkbox-6"" type=""checkbox""/><label class=""wprm-checkbox-label"" for=""wprm-checkbox-6""><span class=""sr-only screen-reader-text wprm-screen-reader-text"">▢ </span></label></span><span class=""wprm-recipe-ingredient-amount"">1</span> <span class=""wprm-recipe-ingredient-unit"">teaspoon</span> <span class=""wprm-recipe-ingredient-name""><a class=""wprm-recipe-ingredient-link"" href=""https://amzn.to/2TeNpL8"" rel=""nofollow noreferrer"" target=""_blank"">toasted sesame oil</a></span></li>",toasted sesame oil,toasted sesame oil,1.0,teaspoon,ok,
twoplaidaprons,https://twoplaidaprons.com/chinese-smashed-cucumber-salad/,Chinese Smashed Cucumber Salad (拍黄瓜),7.0,True,"<li class=""wprm-recipe-ingredient"" data-uid=""6"" style=""list-style-type: none;""><span class=""wprm-checkbox-container""><input aria-label="" 1 teaspoon Chinese chili oil more or less depending on your preference"" class=""wprm-checkbox"" id=""wprm-checkbox-7"" type=""checkbox""/><label class=""wprm-checkbox-label"" for=""wprm-checkbox-7""><span class=""sr-only screen-reader-text wprm-screen-reader-text"">▢ </span></label></span><span class=""wprm-recipe-ingredient-amount"">1</span> <span class=""wprm-recipe-ingredient-unit"">teaspoon</span> <span class=""wprm-recipe-ingredient-name""><a class=""wprm-recipe-ingredient-link"" href=""https://twoplaidaprons.com/homemade-chinese-chili-oil/"" rel=""nofollow"" target=""_blank"">Chinese chili oil</a></span> <span class=""wprm-recipe-ingredient-notes wprm-recipe-ingredient-notes-smaller-faded"">more or less depending on your preference</span></li>",Chinese chili oil,chinese chili oil,1.0,teaspoon,ok,
twoplaidaprons,https://twoplaidaprons.com/chinese-smashed-cucumber-salad/,Chinese Smashed Cucumber Salad (拍黄瓜),7.0,True,"<li class=""wprm-recipe-ingredient"" data-uid=""7"" style=""list-style-type: none;""><span class=""wprm-checkbox-container""><input aria-label="" 2 tablespoons cilantro chopped (about 3 to 4 sprigs; optional but highly recommended)"" class=""wprm-checkbox"" id=""wprm-checkbox-8"" type=""checkbox""/><label class=""wprm-checkbox-label"" for=""wprm-checkbox-8""><span class=""sr-only screen-reader-text wprm-screen-reader-text"">▢ </span></label></span><span class=""wprm-recipe-ingredient-amount"">2</span> <span class=""wprm-recipe-ingredient-unit"">tablespoons</span> <span class=""wprm-recipe-ingredient-name"">cilantro</span> <span class=""wprm-recipe-ingredient-notes wprm-recipe-ingredient-notes-smaller-faded"">chopped (about 3 to 4 sprigs; optional but highly recommended)</span></li>",cilantro,cilantro,2.0,tablespoons,ok,
twoplaidaprons,https://twoplaidaprons.com/chinese-steamed-whole-fish-with-ginger-and-scallion/,Steamed Fish,20.0,True,"<li class=""wprm-recipe-ingredient"" data-uid=""1"" style=""list-style-type: none;""><span class=""wprm-checkbox-container""><input aria-label="" 1½ pound whole white fish descaled and gutted *see notes"" class=""wprm-checkbox"" id=""wprm-checkbox-0"" type=""checkbox""/><label class=""wprm-checkbox-label"" for=""wprm-checkbox-0""><span class=""sr-only screen-reader-text wprm-screen-reader-text"">▢ </span></label></span><span class=""wprm-recipe-ingredient-amount"">1½</span> <span class=""wprm-recipe-ingredient-unit"">pound</span> <span class=""wprm-recipe-ingredient-name"">whole white fish</span> <span class=""wprm-recipe-ingredient-notes wprm-recipe-ingredient-notes-smaller-faded"">descaled and gutted *<em>see notes</em></span></li>",whole white fish,whole  fish,1.5,pound,ok,
twoplaidaprons,https://twoplaidaprons.com/chinese-steamed-whole-fish-with-ginger-and-scallion/,Steamed Fish,20.0,True,"<li class=""wprm-recipe-ingredient"" data-uid=""2"" style=""list-style-type: none;""><span class=""wprm-checkbox-container""><input aria-label="" 2 inches ginger peeled and cut into juliennes (aka thin matchsticks), divided"" class=""wprm-checkbox"" id=""wprm-checkbox-1"" type=""checkbox""/><label class=""wprm-checkbox-label"" for=""wprm-checkbox-1""><span class=""sr-only screen-reader-text wprm-screen-reader-text"">▢ </span></label></span><span class=""wprm-recipe-ingredient-amount"">2</span> <span class=""wprm-recipe-ingredient-unit"">inches</span> <span class=""wprm-recipe-ingredient-name"">ginger</span> <span class=""wprm-recipe-ingredient-notes wprm-recipe-ingredient-notes-smaller-faded"">peeled and cut into juliennes (aka thin matchsticks), divided</span></li>",ginger,ginger,2.0,inches,ok,
twoplaidaprons,https://twoplaidaprons.com/chinese-steamed-whole-fish-with-ginger-and-scallion/,Steamed Fish,20.0,True,"<li class=""wprm-recipe-ingredient"" data-uid=""3"" style=""list-style-type: none;""><span class=""wprm-checkbox-container""><input aria-label="" 2 stalks green onion thinly sliced and divided"" class=""wprm-checkbox"" id=""wprm-checkbox-2"" type=""checkbox""/><label class=""wprm-checkbox-label"" for=""wprm-checkbox-2""><span class=""sr-only screen-reader-text wprm-screen-reader-text"">▢ </span></label></span><span class=""wprm-recipe-ingredient-amount"">2</span> <span class=""wprm-recipe-ingredient-unit"">stalks</span> <span class=""wprm-recipe-ingredient-name"">green onion</span> <span class=""wprm-recipe-ingredient-notes wprm-recipe-ingredient-notes-smaller-faded"">thinly sliced and divided</span></li>",green onion,green onion,2.0,stalks,ok,
twoplaidaprons,https://twoplaidaprons.com/chinese-steamed-whole-fish-with-ginger-and-scallion/,Steamed Fish,20.0,True,"<li class=""wprm-recipe-ingredient"" data-uid=""10"" style=""list-style-type: none;""><span class=""wprm-checkbox-container""><input aria-label="" 2 tablespoons oil any neutral oil with high smoke point"" class=""wprm-checkbox"" id=""wprm-checkbox-3"" type=""checkbox""/><label class=""wprm-checkbox-label"" for=""wprm-checkbox-3""><span class=""sr-only screen-reader-text wprm-screen-reader-text"">▢ </span></label></span><span class=""wprm-recipe-ingredient-amount"">2</span> <span class=""wprm-recipe-ingredient-unit"">tablespoons</span> <span class=""wprm-recipe-ingredient-name"">oil</span> <span class=""wprm-recipe-ingredient-notes wprm-recipe-ingredient-notes-smaller-faded"">any neutral oil with high smoke point</span></li>",oil,oil,2.0,tablespoons,ok,
twoplaidaprons,https://twoplaidaprons.com/chinese-steamed-whole-fish-with-ginger-and-scallion/,Steamed Fish,20.0,True,"<li class=""wprm-recipe-ingredient"" data-uid=""5"" style=""list-style-type: none;""><span class=""wprm-checkbox-container""><input aria-label="" ¼ cup cilantro cut into 1 inch pieces (optional)"" class=""wprm-checkbox"" id=""wprm-checkbox-4"" type=""checkbox""/><label class=""wprm-checkbox-label"" for=""wprm-checkbox-4""><span class=""sr-only screen-reader-text wprm-screen-reader-text"">▢ </span></label></span><span class=""wprm-recipe-ingredient-amount"">¼</span> <span class=""wprm-recipe-ingredient-unit"">cup</span> <span class=""wprm-recipe-ingredient-name"">cilantro</span> <span class=""wprm-recipe-ingredient-notes wprm-recipe-ingredient-notes-smaller-faded"">cut into 1 inch pieces (optional)</span></li>",cilantro,cilantro,0.25,cup,ok,
twoplaidaprons,https://twoplaidaprons.com/chinese-steamed-whole-fish-with-ginger-and-scallion/,Steamed Fish,20.0,True,"<li class=""wprm-recipe-ingredient"" data-uid=""7"" style=""list-style-type: none;""><span class=""wprm-checkbox-container""><input aria-label="" ¼ cup regular soy sauce *see notes"" class=""wprm-checkbox"" id=""wprm-checkbox-5"" type=""checkbox""/><label class=""wprm-checkbox-label"" for=""wprm-checkbox-5""><span class=""sr-only screen-reader-text wprm-screen-reader-text"">▢ </span></label></span><span class=""wprm-recipe-ingredient-amount"">¼</span> <span class=""wprm-recipe-ingredient-unit"">cup</span> <span class=""wprm-recipe-ingredient-name""><a class=""wprm-recipe-ingredient-link"" href=""https://amzn.to/4aG8YfV"" rel=""nofollow noreferrer"" target=""_blank"">regular soy sauce</a></span> <span class=""wprm-recipe-ingredient-notes wprm-recipe-ingredient-notes-smaller-faded"">*<em>see notes</em></span></li>",regular soy sauce,regular soy sauce,0.25,cup,ok,
twoplaidaprons,https://twoplaidaprons.com/chinese-steamed-whole-fish-with-ginger-and-scallion/,Steamed Fish,20.0,True,"<li class=""wprm-recipe-ingredient"" data-uid=""9"" style=""list-style-type: none;""><span class=""wprm-checkbox-container""><input aria-label="" 2 teaspoon granulated sugar"" class=""wprm-checkbox"" id=""wprm-checkbox-6"" type=""checkbox""/><label class=""wprm-checkbox-label"" for=""wprm-checkbox-6""><span class=""sr-only screen-reader-text wprm-screen-reader-text"">▢ </span></label></span><span class=""wprm-recipe-ingredient-amount"">2</span> <span class=""wprm-recipe-ingredient-unit"">teaspoon</span> <span class=""wprm-recipe-ingredient-name""><a class=""wprm-recipe-ingredient-link"" href=""https://amzn.to/3IEdexr"" rel=""nofollow noreferrer"" target=""_blank"">granulated sugar</a></span></li>",granulated sugar,granulated sugar,2.0,teaspoon,ok,
twoplaidaprons,https://twoplaidaprons.com/chinese-sticky-rice/,Chinese Sticky Rice,45.0,True,"<li class=""wprm-recipe-ingredient"" data-uid=""0"" style=""list-style-type: none;""><span class=""wprm-checkbox-container""><input aria-label="" 2 cups glutinous rice preferably long grain"" class=""wprm-checkbox"" id=""wprm-checkbox-0"" type=""checkbox""/><label class=""wprm-checkbox-label"" for=""wprm-checkbox-0""><span class=""sr-only screen-reader-text wprm-screen-reader-text"">▢ </span></label></span><span class=""wprm-recipe-ingredient-amount"">2</span> <span class=""wprm-recipe-ingredient-unit"">cups</span> <span class=""wprm-recipe-ingredient-name"">glutinous rice</span> <span class=""wprm-recipe-ingredient-notes wprm-recipe-ingredient-notes-smaller-faded"">preferably long grain</span></li>",glutinous rice,glutinous rice,2.0,cups,ok,
twoplaidaprons,https://twoplaidaprons.com/chinese-sticky-rice/,Chinese Sticky Rice,45.0,True,"<li class=""wprm-recipe-ingredient"" data-uid=""3"" style=""list-style-type: none;""><span class=""wprm-checkbox-container""><input aria-label="" 4 pieces dry shiitake mushrooms"" class=""wprm-checkbox"" id=""wprm-checkbox-1"" type=""checkbox""/><label class=""wprm-checkbox-label"" for=""wprm-checkbox-1""><span class=""sr-only screen-reader-text wprm-screen-reader-text"">▢ </span></label></span><span class=""wprm-recipe-ingredient-amount"">4</span> <span class=""wprm-recipe-ingredient-unit"">pieces</span> <span class=""wprm-recipe-ingredient-name""><a class=""wprm-recipe-ingredient-link"" href=""https://amzn.to/3Ixerp3"" rel=""nofollow noreferrer"" target=""_blank"">dry shiitake mushrooms</a></span></li>",dry shiitake mushrooms,dry shiitake mushrooms,4.0,pieces,ok,
twoplaidaprons,https://twoplaidaprons.com/chinese-sticky-rice/,Chinese Sticky Rice,45.0,True,"<li class=""wprm-recipe-ingredient"" data-uid=""1"" style=""list-style-type: none;""><span class=""wprm-checkbox-container""><input aria-label="" 2 tablespoons dried shrimps doubled if not using dried bay scallops"" class=""wprm-checkbox"" id=""wprm-checkbox-2"" type=""checkbox""/><label class=""wprm-checkbox-label"" for=""wprm-checkbox-2""><span class=""sr-only screen-reader-text wprm-screen-reader-text"">▢ </span></label></span><span class=""wprm-recipe-ingredient-amount"">2</span> <span class=""wprm-recipe-ingredient-unit"">tablespoons</span> <span class=""wprm-recipe-ingredient-name"">dried shrimps</span> <span class=""wprm-recipe-ingredient-notes wprm-recipe-ingredient-notes-smaller-faded"">doubled if not using dried bay scallops</span></li>",dried shrimps,shrimps,2.0,tablespoons,ok,
twoplaidaprons,https://twoplaidaprons.com/chinese-sticky-rice/,Chinese Sticky Rice,45.0,True,"<li class=""wprm-recipe-ingredient"" data-uid=""2"" style=""list-style-type: none;""><span class=""wprm-checkbox-container""><input aria-label="" 2 tablespoons dried bay scallops or use more dried shrimps"" class=""wprm-checkbox"" id=""wprm-checkbox-3"" type=""checkbox""/><label class=""wprm-checkbox-label"" for=""wprm-checkbox-3""><span class=""sr-only screen-reader-text wprm-screen-reader-text"">▢ </span></label></span><span class=""wprm-recipe-ingredient-amount"">2</span> <span class=""wprm-recipe-ingredient-unit"">tablespoons</span> <span class=""wprm-recipe-ingredient-name"">dried bay scallops</span> <span class=""wprm-recipe-ingredient-notes wprm-recipe-ingredient-notes-smaller-faded"">or use more dried shrimps</span></li>",dried bay scallops,bay scallops,2.0,tablespoons,ok,
twoplaidaprons,https://twoplaidaprons.com/chinese-sticky-rice/,Chinese Sticky Rice,45.0,True,"<li class=""wprm-recipe-ingredient"" data-uid=""4"" style=""list-style-type: none;""><span class=""wprm-checkbox-container""><input aria-label="" 2 links Chinese sausage"" class=""wprm-checkbox"" id=""wprm-checkbox-4"" type=""checkbox""/><label class=""wprm-checkbox-label"" for=""wprm-checkbox-4""><span class=""sr-only screen-reader-text wprm-screen-reader-text"">▢ </span></label></span><span class=""wprm-recipe-ingredient-amount"">2</span> <span class=""wprm-recipe-ingredient-unit"">links</span> <span class=""wprm-recipe-ingredient-name""><a class=""wprm-recipe-ingredient-link"" href=""https://amzn.to/3UiboaF"" rel=""nofollow noreferrer"" target=""_blank"">Chinese sausage</a></span></li>",Chinese sausage,chinese sausage,2.0,links,ok,
twoplaidaprons,https://twoplaidaprons.com/chinese-sticky-rice/,Chinese Sticky Rice,45.0,True,"<li class=""wprm-recipe-ingredient"" data-uid=""5"" style=""list-style-type: none;""><span class=""wprm-checkbox-container""><input aria-label="" 4 ounces Chinese cured meat"" class=""wprm-checkbox"" id=""wprm-checkbox-5"" type=""checkbox""/><label class=""wprm-checkbox-label"" for=""wprm-checkbox-5""><span class=""sr-only screen-reader-text wprm-screen-reader-text"">▢ </span></label></span><span class=""wprm-recipe-ingredient-amount"">4</span> <span class=""wprm-recipe-ingredient-unit"">ounces</span> <span class=""wprm-recipe-ingredient-name"">Chinese cured meat</span></li>",Chinese cured meat,chinese cured meat,4.0,ounces,ok,
twoplaidaprons,https://twoplaidaprons.com/chinese-sticky-rice/,Chinese Sticky Rice,45.0,True,"<li class=""wprm-recipe-ingredient"" data-uid=""6"" style=""list-style-type: none;""><span class=""wprm-checkbox-container""><input aria-label="" 1  shallot thinly sliced"" class=""wprm-checkbox"" id=""wprm-checkbox-6"" type=""checkbox""/><label class=""wprm-checkbox-label"" for=""wprm-checkbox-6""><span class=""sr-only screen-reader-text wprm-screen-reader-text"">▢ </span></label></span><span class=""wprm-recipe-ingredient-amount"">1</span> <span class=""wprm-recipe-ingredient-unit""></span> <span class=""wprm-recipe-ingredient-name"">shallot</span> <span class=""wprm-recipe-ingredient-notes wprm-recipe-ingredient-notes-smaller-faded"">thinly sliced</span></li>",shallot,shallot,1.0,,ok,
twoplaidaprons,https://twoplaidaprons.com/chinese-sticky-rice/,Chinese Sticky Rice,45.0,True,"<li class=""wprm-recipe-ingredient"" data-uid=""12"" style=""list-style-type: none;""><span class=""wprm-checkbox-container""><input aria-label="" 2 cloves garlic minced"" class=""wprm-checkbox"" id=""wprm-checkbox-7"" type=""checkbox""/><label class=""wprm-checkbox-label"" for=""wprm-checkbox-7""><span class=""sr-only screen-reader-text wprm-screen-reader-text"">▢ </span></label></span><span class=""wprm-recipe-ingredient-amount"">2</span> <span class=""wprm-recipe-ingredient-unit"">cloves</span> <span class=""wprm-recipe-ingredient-name"">garlic</span> <span class=""wprm-recipe-ingredient-notes wprm-recipe-ingredient-notes-smaller-faded"">minced</span></li>",garlic,garlic,2.0,cloves,ok,
twoplaidaprons,https://twoplaidaprons.com/chinese-sticky-rice/,Chinese Sticky Rice,45.0,True,"<li class=""wprm-recipe-ingredient"" data-uid=""11"" style=""list-style-type: none;""><span class=""wprm-checkbox-container""><input aria-label="" 1 stalk green onion sliced (greens and whites separated)"" class=""wprm-checkbox"" id=""wprm-checkbox-8"" type=""checkbox""/><label class=""wprm-checkbox-label"" for=""wprm-checkbox-8""><span class=""sr-only screen-reader-text wprm-screen-reader-text"">▢ </span></label></span><span class=""wprm-recipe-ingredient-amount"">1</span> <span class=""wprm-recipe-ingredient-unit"">stalk</span> <span class=""wprm-recipe-ingredient-name"">green onion</span> <span class=""wprm-recipe-ingredient-notes wprm-recipe-ingredient-notes-smaller-faded"">sliced (greens and whites separated)</span></li>",green onion,green onion,1.0,stalk,ok,
twoplaidaprons,https://twoplaidaprons.com/chinese-sticky-rice/,Chinese Sticky Rice,45.0,True,"<li class=""wprm-recipe-ingredient"" data-uid=""7"" style=""list-style-type: none;""><span class=""wprm-checkbox-container""><input aria-label="" 2 tablespoons soy sauce light sodium"" class=""wprm-checkbox"" id=""wprm-checkbox-9"" type=""checkbox""/><label class=""wprm-checkbox-label"" for=""wprm-checkbox-9""><span class=""sr-only screen-reader-text wprm-screen-reader-text"">▢ </span></label></span><span class=""wprm-recipe-ingredient-amount"">2</span> <span class=""wprm-recipe-ingredient-unit"">tablespoons</span> <span class=""wprm-recipe-ingredient-name""><a class=""wprm-recipe-ingredient-link"" href=""https://amzn.to/3822TY0"" rel=""nofollow noreferrer"" target=""_blank"">soy sauce</a></span> <span class=""wprm-recipe-ingredient-notes wprm-recipe-ingredient-notes-smaller-faded"">light sodium</span></li>",soy sauce,soy sauce,2.0,tablespoons,ok,
twoplaidaprons,https://twoplaidaprons.com/chinese-sticky-rice/,Chinese Sticky Rice,45.0,True,"<li class=""wprm-recipe-ingredient"" data-uid=""9"" style=""list-style-type: none;""><span class=""wprm-checkbox-container""><input aria-label="" 1 tablespoon oyster sauce"" class=""wprm-checkbox"" id=""wprm-checkbox-10"" type=""checkbox""/><label class=""wprm-checkbox-label"" for=""wprm-checkbox-10""><span class=""sr-only screen-reader-text wprm-screen-reader-text"">▢ </span></label></span><span class=""wprm-recipe-ingredient-amount"">1</span> <span class=""wprm-recipe-ingredient-unit"">tablespoon</span> <span class=""wprm-recipe-ingredient-name""><a class=""wprm-recipe-ingredient-link"" href=""https://amzn.to/41eI7kh"" rel=""nofollow noreferrer"" target=""_blank"">oyster sauce</a></span></li>",oyster sauce,oyster sauce,1.0,tablespoon,ok,
twoplaidaprons,https://twoplaidaprons.com/chinese-sticky-rice/,Chinese Sticky Rice,45.0,True,"<li class=""wprm-recipe-ingredient"" data-uid=""8"" style=""list-style-type: none;""><span class=""wprm-checkbox-container""><input aria-label="" 2 teaspoons dark soy sauce "" class=""wprm-checkbox"" id=""wprm-checkbox-11"" type=""checkbox""/><label class=""wprm-checkbox-label"" for=""wprm-checkbox-11""><span class=""sr-only screen-reader-text wprm-screen-reader-text"">▢ </span></label></span><span class=""wprm-recipe-ingredient-amount"">2</span> <span class=""wprm-recipe-ingredient-unit"">teaspoons</span> <span class=""wprm-recipe-ingredient-name""><a class=""wprm-recipe-ingredient-link"" href=""https://amzn.to/3jfjVdx"" rel=""nofollow noreferrer"" target=""_blank"">dark soy sauce</a></span> <span class=""wprm-recipe-ingredient-notes wprm-recipe-ingredient-notes-smaller-faded""><em></em></span></li>",dark soy sauce,dark soy sauce,2.0,teaspoons,ok,
twoplaidaprons,https://twoplaidaprons.com/chinese-sticky-rice/,Chinese Sticky Rice,45.0,True,"<li class=""wprm-recipe-ingredient"" data-uid=""10"" style=""list-style-type: none;""><span class=""wprm-checkbox-container""><input aria-label="" 2 tablespoons oil any neutral oil for cooking"" class=""wprm-checkbox"" id=""wprm-checkbox-12"" type=""checkbox""/><label class=""wprm-checkbox-label"" for=""wprm-checkbox-12""><span class=""sr-only screen-reader-text wprm-screen-reader-text"">▢ </span></label></span><span class=""wprm-recipe-ingredient-amount"">2</span> <span class=""wprm-recipe-ingredient-unit"">tablespoons</span> <span class=""wprm-recipe-ingredient-name"">oil</span> <span class=""wprm-recipe-ingredient-notes wprm-recipe-ingredient-notes-smaller-faded"">any neutral oil for cooking</span></li>",oil,oil,2.0,tablespoons,ok,
twoplaidaprons,https://twoplaidaprons.com/chinese-takeout-bourbon-chicken/,,,,,,,,,error,"1 validation error for IngredientData
quantity
  Input should be a valid number, unable to parse string as a number [type=float_parsing, input_value='⅔', input_type=str]
    For further information visit https://errors.pydantic.dev/2.13/v/float_parsing"
twoplaidaprons,https://twoplaidaprons.com/chirashi-sushi/,Chirashi Sushi,64.0,True,"<li class=""wprm-recipe-ingredient"" data-uid=""1"" style=""list-style-type: none;""><span class=""wprm-checkbox-container""><input aria-label="" 2 cups sushi rice medium or short grain (the measurement is made using the cup that comes with the rice cooker)"" class=""wprm-checkbox"" id=""wprm-checkbox-0"" type=""checkbox""/><label class=""wprm-checkbox-label"" for=""wprm-checkbox-0""><span class=""sr-only screen-reader-text wprm-screen-reader-text"">▢ </span></label></span><span class=""wprm-recipe-ingredient-amount"">2</span> <span class=""wprm-recipe-ingredient-unit"">cups</span> <span class=""wprm-recipe-ingredient-name""><a class=""wprm-recipe-ingredient-link"" href=""https://amzn.to/3O3xwBx"" rel=""nofollow noreferrer"" target=""_blank"">sushi rice</a></span> <span class=""wprm-recipe-ingredient-notes wprm-recipe-ingredient-notes-smaller-faded"">medium or short grain (<em>the measurement is made using the cup that comes with the rice cooker</em>)</span></li>",sushi rice,sushi rice,2.0,cups,ok,
twoplaidaprons,https://twoplaidaprons.com/chirashi-sushi/,Chirashi Sushi,64.0,True,"<li class=""wprm-recipe-ingredient"" data-uid=""16"" style=""list-style-type: none;""><span class=""wprm-checkbox-container""><input aria-label="" 1 piece kombu rinsed (optional)*see notes"" class=""wprm-checkbox"" id=""wprm-checkbox-1"" type=""checkbox""/><label class=""wprm-checkbox-label"" for=""wprm-checkbox-1""><span class=""sr-only screen-reader-text wprm-screen-reader-text"">▢ </span></label></span><span class=""wprm-recipe-ingredient-amount"">1</span> <span class=""wprm-recipe-ingredient-unit"">piece</span> <span class=""wprm-recipe-ingredient-name""><a class=""wprm-recipe-ingredient-link"" href=""https://amzn.to/3ePscTG"" rel=""nofollow noreferrer"" target=""_blank"">kombu</a></span> <span class=""wprm-recipe-ingredient-notes wprm-recipe-ingredient-notes-smaller-faded"">rinsed (optional)*<em>see notes</em></span></li>",kombu,kombu,1.0,piece,ok,
twoplaidaprons,https://twoplaidaprons.com/chirashi-sushi/,Chirashi Sushi,64.0,True,"<li class=""wprm-recipe-ingredient"" data-uid=""2"" style=""list-style-type: none;""><span class=""wprm-checkbox-container""><input aria-label="" ¼ cup rice vinegar"" class=""wprm-checkbox"" id=""wprm-checkbox-2"" type=""checkbox""/><label class=""wprm-checkbox-label"" for=""wprm-checkbox-2""><span class=""sr-only screen-reader-text wprm-screen-reader-text"">▢ </span></label></span><span class=""wprm-recipe-ingredient-amount"">¼</span> <span class=""wprm-recipe-ingredient-unit"">cup</span> <span class=""wprm-recipe-ingredient-name""><a class=""wprm-recipe-ingredient-link"" href=""https://amzn.to/3id8PF8"" rel=""nofollow noreferrer"" target=""_blank"">rice vinegar</a></span></li>",rice vinegar,rice vinegar,0.25,cup,ok,
twoplaidaprons,https://twoplaidaprons.com/chirashi-sushi/,Chirashi Sushi,64.0,True,"<li class=""wprm-recipe-ingredient"" data-uid=""3"" style=""list-style-type: none;""><span class=""wprm-checkbox-container""><input aria-label="" 1½ tablespoons granulated sugar"" class=""wprm-checkbox"" id=""wprm-checkbox-3"" type=""checkbox""/><label class=""wprm-checkbox-label"" for=""wprm-checkbox-3""><span class=""sr-only screen-reader-text wprm-screen-reader-text"">▢ </span></label></span><span class=""wprm-recipe-ingredient-amount"">1½</span> <span class=""wprm-recipe-ingredient-unit"">tablespoons</span> <span class=""wprm-recipe-ingredient-name""><a class=""wprm-recipe-ingredient-link"" href=""https://amzn.to/3IEdexr"" rel=""nofollow noreferrer"" target=""_blank"">granulated sugar</a></span></li>",granulated sugar,granulated sugar,1.5,tablespoons,ok,
twoplaidaprons,https://twoplaidaprons.com/chirashi-sushi/,Chirashi Sushi,64.0,True,"<li class=""wprm-recipe-ingredient"" data-uid=""4"" style=""list-style-type: none;""><span class=""wprm-checkbox-container""><input aria-label="" 1 teaspoon salt"" class=""wprm-checkbox"" id=""wprm-checkbox-4"" type=""checkbox""/><label class=""wprm-checkbox-label"" for=""wprm-checkbox-4""><span class=""sr-only screen-reader-text wprm-screen-reader-text"">▢ </span></label></span><span class=""wprm-recipe-ingredient-amount"">1</span> <span class=""wprm-recipe-ingredient-unit"">teaspoon</span> <span class=""wprm-recipe-ingredient-name"">salt</span></li>",salt,salt,1.0,teaspoon,ok,
twoplaidaprons,https://twoplaidaprons.com/chirashi-sushi/,Chirashi Sushi,64.0,True,"<li class=""wprm-recipe-ingredient"" data-uid=""6"" style=""list-style-type: none;""><span class=""wprm-checkbox-container""><input aria-label="" ⅓ pound sushi grade salmon"" class=""wprm-checkbox"" id=""wprm-checkbox-5"" type=""checkbox""/><label class=""wprm-checkbox-label"" for=""wprm-checkbox-5""><span class=""sr-only screen-reader-text wprm-screen-reader-text"">▢ </span></label></span><span class=""wprm-recipe-ingredient-amount"">⅓</span> <span class=""wprm-recipe-ingredient-unit"">pound</span> <span class=""wprm-recipe-ingredient-name"">sushi grade salmon</span></li>",sushi grade salmon,sushi grade salmon,0.33,pound,ok,
twoplaidaprons,https://twoplaidaprons.com/chirashi-sushi/,Chirashi Sushi,64.0,True,"<li class=""wprm-recipe-ingredient"" data-uid=""7"" style=""list-style-type: none;""><span class=""wprm-checkbox-container""><input aria-label="" ⅓ pound sushi grade tuna"" class=""wprm-checkbox"" id=""wprm-checkbox-6"" type=""checkbox""/><label class=""wprm-checkbox-label"" for=""wprm-checkbox-6""><span class=""sr-only screen-reader-text wprm-screen-reader-text"">▢ </span></label></span><span class=""wprm-recipe-ingredient-amount"">⅓</span> <span class=""wprm-recipe-ingredient-unit"">pound</span> <span class=""wprm-recipe-ingredient-name"">sushi grade tuna</span></li>",sushi grade tuna,sushi grade tuna,0.33,pound,ok,
twoplaidaprons,https://twoplaidaprons.com/chirashi-sushi/,Chirashi Sushi,64.0,True,"<li class=""wprm-recipe-ingredient"" data-uid=""8"" style=""list-style-type: none;""><span class=""wprm-checkbox-container""><input aria-label="" 6 pieces sweet shrimp or regular shrimp (both peeled and deveined)"" class=""wprm-checkbox"" id=""wprm-checkbox-7"" type=""checkbox""/><label class=""wprm-checkbox-label"" for=""wprm-checkbox-7""><span class=""sr-only screen-reader-text wprm-screen-reader-text"">▢ </span></label></span><span class=""wprm-recipe-ingredient-amount"">6</span> <span class=""wprm-recipe-ingredient-unit"">pieces</span> <span class=""wprm-recipe-ingredient-name"">sweet shrimp</span> <span class=""wprm-recipe-ingredient-notes wprm-recipe-ingredient-notes-smaller-faded"">or regular shrimp (both peeled and deveined)</span></li>",sweet shrimp,sweet shrimp,6.0,pieces,ok,
twoplaidaprons,https://twoplaidaprons.com/chirashi-sushi/,Chirashi Sushi,64.0,True,"<li class=""wprm-recipe-ingredient"" data-uid=""9"" style=""list-style-type: none;""><span class=""wprm-checkbox-container""><input aria-label="" 6 slices tamagoyaki (Japanese rolled egg omelette) homemade or store-bought"" class=""wprm-checkbox"" id=""wprm-checkbox-8"" type=""checkbox""/><label class=""wprm-checkbox-label"" for=""wprm-checkbox-8""><span class=""sr-only screen-reader-text wprm-screen-reader-text"">▢ </span></label></span><span class=""wprm-recipe-ingredient-amount"">6</span> <span class=""wprm-recipe-ingredient-unit"">slices</span> <span class=""wprm-recipe-ingredient-name"">tamagoyaki</span> <span class=""wprm-recipe-ingredient-notes wprm-recipe-ingredient-notes-smaller-faded"">(Japanese rolled egg omelette) homemade or store-bought</span></li>",tamagoyaki,tamagoyaki,6.0,slices,ok,
twoplaidaprons,https://twoplaidaprons.com/chirashi-sushi/,Chirashi Sushi,64.0,True,"<li class=""wprm-recipe-ingredient"" data-uid=""10"" style=""list-style-type: none;""><span class=""wprm-checkbox-container""><input aria-label="" 2 ounces ikura (fish roe, specifically salmon roe)"" class=""wprm-checkbox"" id=""wprm-checkbox-9"" type=""checkbox""/><label class=""wprm-checkbox-label"" for=""wprm-checkbox-9""><span class=""sr-only screen-reader-text wprm-screen-reader-text"">▢ </span></label></span><span class=""wprm-recipe-ingredient-amount"">2</span> <span class=""wprm-recipe-ingredient-unit"">ounces</span> <span class=""wprm-recipe-ingredient-name"">ikura</span> <span class=""wprm-recipe-ingredient-notes wprm-recipe-ingredient-notes-smaller-faded"">(fish roe, specifically salmon roe)</span></li>",ikura,ikura,2.0,ounces,ok,
twoplaidaprons,https://twoplaidaprons.com/chirashi-sushi/,Chirashi Sushi,64.0,True,"<li class=""wprm-recipe-ingredient"" data-uid=""11"" style=""list-style-type: none;""><span class=""wprm-checkbox-container""><input aria-label="" 4 leaves shiso rinsed and dried if needed (Japanese perilla leaves)"" class=""wprm-checkbox"" id=""wprm-checkbox-10"" type=""checkbox""/><label class=""wprm-checkbox-label"" for=""wprm-checkbox-10""><span class=""sr-only screen-reader-text wprm-screen-reader-text"">▢ </span></label></span><span class=""wprm-recipe-ingredient-amount"">4</span> <span class=""wprm-recipe-ingredient-unit"">leaves</span> <span class=""wprm-recipe-ingredient-name"">shiso</span> <span class=""wprm-recipe-ingredient-notes wprm-recipe-ingredient-notes-smaller-faded"">rinsed and dried if needed (Japanese perilla leaves)</span></li>",shiso,shiso,4.0,leaves,ok,
twoplaidaprons,https://twoplaidaprons.com/chirashi-sushi/,Chirashi Sushi,64.0,True,"<li class=""wprm-recipe-ingredient"" data-uid=""13"" style=""list-style-type: none;""><span class=""wprm-checkbox-container""><input aria-label="" Soy sauce low sodium or regular"" class=""wprm-checkbox"" id=""wprm-checkbox-11"" type=""checkbox""/><label class=""wprm-checkbox-label"" for=""wprm-checkbox-11""><span class=""sr-only screen-reader-text wprm-screen-reader-text"">▢ </span></label></span><span class=""wprm-recipe-ingredient-name""><a class=""wprm-recipe-ingredient-link"" href=""https://amzn.to/3822TY0"" rel=""nofollow noreferrer"" target=""_blank"">Soy sauce</a></span> <span class=""wprm-recipe-ingredient-notes wprm-recipe-ingredient-notes-smaller-faded"">low sodium or regular</span></li>",Soy sauce,soy sauce,,,ok,
twoplaidaprons,https://twoplaidaprons.com/chirashi-sushi/,Chirashi Sushi,64.0,True,"<li class=""wprm-recipe-ingredient"" data-uid=""14"" style=""list-style-type: none;""><span class=""wprm-checkbox-container""><input aria-label="" Wasabi"" class=""wprm-checkbox"" id=""wprm-checkbox-12"" type=""checkbox""/><label class=""wprm-checkbox-label"" for=""wprm-checkbox-12""><span class=""sr-only screen-reader-text wprm-screen-reader-text"">▢ </span></label></span><span class=""wprm-recipe-ingredient-name"">Wasabi</span></li>",Wasabi,wasabi,,,ok,
twoplaidaprons,https://twoplaidaprons.com/chirashi-sushi/,Chirashi Sushi,64.0,True,"<li class=""wprm-recipe-ingredient"" data-uid=""15"" style=""list-style-type: none;""><span class=""wprm-checkbox-container""><input aria-label="" Pickled red ginger"" class=""wprm-checkbox"" id=""wprm-checkbox-13"" type=""checkbox""/><label class=""wprm-checkbox-label"" for=""wprm-checkbox-13""><span class=""sr-only screen-reader-text wprm-screen-reader-text"">▢ </span></label></span><span class=""wprm-recipe-ingredient-name"">Pickled red ginger</span></li>",Pickled red ginger,pickled red ginger,,,ok,
twoplaidaprons,https://twoplaidaprons.com/chocolate-chip-scones/,Chocolate Chip Scones,29.0,True,"<li class=""wprm-recipe-ingredient"" style=""list-style-type: none;""><span class=""wprm-checkbox-container""><input aria-label="" 1 pound all-purpose flour (roughly 4 cups)"" class=""wprm-checkbox"" id=""wprm-checkbox-0"" type=""checkbox""/><label class=""wprm-checkbox-label"" for=""wprm-checkbox-0""><span class=""sr-only screen-reader-text wprm-screen-reader-text"">▢ </span></label></span><span class=""wprm-recipe-ingredient-amount"">1</span> <span class=""wprm-recipe-ingredient-unit"">pound</span> <span class=""wprm-recipe-ingredient-name""><a class=""wprm-recipe-ingredient-link"" href=""https://amzn.to/3jXntzh"" rel=""nofollow noreferrer"" target=""_blank"">all-purpose flour</a></span> <span class=""wprm-recipe-ingredient-notes wprm-recipe-ingredient-notes-smaller-faded"">(roughly 4 cups)</span></li>",all-purpose flour,allpurpose flour,1.0,pound,ok,
twoplaidaprons,https://twoplaidaprons.com/chocolate-chip-scones/,Chocolate Chip Scones,29.0,True,"<li class=""wprm-recipe-ingredient"" style=""list-style-type: none;""><span class=""wprm-checkbox-container""><input aria-label="" 1½ cups bittersweet chocolate chips"" class=""wprm-checkbox"" id=""wprm-checkbox-1"" type=""checkbox""/><label class=""wprm-checkbox-label"" for=""wprm-checkbox-1""><span class=""sr-only screen-reader-text wprm-screen-reader-text"">▢ </span></label></span><span class=""wprm-recipe-ingredient-amount"">1½</span> <span class=""wprm-recipe-ingredient-unit"">cups</span> <span class=""wprm-recipe-ingredient-name""><a class=""wprm-recipe-ingredient-link"" href=""https://amzn.to/35HA5Jv"" rel=""nofollow noreferrer"" target=""_blank"">bittersweet chocolate chips</a></span></li>",bittersweet chocolate chips,bittersweet chocolate chips,1.5,cups,ok,
twoplaidaprons,https://twoplaidaprons.com/chocolate-chip-scones/,Chocolate Chip Scones,29.0,True,"<li class=""wprm-recipe-ingredient"" style=""list-style-type: none;""><span class=""wprm-checkbox-container""><input aria-label="" 4 ounces granulated sugar (or ½ cup + 2 TBSP)"" class=""wprm-checkbox"" id=""wprm-checkbox-2"" type=""checkbox""/><label class=""wprm-checkbox-label"" for=""wprm-checkbox-2""><span class=""sr-only screen-reader-text wprm-screen-reader-text"">▢ </span></label></span><span class=""wprm-recipe-ingredient-amount"">4</span> <span class=""wprm-recipe-ingredient-unit"">ounces</span> <span class=""wprm-recipe-ingredient-name""><a class=""wprm-recipe-ingredient-link"" href=""https://amzn.to/3IEdexr"" rel=""nofollow noreferrer"" target=""_blank"">granulated sugar</a></span> <span class=""wprm-recipe-ingredient-notes wprm-recipe-ingredient-notes-smaller-faded"">(or ½ cup + 2 TBSP)</span></li>",granulated sugar,granulated sugar,4.0,ounces,ok,
twoplaidaprons,https://twoplaidaprons.com/chocolate-chip-scones/,Chocolate Chip Scones,29.0,True,"<li class=""wprm-recipe-ingredient"" style=""list-style-type: none;""><span class=""wprm-checkbox-container""><input aria-label="" 2 teaspoon baking powder"" class=""wprm-checkbox"" id=""wprm-checkbox-3"" type=""checkbox""/><label class=""wprm-checkbox-label"" for=""wprm-checkbox-3""><span class=""sr-only screen-reader-text wprm-screen-reader-text"">▢ </span></label></span><span class=""wprm-recipe-ingredient-amount"">2</span> <span class=""wprm-recipe-ingredient-unit"">teaspoon</span> <span class=""wprm-recipe-ingredient-name"">baking powder</span></li>",baking powder,baking powder,2.0,teaspoon,ok,
twoplaidaprons,https://twoplaidaprons.com/chocolate-chip-scones/,Chocolate Chip Scones,29.0,True,"<li class=""wprm-recipe-ingredient"" style=""list-style-type: none;""><span class=""wprm-checkbox-container""><input aria-label="" 1 teaspoon baking soda"" class=""wprm-checkbox"" id=""wprm-checkbox-4"" type=""checkbox""/><label class=""wprm-checkbox-label"" for=""wprm-checkbox-4""><span class=""sr-only screen-reader-text wprm-screen-reader-text"">▢ </span></label></span><span class=""wprm-recipe-ingredient-amount"">1</span> <span class=""wprm-recipe-ingredient-unit"">teaspoon</span> <span class=""wprm-recipe-ingredient-name""><a class=""wprm-recipe-ingredient-link"" href=""https://amzn.to/39SDI1c"" rel=""nofollow noreferrer"" target=""_blank"">baking soda</a></span></li>",baking soda,baking soda,1.0,teaspoon,ok,
twoplaidaprons,https://twoplaidaprons.com/chocolate-chip-scones/,Chocolate Chip Scones,29.0,True,"<li class=""wprm-recipe-ingredient"" style=""list-style-type: none;""><span class=""wprm-checkbox-container""><input aria-label="" 1 teaspoon salt"" class=""wprm-checkbox"" id=""wprm-checkbox-5"" type=""checkbox""/><label class=""wprm-checkbox-label"" for=""wprm-checkbox-5""><span class=""sr-only screen-reader-text wprm-screen-reader-text"">▢ </span></label></span><span class=""wprm-recipe-ingredient-amount"">1</span> <span class=""wprm-recipe-ingredient-unit"">teaspoon</span> <span class=""wprm-recipe-ingredient-name"">salt</span></li>",salt,salt,1.0,teaspoon,ok,
twoplaidaprons,https://twoplaidaprons.com/chocolate-chip-scones/,Chocolate Chip Scones,29.0,True,"<li class=""wprm-recipe-ingredient"" style=""list-style-type: none;""><span class=""wprm-checkbox-container""><input aria-label="" 8 ounces unsalted butter, cold (or 2 sticks)"" class=""wprm-checkbox"" id=""wprm-checkbox-6"" type=""checkbox""/><label class=""wprm-checkbox-label"" for=""wprm-checkbox-6""><span class=""sr-only screen-reader-text wprm-screen-reader-text"">▢ </span></label></span><span class=""wprm-recipe-ingredient-amount"">8</span> <span class=""wprm-recipe-ingredient-unit"">ounces</span> <span class=""wprm-recipe-ingredient-name"">unsalted butter, cold</span> <span class=""wprm-recipe-ingredient-notes wprm-recipe-ingredient-notes-smaller-faded"">(or 2 sticks)</span></li>","unsalted butter, cold",unsalted butter cold,8.0,ounces,ok,
twoplaidaprons,https://twoplaidaprons.com/chocolate-chip-scones/,Chocolate Chip Scones,29.0,True,"<li class=""wprm-recipe-ingredient"" style=""list-style-type: none;""><span class=""wprm-checkbox-container""><input aria-label="" 1 cup buttermilk"" class=""wprm-checkbox"" id=""wprm-checkbox-7"" type=""checkbox""/><label class=""wprm-checkbox-label"" for=""wprm-checkbox-7""><span class=""sr-only screen-reader-text wprm-screen-reader-text"">▢ </span></label></span><span class=""wprm-recipe-ingredient-amount"">1</span> <span class=""wprm-recipe-ingredient-unit"">cup</span> <span class=""wprm-recipe-ingredient-name"">buttermilk</span></li>",buttermilk,buttermilk,1.0,cup,ok,
twoplaidaprons,https://twoplaidaprons.com/chocolate-chip-scones/,Chocolate Chip Scones,29.0,True,"<li class=""wprm-recipe-ingredient"" style=""list-style-type: none;""><span class=""wprm-checkbox-container""><input aria-label="" 2 eggs, beaten"" class=""wprm-checkbox"" id=""wprm-checkbox-8"" type=""checkbox""/><label class=""wprm-checkbox-label"" for=""wprm-checkbox-8""><span class=""sr-only screen-reader-text wprm-screen-reader-text"">▢ </span></label></span><span class=""wprm-recipe-ingredient-amount"">2</span> <span class=""wprm-recipe-ingredient-name"">eggs, beaten</span></li>","eggs, beaten",eggs beaten,2.0,,ok,
twoplaidaprons,https://twoplaidaprons.com/christmas-crack/,Christmas Crack (only 4 ingredients!),255.0,True,"<li class=""wprm-recipe-ingredient"" data-uid=""0"" style=""list-style-type: none;""><span class=""wprm-checkbox-container""><input aria-label="" 44 saltine crackers or as many as needed"" class=""wprm-checkbox"" id=""wprm-checkbox-0"" type=""checkbox""/><label class=""wprm-checkbox-label"" for=""wprm-checkbox-0""><span class=""sr-only screen-reader-text wprm-screen-reader-text"">▢ </span></label></span><span class=""wprm-recipe-ingredient-amount"">44</span> <span class=""wprm-recipe-ingredient-name"">saltine crackers</span> <span class=""wprm-recipe-ingredient-notes wprm-recipe-ingredient-notes-smaller-faded"">or as many as needed</span></li>",saltine crackers,saltine crackers,44.0,,ok,
twoplaidaprons,https://twoplaidaprons.com/christmas-crack/,Christmas Crack (only 4 ingredients!),255.0,True,"<li class=""wprm-recipe-ingredient"" data-uid=""1"" style=""list-style-type: none;""><span class=""wprm-checkbox-container""><input aria-label="" 2 sticks unsalted butter (or 1 cup)"" class=""wprm-checkbox"" id=""wprm-checkbox-1"" type=""checkbox""/><label class=""wprm-checkbox-label"" for=""wprm-checkbox-1""><span class=""sr-only screen-reader-text wprm-screen-reader-text"">▢ </span></label></span><span class=""wprm-recipe-ingredient-amount"">2</span> <span class=""wprm-recipe-ingredient-unit"">sticks</span> <span class=""wprm-recipe-ingredient-name"">unsalted butter</span> <span class=""wprm-recipe-ingredient-notes wprm-recipe-ingredient-notes-smaller-faded"">(or 1 cup)</span></li>",unsalted butter,unsalted butter,2.0,sticks,ok,
twoplaidaprons,https://twoplaidaprons.com/christmas-crack/,Christmas Crack (only 4 ingredients!),255.0,True,"<li class=""wprm-recipe-ingredient"" data-uid=""2"" style=""list-style-type: none;""><span class=""wprm-checkbox-container""><input aria-label="" 1 cup brown sugar packed (light or dark)"" class=""wprm-checkbox"" id=""wprm-checkbox-2"" type=""checkbox""/><label class=""wprm-checkbox-label"" for=""wprm-checkbox-2""><span class=""sr-only screen-reader-text wprm-screen-reader-text"">▢ </span></label></span><span class=""wprm-recipe-ingredient-amount"">1</span> <span class=""wprm-recipe-ingredient-unit"">cup</span> <span class=""wprm-recipe-ingredient-name""><a class=""wprm-recipe-ingredient-link"" href=""https://amzn.to/3fo9Ut0"" rel=""nofollow noreferrer"" target=""_blank"">brown sugar</a></span> <span class=""wprm-recipe-ingredient-notes wprm-recipe-ingredient-notes-smaller-faded"">packed (light or dark)</span></li>",brown sugar,brown sugar,1.0,cup,ok,
twoplaidaprons,https://twoplaidaprons.com/christmas-crack/,Christmas Crack (only 4 ingredients!),255.0,True,"<li class=""wprm-recipe-ingredient"" data-uid=""3"" style=""list-style-type: none;""><span class=""wprm-checkbox-container""><input aria-label="" 8 ounces bittersweet chocolate chips or chocolate bars roughly chopped"" class=""wprm-checkbox"" id=""wprm-checkbox-3"" type=""checkbox""/><label class=""wprm-checkbox-label"" for=""wprm-checkbox-3""><span class=""sr-only screen-reader-text wprm-screen-reader-text"">▢ </span></label></span><span class=""wprm-recipe-ingredient-amount"">8</span> <span class=""wprm-recipe-ingredient-unit"">ounces</span> <span class=""wprm-recipe-ingredient-name""><a class=""wprm-recipe-ingredient-link"" href=""https://amzn.to/35HA5Jv"" rel=""nofollow noreferrer"" target=""_blank"">bittersweet chocolate chips</a></span> <span class=""wprm-recipe-ingredient-notes wprm-recipe-ingredient-notes-smaller-faded"">or chocolate bars roughly chopped</span></li>",bittersweet chocolate chips,bittersweet chocolate chips,8.0,ounces,ok,
twoplaidaprons,https://twoplaidaprons.com/christmas-crack/,Christmas Crack (only 4 ingredients!),255.0,True,"<li class=""wprm-recipe-ingredient"" data-uid=""8"" style=""list-style-type: none;""><span class=""wprm-checkbox-container""><input aria-label="" White chocolate melted for drizzling"" class=""wprm-checkbox"" id=""wprm-checkbox-4"" type=""checkbox""/><label class=""wprm-checkbox-label"" for=""wprm-checkbox-4""><span class=""sr-only screen-reader-text wprm-screen-reader-text"">▢ </span></label></span><span class=""wprm-recipe-ingredient-name"">White chocolate</span> <span class=""wprm-recipe-ingredient-notes wprm-recipe-ingredient-notes-smaller-faded"">melted for drizzling</span></li>",White chocolate,chocolate,,,ok,
twoplaidaprons,https://twoplaidaprons.com/christmas-crack/,Christmas Crack (only 4 ingredients!),255.0,True,"<li class=""wprm-recipe-ingredient"" data-uid=""7"" style=""list-style-type: none;""><span class=""wprm-checkbox-container""><input aria-label="" Nuts chopped"" class=""wprm-checkbox"" id=""wprm-checkbox-5"" type=""checkbox""/><label class=""wprm-checkbox-label"" for=""wprm-checkbox-5""><span class=""sr-only screen-reader-text wprm-screen-reader-text"">▢ </span></label></span><span class=""wprm-recipe-ingredient-name"">Nuts</span> <span class=""wprm-recipe-ingredient-notes wprm-recipe-ingredient-notes-smaller-faded"">chopped</span></li>",Nuts,nuts,,,ok,
twoplaidaprons,https://twoplaidaprons.com/christmas-crack/,Christmas Crack (only 4 ingredients!),255.0,True,"<li class=""wprm-recipe-ingredient"" data-uid=""6"" style=""list-style-type: none;""><span class=""wprm-checkbox-container""><input aria-label="" Pretzel chips"" class=""wprm-checkbox"" id=""wprm-checkbox-6"" type=""checkbox""/><label class=""wprm-checkbox-label"" for=""wprm-checkbox-6""><span class=""sr-only screen-reader-text wprm-screen-reader-text"">▢ </span></label></span><span class=""wprm-recipe-ingredient-name"">Pretzel chips</span></li>",Pretzel chips,pretzel chips,,,ok,
twoplaidaprons,https://twoplaidaprons.com/cinnamon-sugar-king-cake/,,,,,,,,,error,"1 validation error for IngredientData
quantity
  Input should be a valid number, unable to parse string as a number [type=float_parsing, input_value='4¼', input_type=str]
    For further information visit https://errors.pydantic.dev/2.13/v/float_parsing"
twoplaidaprons,https://twoplaidaprons.com/classic-pumpkin-pie/,,,,,,,,,error,"1 validation error for IngredientData
quantity
  Input should be a valid number, unable to parse string as a number [type=float_parsing, input_value='1¾', input_type=str]
    For further information visit https://errors.pydantic.dev/2.13/v/float_parsing"
twoplaidaprons,https://twoplaidaprons.com/claypot-chicken-rice/,,,,,,,,,error,"1 validation error for IngredientData
quantity
  Input should be a valid number, unable to parse string as a number [type=float_parsing, input_value='1¾', input_type=str]
    For further information visit https://errors.pydantic.dev/2.13/v/float_parsing"
twoplaidaprons,https://twoplaidaprons.com/coconut-mango-tapioca-pudding/,Mango Sago,15.0,True,"<li class=""wprm-recipe-ingredient"" data-uid=""1"" style=""list-style-type: none;""><span class=""wprm-checkbox-container""><input aria-label="" 1 cup sago pearls"" class=""wprm-checkbox"" id=""wprm-checkbox-0"" type=""checkbox""/><label class=""wprm-checkbox-label"" for=""wprm-checkbox-0""><span class=""sr-only screen-reader-text wprm-screen-reader-text"">▢ </span></label></span><span class=""wprm-recipe-ingredient-amount"">1</span> <span class=""wprm-recipe-ingredient-unit"">cup</span> <span class=""wprm-recipe-ingredient-name""><a class=""wprm-recipe-ingredient-link"" href=""https://amzn.to/3MlwfW2"" rel=""nofollow noreferrer"" target=""_blank"">sago pearls</a></span></li>",sago pearls,sago pearls,1.0,cup,ok,
twoplaidaprons,https://twoplaidaprons.com/coconut-mango-tapioca-pudding/,Mango Sago,15.0,True,"<li class=""wprm-recipe-ingredient"" data-uid=""2"" style=""list-style-type: none;""><span class=""wprm-checkbox-container""><input aria-label="" 14 fluid ounces coconut milk full fat (usually 1 can)"" class=""wprm-checkbox"" id=""wprm-checkbox-1"" type=""checkbox""/><label class=""wprm-checkbox-label"" for=""wprm-checkbox-1""><span class=""sr-only screen-reader-text wprm-screen-reader-text"">▢ </span></label></span><span class=""wprm-recipe-ingredient-amount"">14</span> <span class=""wprm-recipe-ingredient-unit"">fluid ounces</span> <span class=""wprm-recipe-ingredient-name""><a class=""wprm-recipe-ingredient-link"" href=""https://amzn.to/2UEIGUr"" rel=""nofollow noreferrer"" target=""_blank"">coconut milk</a></span> <span class=""wprm-recipe-ingredient-notes wprm-recipe-ingredient-notes-smaller-faded"">full fat (usually 1 can)</span></li>",coconut milk,coconut milk,14.0,fluid ounces,ok,
twoplaidaprons,https://twoplaidaprons.com/coconut-mango-tapioca-pudding/,Mango Sago,15.0,True,"<li class=""wprm-recipe-ingredient"" data-uid=""6"" style=""list-style-type: none;""><span class=""wprm-checkbox-container""><input aria-label="" 2 tablespoons honey"" class=""wprm-checkbox"" id=""wprm-checkbox-2"" type=""checkbox""/><label class=""wprm-checkbox-label"" for=""wprm-checkbox-2""><span class=""sr-only screen-reader-text wprm-screen-reader-text"">▢ </span></label></span><span class=""wprm-recipe-ingredient-amount"">2</span> <span class=""wprm-recipe-ingredient-unit"">tablespoons</span> <span class=""wprm-recipe-ingredient-name"">honey</span></li>",honey,honey,2.0,tablespoons,ok,
twoplaidaprons,https://twoplaidaprons.com/coconut-mango-tapioca-pudding/,Mango Sago,15.0,True,"<li class=""wprm-recipe-ingredient"" data-uid=""4"" style=""list-style-type: none;""><span class=""wprm-checkbox-container""><input aria-label="" 2 tablespoons granulated sugar you can substitute with all honey if you prefer"" class=""wprm-checkbox"" id=""wprm-checkbox-3"" type=""checkbox""/><label class=""wprm-checkbox-label"" for=""wprm-checkbox-3""><span class=""sr-only screen-reader-text wprm-screen-reader-text"">▢ </span></label></span><span class=""wprm-recipe-ingredient-amount"">2</span> <span class=""wprm-recipe-ingredient-unit"">tablespoons</span> <span class=""wprm-recipe-ingredient-name""><a class=""wprm-recipe-ingredient-link"" href=""https://amzn.to/3IEdexr"" rel=""nofollow noreferrer"" target=""_blank"">granulated sugar</a></span> <span class=""wprm-recipe-ingredient-notes wprm-recipe-ingredient-notes-smaller-faded"">you can substitute with all honey if you prefer</span></li>",granulated sugar,granulated sugar,2.0,tablespoons,ok,
twoplaidaprons,https://twoplaidaprons.com/coconut-mango-tapioca-pudding/,Mango Sago,15.0,True,"<li class=""wprm-recipe-ingredient"" data-uid=""5"" style=""list-style-type: none;""><span class=""wprm-checkbox-container""><input aria-label="" 4 ripe mangoes yellow, champagne, or honey mangoes recommended"" class=""wprm-checkbox"" id=""wprm-checkbox-4"" type=""checkbox""/><label class=""wprm-checkbox-label"" for=""wprm-checkbox-4""><span class=""sr-only screen-reader-text wprm-screen-reader-text"">▢ </span></label></span><span class=""wprm-recipe-ingredient-amount"">4</span> <span class=""wprm-recipe-ingredient-name"">ripe mangoes</span> <span class=""wprm-recipe-ingredient-notes wprm-recipe-ingredient-notes-smaller-faded"">yellow, champagne, or honey mangoes recommended</span></li>",ripe mangoes,ripe mangoes,4.0,,ok,
twoplaidaprons,https://twoplaidaprons.com/coconut-mango-tapioca-pudding/,Mango Sago,15.0,True,"<li class=""wprm-recipe-ingredient"" data-uid=""11"" style=""list-style-type: none;""><span class=""wprm-checkbox-container""><input aria-label="" 3 cups Ice cubes optional to enjoy chilled"" class=""wprm-checkbox"" id=""wprm-checkbox-5"" type=""checkbox""/><label class=""wprm-checkbox-label"" for=""wprm-checkbox-5""><span class=""sr-only screen-reader-text wprm-screen-reader-text"">▢ </span></label></span><span class=""wprm-recipe-ingredient-amount"">3</span> <span class=""wprm-recipe-ingredient-unit"">cups</span> <span class=""wprm-recipe-ingredient-name"">Ice cubes</span> <span class=""wprm-recipe-ingredient-notes wprm-recipe-ingredient-notes-smaller-faded"">optional to enjoy chilled</span></li>",Ice cubes,ice cubes,3.0,cups,ok,
twoplaidaprons,https://twoplaidaprons.com/coconut-mango-tapioca-pudding/,Mango Sago,15.0,True,"<li class=""wprm-recipe-ingredient"" data-uid=""8"" style=""list-style-type: none;""><span class=""wprm-checkbox-container""><input aria-label="" Coconut jelly drained"" class=""wprm-checkbox"" id=""wprm-checkbox-6"" type=""checkbox""/><label class=""wprm-checkbox-label"" for=""wprm-checkbox-6""><span class=""sr-only screen-reader-text wprm-screen-reader-text"">▢ </span></label></span><span class=""wprm-recipe-ingredient-name"">Coconut jelly</span> <span class=""wprm-recipe-ingredient-notes wprm-recipe-ingredient-notes-smaller-faded"">drained</span></li>",Coconut jelly,coconut jelly,,,ok,
twoplaidaprons,https://twoplaidaprons.com/coconut-mango-tapioca-pudding/,Mango Sago,15.0,True,"<li class=""wprm-recipe-ingredient"" data-uid=""10"" style=""list-style-type: none;""><span class=""wprm-checkbox-container""><input aria-label="" Mango pudding prepare according to instructions"" class=""wprm-checkbox"" id=""wprm-checkbox-7"" type=""checkbox""/><label class=""wprm-checkbox-label"" for=""wprm-checkbox-7""><span class=""sr-only screen-reader-text wprm-screen-reader-text"">▢ </span></label></span><span class=""wprm-recipe-ingredient-name"">Mango pudding</span> <span class=""wprm-recipe-ingredient-notes wprm-recipe-ingredient-notes-smaller-faded"">prepare according to instructions</span></li>",Mango pudding,mango pudding,,,ok,
twoplaidaprons,https://twoplaidaprons.com/coconut-mango-tapioca-pudding/,Mango Sago,15.0,True,"<li class=""wprm-recipe-ingredient"" data-uid=""12"" style=""list-style-type: none;""><span class=""wprm-checkbox-container""><input aria-label="" Boba pearls cook according to instructions"" class=""wprm-checkbox"" id=""wprm-checkbox-8"" type=""checkbox""/><label class=""wprm-checkbox-label"" for=""wprm-checkbox-8""><span class=""sr-only screen-reader-text wprm-screen-reader-text"">▢ </span></label></span><span class=""wprm-recipe-ingredient-name""><a class=""wprm-recipe-ingredient-link"" href=""https://amzn.to/3MxJeUr"" rel=""nofollow noreferrer"" target=""_blank"">Boba pearls</a></span> <span class=""wprm-recipe-ingredient-notes wprm-recipe-ingredient-notes-smaller-faded"">cook according to instructions</span></li>",Boba pearls,boba pearls,,,ok,
twoplaidaprons,https://twoplaidaprons.com/cold-tofu/,Cold Tofu (5-Minute Recipe),5.0,True,"<li class=""wprm-recipe-ingredient"" data-uid=""0"" style=""list-style-type: none;""><span class=""wprm-checkbox-container""><input aria-label="" 1 block silken tofu or soft tofu (usually between 12 to 16 ounces each)"" class=""wprm-checkbox"" id=""wprm-checkbox-0"" type=""checkbox""/><label class=""wprm-checkbox-label"" for=""wprm-checkbox-0""><span class=""sr-only screen-reader-text wprm-screen-reader-text"">▢ </span></label></span><span class=""wprm-recipe-ingredient-amount"">1</span> <span class=""wprm-recipe-ingredient-unit"">block</span> <span class=""wprm-recipe-ingredient-name"">silken tofu</span> <span class=""wprm-recipe-ingredient-notes wprm-recipe-ingredient-notes-smaller-faded"">or soft tofu (usually between 12 to 16 ounces each)</span></li>",silken tofu,silken tofu,1.0,block,ok,
twoplaidaprons,https://twoplaidaprons.com/cold-tofu/,Cold Tofu (5-Minute Recipe),5.0,True,"<li class=""wprm-recipe-ingredient"" data-uid=""1"" style=""list-style-type: none;""><span class=""wprm-checkbox-container""><input aria-label="" 3 tablespoons soy sauce low sodium* see notes"" class=""wprm-checkbox"" id=""wprm-checkbox-1"" type=""checkbox""/><label class=""wprm-checkbox-label"" for=""wprm-checkbox-1""><span class=""sr-only screen-reader-text wprm-screen-reader-text"">▢ </span></label></span><span class=""wprm-recipe-ingredient-amount"">3</span> <span class=""wprm-recipe-ingredient-unit"">tablespoons</span> <span class=""wprm-recipe-ingredient-name""><a class=""wprm-recipe-ingredient-link"" href=""https://amzn.to/3822TY0"" rel=""nofollow noreferrer"" target=""_blank"">soy sauce</a></span> <span class=""wprm-recipe-ingredient-notes wprm-recipe-ingredient-notes-smaller-faded"">low sodium* <em>see notes</em></span></li>",soy sauce,soy sauce,3.0,tablespoons,ok,
twoplaidaprons,https://twoplaidaprons.com/cold-tofu/,Cold Tofu (5-Minute Recipe),5.0,True,"<li class=""wprm-recipe-ingredient"" data-uid=""2"" style=""list-style-type: none;""><span class=""wprm-checkbox-container""><input aria-label="" 1 tablespoon chili oil any chili oil of your choice (recommended but optional)"" class=""wprm-checkbox"" id=""wprm-checkbox-2"" type=""checkbox""/><label class=""wprm-checkbox-label"" for=""wprm-checkbox-2""><span class=""sr-only screen-reader-text wprm-screen-reader-text"">▢ </span></label></span><span class=""wprm-recipe-ingredient-amount"">1</span> <span class=""wprm-recipe-ingredient-unit"">tablespoon</span> <span class=""wprm-recipe-ingredient-name""><a class=""wprm-recipe-ingredient-link"" href=""https://twoplaidaprons.com/homemade-chinese-chili-oil/"" rel=""nofollow"" target=""_blank"">chili oil</a></span> <span class=""wprm-recipe-ingredient-notes wprm-recipe-ingredient-notes-smaller-faded"">any chili oil of your choice (recommended but optional)</span></li>",chili oil,chili oil,1.0,tablespoon,ok,
twoplaidaprons,https://twoplaidaprons.com/cold-tofu/,Cold Tofu (5-Minute Recipe),5.0,True,"<li class=""wprm-recipe-ingredient"" data-uid=""3"" style=""list-style-type: none;""><span class=""wprm-checkbox-container""><input aria-label="" 1 teaspoon granulated sugar"" class=""wprm-checkbox"" id=""wprm-checkbox-3"" type=""checkbox""/><label class=""wprm-checkbox-label"" for=""wprm-checkbox-3""><span class=""sr-only screen-reader-text wprm-screen-reader-text"">▢ </span></label></span><span class=""wprm-recipe-ingredient-amount"">1</span> <span class=""wprm-recipe-ingredient-unit"">teaspoon</span> <span class=""wprm-recipe-ingredient-name""><a class=""wprm-recipe-ingredient-link"" href=""https://amzn.to/3IEdexr"" rel=""nofollow noreferrer"" target=""_blank"">granulated sugar</a></span></li>",granulated sugar,granulated sugar,1.0,teaspoon,ok,
twoplaidaprons,https://twoplaidaprons.com/cold-tofu/,Cold Tofu (5-Minute Recipe),5.0,True,"<li class=""wprm-recipe-ingredient"" data-uid=""4"" style=""list-style-type: none;""><span class=""wprm-checkbox-container""><input aria-label="" 1 teaspoon toasted sesame oil (recommended but optional)"" class=""wprm-checkbox"" id=""wprm-checkbox-4"" type=""checkbox""/><label class=""wprm-checkbox-label"" for=""wprm-checkbox-4""><span class=""sr-only screen-reader-text wprm-screen-reader-text"">▢ </span></label></span><span class=""wprm-recipe-ingredient-amount"">1</span> <span class=""wprm-recipe-ingredient-unit"">teaspoon</span> <span class=""wprm-recipe-ingredient-name""><a class=""wprm-recipe-ingredient-link"" href=""https://amzn.to/2TeNpL8"" rel=""nofollow noreferrer"" target=""_blank"">toasted sesame oil</a></span> <span class=""wprm-recipe-ingredient-notes wprm-recipe-ingredient-notes-smaller-faded"">(recommended but optional)</span></li>",toasted sesame oil,toasted sesame oil,1.0,teaspoon,ok,
twoplaidaprons,https://twoplaidaprons.com/cold-tofu/,Cold Tofu (5-Minute Recipe),5.0,True,"<li class=""wprm-recipe-ingredient"" data-uid=""5"" style=""list-style-type: none;""><span class=""wprm-checkbox-container""><input aria-label="" ¼ cup green onion sliced"" class=""wprm-checkbox"" id=""wprm-checkbox-5"" type=""checkbox""/><label class=""wprm-checkbox-label"" for=""wprm-checkbox-5""><span class=""sr-only screen-reader-text wprm-screen-reader-text"">▢ </span></label></span><span class=""wprm-recipe-ingredient-amount"">¼</span> <span class=""wprm-recipe-ingredient-unit"">cup</span> <span class=""wprm-recipe-ingredient-name"">green onion</span> <span class=""wprm-recipe-ingredient-notes wprm-recipe-ingredient-notes-smaller-faded"">sliced</span></li>",green onion,green onion,0.25,cup,ok,
twoplaidaprons,https://twoplaidaprons.com/cold-tofu/,Cold Tofu (5-Minute Recipe),5.0,True,"<li class=""wprm-recipe-ingredient"" data-uid=""6"" style=""list-style-type: none;""><span class=""wprm-checkbox-container""><input aria-label="" 3 tablespoons cilantro roughly chopped* see notes"" class=""wprm-checkbox"" id=""wprm-checkbox-6"" type=""checkbox""/><label class=""wprm-checkbox-label"" for=""wprm-checkbox-6""><span class=""sr-only screen-reader-text wprm-screen-reader-text"">▢ </span></label></span><span class=""wprm-recipe-ingredient-amount"">3</span> <span class=""wprm-recipe-ingredient-unit"">tablespoons</span> <span class=""wprm-recipe-ingredient-name"">cilantro</span> <span class=""wprm-recipe-ingredient-notes wprm-recipe-ingredient-notes-smaller-faded"">roughly chopped* <em>see notes</em></span></li>",cilantro,cilantro,3.0,tablespoons,ok,
twoplaidaprons,https://twoplaidaprons.com/cold-tofu/,Cold Tofu (5-Minute Recipe),5.0,True,"<li class=""wprm-recipe-ingredient"" data-uid=""8"" style=""list-style-type: none;""><span class=""wprm-checkbox-container""><input aria-label="" 1 clove garlic minced"" class=""wprm-checkbox"" id=""wprm-checkbox-7"" type=""checkbox""/><label class=""wprm-checkbox-label"" for=""wprm-checkbox-7""><span class=""sr-only screen-reader-text wprm-screen-reader-text"">▢ </span></label></span><span class=""wprm-recipe-ingredient-amount"">1</span> <span class=""wprm-recipe-ingredient-unit"">clove</span> <span class=""wprm-recipe-ingredient-name"">garlic</span> <span class=""wprm-recipe-ingredient-notes wprm-recipe-ingredient-notes-smaller-faded"">minced</span></li>",garlic,garlic,1.0,clove,ok,
twoplaidaprons,https://twoplaidaprons.com/cold-tofu/,Cold Tofu (5-Minute Recipe),5.0,True,"<li class=""wprm-recipe-ingredient"" data-uid=""7"" style=""list-style-type: none;""><span class=""wprm-checkbox-container""><input aria-label="" ½ tablespoon toasted sesame seed optional"" class=""wprm-checkbox"" id=""wprm-checkbox-8"" type=""checkbox""/><label class=""wprm-checkbox-label"" for=""wprm-checkbox-8""><span class=""sr-only screen-reader-text wprm-screen-reader-text"">▢ </span></label></span><span class=""wprm-recipe-ingredient-amount"">½</span> <span class=""wprm-recipe-ingredient-unit"">tablespoon</span> <span class=""wprm-recipe-ingredient-name""><a class=""wprm-recipe-ingredient-link"" href=""https://amzn.to/3ehbMRy"" rel=""nofollow noreferrer"" target=""_blank"">toasted sesame seed</a></span> <span class=""wprm-recipe-ingredient-notes wprm-recipe-ingredient-notes-smaller-faded"">optional</span></li>",toasted sesame seed,toasted sesame seed,0.5,tablespoon,ok,
twoplaidaprons,https://twoplaidaprons.com/crab-rangoon-dip-with-crispy-baked-wontons/,Crab Rangoon Dip with Crispy Baked Wontons,30.0,True,"<li class=""wprm-recipe-ingredient"" data-uid=""0"" style=""list-style-type: none;""><span class=""wprm-checkbox-container""><input aria-label="" 8 ounces cream cheese cut into smaller pieces (we used Kirkland brand cream cheese *see notes)"" class=""wprm-checkbox"" id=""wprm-checkbox-0"" type=""checkbox""/><label class=""wprm-checkbox-label"" for=""wprm-checkbox-0""><span class=""sr-only screen-reader-text wprm-screen-reader-text"">▢ </span></label></span><span class=""wprm-recipe-ingredient-amount"">8</span> <span class=""wprm-recipe-ingredient-unit"">ounces</span> <span class=""wprm-recipe-ingredient-name"">cream cheese</span> <span class=""wprm-recipe-ingredient-notes wprm-recipe-ingredient-notes-smaller-faded"">cut into smaller pieces (we used Kirkland brand cream cheese <em>*see notes</em>)</span></li>",cream cheese,cream cheese,8.0,ounces,ok,
twoplaidaprons,https://twoplaidaprons.com/crab-rangoon-dip-with-crispy-baked-wontons/,Crab Rangoon Dip with Crispy Baked Wontons,30.0,True,"<li class=""wprm-recipe-ingredient"" data-uid=""3"" style=""list-style-type: none;""><span class=""wprm-checkbox-container""><input aria-label="" ¼ large carrot peeled and cut into smaller chunks"" class=""wprm-checkbox"" id=""wprm-checkbox-1"" type=""checkbox""/><label class=""wprm-checkbox-label"" for=""wprm-checkbox-1""><span class=""sr-only screen-reader-text wprm-screen-reader-text"">▢ </span></label></span><span class=""wprm-recipe-ingredient-amount"">¼</span> <span class=""wprm-recipe-ingredient-unit"">large</span> <span class=""wprm-recipe-ingredient-name"">carrot</span> <span class=""wprm-recipe-ingredient-notes wprm-recipe-ingredient-notes-smaller-faded"">peeled and cut into smaller chunks</span></li>",carrot,carrot,0.25,large,ok,
twoplaidaprons,https://twoplaidaprons.com/crab-rangoon-dip-with-crispy-baked-wontons/,Crab Rangoon Dip with Crispy Baked Wontons,30.0,True,"<li class=""wprm-recipe-ingredient"" data-uid=""5"" style=""list-style-type: none;""><span class=""wprm-checkbox-container""><input aria-label="" ¼ medium yellow onion peeled and cut into small chunks"" class=""wprm-checkbox"" id=""wprm-checkbox-2"" type=""checkbox""/><label class=""wprm-checkbox-label"" for=""wprm-checkbox-2""><span class=""sr-only screen-reader-text wprm-screen-reader-text"">▢ </span></label></span><span class=""wprm-recipe-ingredient-amount"">¼</span> <span class=""wprm-recipe-ingredient-unit"">medium</span> <span class=""wprm-recipe-ingredient-name"">yellow onion</span> <span class=""wprm-recipe-ingredient-notes wprm-recipe-ingredient-notes-smaller-faded"">peeled and cut into small chunks</span></li>",yellow onion,onion,0.25,medium,ok,
twoplaidaprons,https://twoplaidaprons.com/crab-rangoon-dip-with-crispy-baked-wontons/,Crab Rangoon Dip with Crispy Baked Wontons,30.0,True,"<li class=""wprm-recipe-ingredient"" data-uid=""4"" style=""list-style-type: none;""><span class=""wprm-checkbox-container""><input aria-label="" ½ stick celery  washed; about 6 inches long(optional)"" class=""wprm-checkbox"" id=""wprm-checkbox-3"" type=""checkbox""/><label class=""wprm-checkbox-label"" for=""wprm-checkbox-3""><span class=""sr-only screen-reader-text wprm-screen-reader-text"">▢ </span></label></span><span class=""wprm-recipe-ingredient-amount"">½</span> <span class=""wprm-recipe-ingredient-unit"">stick</span> <span class=""wprm-recipe-ingredient-name"">celery</span> <span class=""wprm-recipe-ingredient-notes wprm-recipe-ingredient-notes-smaller-faded""> washed; about 6 inches long(<em>optional</em>)</span></li>",celery,celery,0.5,stick,ok,
twoplaidaprons,https://twoplaidaprons.com/crab-rangoon-dip-with-crispy-baked-wontons/,Crab Rangoon Dip with Crispy Baked Wontons,30.0,True,"<li class=""wprm-recipe-ingredient"" data-uid=""2"" style=""list-style-type: none;""><span class=""wprm-checkbox-container""><input aria-label="" ½ cup milk"" class=""wprm-checkbox"" id=""wprm-checkbox-4"" type=""checkbox""/><label class=""wprm-checkbox-label"" for=""wprm-checkbox-4""><span class=""sr-only screen-reader-text wprm-screen-reader-text"">▢ </span></label></span><span class=""wprm-recipe-ingredient-amount"">½</span> <span class=""wprm-recipe-ingredient-unit"">cup</span> <span class=""wprm-recipe-ingredient-name"">milk</span></li>",milk,milk,0.5,cup,ok,
twoplaidaprons,https://twoplaidaprons.com/crab-rangoon-dip-with-crispy-baked-wontons/,Crab Rangoon Dip with Crispy Baked Wontons,30.0,True,"<li class=""wprm-recipe-ingredient"" data-uid=""7"" style=""list-style-type: none;""><span class=""wprm-checkbox-container""><input aria-label="" 2 teaspoon granulated sugar"" class=""wprm-checkbox"" id=""wprm-checkbox-5"" type=""checkbox""/><label class=""wprm-checkbox-label"" for=""wprm-checkbox-5""><span class=""sr-only screen-reader-text wprm-screen-reader-text"">▢ </span></label></span><span class=""wprm-recipe-ingredient-amount"">2</span> <span class=""wprm-recipe-ingredient-unit"">teaspoon</span> <span class=""wprm-recipe-ingredient-name""><a class=""wprm-recipe-ingredient-link"" href=""https://amzn.to/3IEdexr"" rel=""nofollow noreferrer"" target=""_blank"">granulated sugar</a></span></li>",granulated sugar,granulated sugar,2.0,teaspoon,ok,
twoplaidaprons,https://twoplaidaprons.com/crab-rangoon-dip-with-crispy-baked-wontons/,Crab Rangoon Dip with Crispy Baked Wontons,30.0,True,"<li class=""wprm-recipe-ingredient"" data-uid=""8"" style=""list-style-type: none;""><span class=""wprm-checkbox-container""><input aria-label="" ¼ teaspoon Kosher salt a little less if using fine salt"" class=""wprm-checkbox"" id=""wprm-checkbox-6"" type=""checkbox""/><label class=""wprm-checkbox-label"" for=""wprm-checkbox-6""><span class=""sr-only screen-reader-text wprm-screen-reader-text"">▢ </span></label></span><span class=""wprm-recipe-ingredient-amount"">¼</span> <span class=""wprm-recipe-ingredient-unit"">teaspoon</span> <span class=""wprm-recipe-ingredient-name""><a class=""wprm-recipe-ingredient-link"" href=""https://amzn.to/3cjL1LU"" rel=""nofollow noreferrer"" target=""_blank"">Kosher salt</a></span> <span class=""wprm-recipe-ingredient-notes wprm-recipe-ingredient-notes-smaller-faded"">a little less if using fine salt</span></li>",Kosher salt,salt,0.25,teaspoon,ok,
twoplaidaprons,https://twoplaidaprons.com/crab-rangoon-dip-with-crispy-baked-wontons/,Crab Rangoon Dip with Crispy Baked Wontons,30.0,True,"<li class=""wprm-recipe-ingredient"" data-uid=""6"" style=""list-style-type: none;""><span class=""wprm-checkbox-container""><input aria-label="" 6 sticks imitation crab meat roughly shredded"" class=""wprm-checkbox"" id=""wprm-checkbox-7"" type=""checkbox""/><label class=""wprm-checkbox-label"" for=""wprm-checkbox-7""><span class=""sr-only screen-reader-text wprm-screen-reader-text"">▢ </span></label></span><span class=""wprm-recipe-ingredient-amount"">6</span> <span class=""wprm-recipe-ingredient-unit"">sticks</span> <span class=""wprm-recipe-ingredient-name"">imitation crab meat</span> <span class=""wprm-recipe-ingredient-notes wprm-recipe-ingredient-notes-smaller-faded"">roughly shredded</span></li>",imitation crab meat,imitation crab meat,6.0,sticks,ok,
twoplaidaprons,https://twoplaidaprons.com/crab-rangoon-dip-with-crispy-baked-wontons/,Crab Rangoon Dip with Crispy Baked Wontons,30.0,True,"<li class=""wprm-recipe-ingredient"" data-uid=""9"" style=""list-style-type: none;""><span class=""wprm-checkbox-container""><input aria-label="" ½ cup mozzarella shredded (plus more for topping)"" class=""wprm-checkbox"" id=""wprm-checkbox-8"" type=""checkbox""/><label class=""wprm-checkbox-label"" for=""wprm-checkbox-8""><span class=""sr-only screen-reader-text wprm-screen-reader-text"">▢ </span></label></span><span class=""wprm-recipe-ingredient-amount"">½</span> <span class=""wprm-recipe-ingredient-unit"">cup</span> <span class=""wprm-recipe-ingredient-name"">mozzarella</span> <span class=""wprm-recipe-ingredient-notes wprm-recipe-ingredient-notes-smaller-faded"">shredded (plus more for topping)</span></li>",mozzarella,mozzarella,0.5,cup,ok,
twoplaidaprons,https://twoplaidaprons.com/crab-rangoon-dip-with-crispy-baked-wontons/,Crab Rangoon Dip with Crispy Baked Wontons,30.0,True,"<li class=""wprm-recipe-ingredient"" data-uid=""14"" style=""list-style-type: none;""><span class=""wprm-checkbox-container""><input aria-label="" Sliced green onion optional for garnish"" class=""wprm-checkbox"" id=""wprm-checkbox-9"" type=""checkbox""/><label class=""wprm-checkbox-label"" for=""wprm-checkbox-9""><span class=""sr-only screen-reader-text wprm-screen-reader-text"">▢ </span></label></span><span class=""wprm-recipe-ingredient-name"">Sliced green onion</span> <span class=""wprm-recipe-ingredient-notes wprm-recipe-ingredient-notes-smaller-faded"">optional for garnish</span></li>",Sliced green onion,sliced green onion,,,ok,
twoplaidaprons,https://twoplaidaprons.com/crab-rangoon-dip-with-crispy-baked-wontons/,Crab Rangoon Dip with Crispy Baked Wontons,30.0,True,"<li class=""wprm-recipe-ingredient"" data-uid=""11"" style=""list-style-type: none;""><span class=""wprm-checkbox-container""><input aria-label="" 12 sheets wonton wrapper"" class=""wprm-checkbox"" id=""wprm-checkbox-10"" type=""checkbox""/><label class=""wprm-checkbox-label"" for=""wprm-checkbox-10""><span class=""sr-only screen-reader-text wprm-screen-reader-text"">▢ </span></label></span><span class=""wprm-recipe-ingredient-amount"">12</span> <span class=""wprm-recipe-ingredient-unit"">sheets</span> <span class=""wprm-recipe-ingredient-name"">wonton wrapper</span></li>",wonton wrapper,wonton wrapper,12.0,sheets,ok,
twoplaidaprons,https://twoplaidaprons.com/crab-rangoon-dip-with-crispy-baked-wontons/,Crab Rangoon Dip with Crispy Baked Wontons,30.0,True,"<li class=""wprm-recipe-ingredient"" data-uid=""12"" style=""list-style-type: none;""><span class=""wprm-checkbox-container""><input aria-label="" Cooking spray"" class=""wprm-checkbox"" id=""wprm-checkbox-11"" type=""checkbox""/><label class=""wprm-checkbox-label"" for=""wprm-checkbox-11""><span class=""sr-only screen-reader-text wprm-screen-reader-text"">▢ </span></label></span><span class=""wprm-recipe-ingredient-name""><a class=""wprm-recipe-ingredient-link"" href=""https://amzn.to/3QWuNeP"" rel=""nofollow noreferrer"" target=""_blank"">Cooking spray</a></span></li>",Cooking spray,cooking spray,,,ok,
twoplaidaprons,https://twoplaidaprons.com/crab-rangoon-dip-with-crispy-baked-wontons/,Crab Rangoon Dip with Crispy Baked Wontons,30.0,True,"<li class=""wprm-recipe-ingredient"" data-uid=""13"" style=""list-style-type: none;""><span class=""wprm-checkbox-container""><input aria-label="" Kosher salt"" class=""wprm-checkbox"" id=""wprm-checkbox-12"" type=""checkbox""/><label class=""wprm-checkbox-label"" for=""wprm-checkbox-12""><span class=""sr-only screen-reader-text wprm-screen-reader-text"">▢ </span></label></span><span class=""wprm-recipe-ingredient-name""><a class=""wprm-recipe-ingredient-link"" href=""https://amzn.to/3cjL1LU"" rel=""nofollow noreferrer"" target=""_blank"">Kosher salt</a></span></li>",Kosher salt,salt,,,ok,
twoplaidaprons,https://twoplaidaprons.com/crab-rangoon/,Crab Rangoon,22.0,True,"<li class=""wprm-recipe-ingredient"" data-uid=""0"" style=""list-style-type: none;""><span class=""wprm-checkbox-container""><input aria-label="" 16 ounces cream cheese softened (usually 2 packs)"" class=""wprm-checkbox"" id=""wprm-checkbox-0"" type=""checkbox""/><label class=""wprm-checkbox-label"" for=""wprm-checkbox-0""><span class=""sr-only screen-reader-text wprm-screen-reader-text"">▢ </span></label></span><span class=""wprm-recipe-ingredient-amount"">16</span> <span class=""wprm-recipe-ingredient-unit"">ounces</span> <span class=""wprm-recipe-ingredient-name"">cream cheese</span> <span class=""wprm-recipe-ingredient-notes wprm-recipe-ingredient-notes-smaller-faded"">softened (usually 2 packs)</span></li>",cream cheese,cream cheese,16.0,ounces,ok,
twoplaidaprons,https://twoplaidaprons.com/crab-rangoon/,Crab Rangoon,22.0,True,"<li class=""wprm-recipe-ingredient"" data-uid=""1"" style=""list-style-type: none;""><span class=""wprm-checkbox-container""><input aria-label="" 1 ounce yellow onion finely minced"" class=""wprm-checkbox"" id=""wprm-checkbox-1"" type=""checkbox""/><label class=""wprm-checkbox-label"" for=""wprm-checkbox-1""><span class=""sr-only screen-reader-text wprm-screen-reader-text"">▢ </span></label></span><span class=""wprm-recipe-ingredient-amount"">1</span> <span class=""wprm-recipe-ingredient-unit"">ounce</span> <span class=""wprm-recipe-ingredient-name"">yellow onion</span> <span class=""wprm-recipe-ingredient-notes wprm-recipe-ingredient-notes-smaller-faded"">finely minced</span></li>",yellow onion,onion,1.0,ounce,ok,
twoplaidaprons,https://twoplaidaprons.com/crab-rangoon/,Crab Rangoon,22.0,True,"<li class=""wprm-recipe-ingredient"" data-uid=""2"" style=""list-style-type: none;""><span class=""wprm-checkbox-container""><input aria-label="" 1 ounce carrot peeled and finely minced"" class=""wprm-checkbox"" id=""wprm-checkbox-2"" type=""checkbox""/><label class=""wprm-checkbox-label"" for=""wprm-checkbox-2""><span class=""sr-only screen-reader-text wprm-screen-reader-text"">▢ </span></label></span><span class=""wprm-recipe-ingredient-amount"">1</span> <span class=""wprm-recipe-ingredient-unit"">ounce</span> <span class=""wprm-recipe-ingredient-name"">carrot</span> <span class=""wprm-recipe-ingredient-notes wprm-recipe-ingredient-notes-smaller-faded"">peeled and finely minced</span></li>",carrot,carrot,1.0,ounce,ok,
twoplaidaprons,https://twoplaidaprons.com/crab-rangoon/,Crab Rangoon,22.0,True,"<li class=""wprm-recipe-ingredient"" data-uid=""3"" style=""list-style-type: none;""><span class=""wprm-checkbox-container""><input aria-label="" 1 ounce celery finely minced"" class=""wprm-checkbox"" id=""wprm-checkbox-3"" type=""checkbox""/><label class=""wprm-checkbox-label"" for=""wprm-checkbox-3""><span class=""sr-only screen-reader-text wprm-screen-reader-text"">▢ </span></label></span><span class=""wprm-recipe-ingredient-amount"">1</span> <span class=""wprm-recipe-ingredient-unit"">ounce</span> <span class=""wprm-recipe-ingredient-name"">celery</span> <span class=""wprm-recipe-ingredient-notes wprm-recipe-ingredient-notes-smaller-faded"">finely minced</span></li>",celery,celery,1.0,ounce,ok,
twoplaidaprons,https://twoplaidaprons.com/crab-rangoon/,Crab Rangoon,22.0,True,"<li class=""wprm-recipe-ingredient"" data-uid=""4"" style=""list-style-type: none;""><span class=""wprm-checkbox-container""><input aria-label="" 4 sticks imitation crab meat minced"" class=""wprm-checkbox"" id=""wprm-checkbox-4"" type=""checkbox""/><label class=""wprm-checkbox-label"" for=""wprm-checkbox-4""><span class=""sr-only screen-reader-text wprm-screen-reader-text"">▢ </span></label></span><span class=""wprm-recipe-ingredient-amount"">4</span> <span class=""wprm-recipe-ingredient-unit"">sticks</span> <span class=""wprm-recipe-ingredient-name"">imitation crab meat</span> <span class=""wprm-recipe-ingredient-notes wprm-recipe-ingredient-notes-smaller-faded"">minced</span></li>",imitation crab meat,imitation crab meat,4.0,sticks,ok,
twoplaidaprons,https://twoplaidaprons.com/crab-rangoon/,Crab Rangoon,22.0,True,"<li class=""wprm-recipe-ingredient"" data-uid=""5"" style=""list-style-type: none;""><span class=""wprm-checkbox-container""><input aria-label="" ½ teaspoon Kosher salt fine salt is okay too"" class=""wprm-checkbox"" id=""wprm-checkbox-5"" type=""checkbox""/><label class=""wprm-checkbox-label"" for=""wprm-checkbox-5""><span class=""sr-only screen-reader-text wprm-screen-reader-text"">▢ </span></label></span><span class=""wprm-recipe-ingredient-amount"">½</span> <span class=""wprm-recipe-ingredient-unit"">teaspoon</span> <span class=""wprm-recipe-ingredient-name""><a class=""wprm-recipe-ingredient-link"" href=""https://amzn.to/3cjL1LU"" rel=""nofollow noreferrer"" target=""_blank"">Kosher salt</a></span> <span class=""wprm-recipe-ingredient-notes wprm-recipe-ingredient-notes-smaller-faded"">fine salt is okay too</span></li>",Kosher salt,salt,0.5,teaspoon,ok,
twoplaidaprons,https://twoplaidaprons.com/crab-rangoon/,Crab Rangoon,22.0,True,"<li class=""wprm-recipe-ingredient"" data-uid=""6"" style=""list-style-type: none;""><span class=""wprm-checkbox-container""><input aria-label="" 44 sheets wonton wrapper thawed (usually 1 pack)"" class=""wprm-checkbox"" id=""wprm-checkbox-6"" type=""checkbox""/><label class=""wprm-checkbox-label"" for=""wprm-checkbox-6""><span class=""sr-only screen-reader-text wprm-screen-reader-text"">▢ </span></label></span><span class=""wprm-recipe-ingredient-amount"">44</span> <span class=""wprm-recipe-ingredient-unit"">sheets</span> <span class=""wprm-recipe-ingredient-name"">wonton wrapper</span> <span class=""wprm-recipe-ingredient-notes wprm-recipe-ingredient-notes-smaller-faded"">thawed (usually 1 pack)</span></li>",wonton wrapper,wonton wrapper,44.0,sheets,ok,
twoplaidaprons,https://twoplaidaprons.com/crab-rangoon/,Crab Rangoon,22.0,True,"<li class=""wprm-recipe-ingredient"" data-uid=""7"" style=""list-style-type: none;""><span class=""wprm-checkbox-container""><input aria-label="" Sweet chili sauce for dipping"" class=""wprm-checkbox"" id=""wprm-checkbox-7"" type=""checkbox""/><label class=""wprm-checkbox-label"" for=""wprm-checkbox-7""><span class=""sr-only screen-reader-text wprm-screen-reader-text"">▢ </span></label></span><span class=""wprm-recipe-ingredient-name""><a class=""wprm-recipe-ingredient-link"" href=""https://amzn.to/3YY1nRg"" rel=""nofollow noreferrer"" target=""_blank"">Sweet chili sauce</a></span> <span class=""wprm-recipe-ingredient-notes wprm-recipe-ingredient-notes-smaller-faded"">for dipping</span></li>",Sweet chili sauce,sweet chili sauce,,,ok,
twoplaidaprons,https://twoplaidaprons.com/crack-sauce-prik-nam-pla/,,,,,,,,,error,"1 validation error for IngredientData
quantity
  Input should be a valid number, unable to parse string as a number [type=float_parsing, input_value='1-3', input_type=str]
    For further information visit https://errors.pydantic.dev/2.13/v/float_parsing"
twoplaidaprons,https://twoplaidaprons.com/cranberry-chocolate-oatmeal-cookies/,,,,,,,,,error,"1 validation error for IngredientData
quantity
  Input should be a valid number, unable to parse string as a number [type=float_parsing, input_value='1¼', input_type=str]
    For further information visit https://errors.pydantic.dev/2.13/v/float_parsing"
twoplaidaprons,https://twoplaidaprons.com/cream-puffs/,,,,,,,,,error,"1 validation error for IngredientData
quantity
  Input should be a valid number, unable to parse string as a number [type=float_parsing, input_value='⅛', input_type=str]
    For further information visit https://errors.pydantic.dev/2.13/v/float_parsing"
twoplaidaprons,https://twoplaidaprons.com/creamy-citrus-vinaigrette-salad/,Creamy Citrus Vinaigrette Salad,20.0,True,"<li class=""wprm-recipe-ingredient"" style=""list-style-type: none;""><span class=""wprm-checkbox-container""><input aria-label="" 1 Tablespoon yellow onion or shallot , finely chopped"" class=""wprm-checkbox"" id=""wprm-checkbox-0"" type=""checkbox""/><label class=""wprm-checkbox-label"" for=""wprm-checkbox-0""><span class=""sr-only screen-reader-text wprm-screen-reader-text"">▢ </span></label></span><span class=""wprm-recipe-ingredient-amount"">1</span> <span class=""wprm-recipe-ingredient-unit"">Tablespoon</span> <span class=""wprm-recipe-ingredient-name"">yellow onion or shallot</span> <span class=""wprm-recipe-ingredient-notes wprm-recipe-ingredient-notes-smaller-faded"">, finely chopped</span></li>",yellow onion or shallot,onion  shallot,1.0,Tablespoon,ok,
twoplaidaprons,https://twoplaidaprons.com/creamy-citrus-vinaigrette-salad/,Creamy Citrus Vinaigrette Salad,20.0,True,"<li class=""wprm-recipe-ingredient"" style=""list-style-type: none;""><span class=""wprm-checkbox-container""><input aria-label="" 2 Tablespoon white vinegar (or 30mL)"" class=""wprm-checkbox"" id=""wprm-checkbox-1"" type=""checkbox""/><label class=""wprm-checkbox-label"" for=""wprm-checkbox-1""><span class=""sr-only screen-reader-text wprm-screen-reader-text"">▢ </span></label></span><span class=""wprm-recipe-ingredient-amount"">2</span> <span class=""wprm-recipe-ingredient-unit"">Tablespoon</span> <span class=""wprm-recipe-ingredient-name""><a class=""wprm-recipe-ingredient-link"" href=""https://amzn.to/383dpli"" rel=""nofollow noreferrer"" target=""_blank"">white vinegar</a></span> <span class=""wprm-recipe-ingredient-notes wprm-recipe-ingredient-notes-smaller-faded"">(or 30mL)</span></li>",white vinegar,vinegar,2.0,Tablespoon,ok,
twoplaidaprons,https://twoplaidaprons.com/creamy-citrus-vinaigrette-salad/,Creamy Citrus Vinaigrette Salad,20.0,True,"<li class=""wprm-recipe-ingredient"" style=""list-style-type: none;""><span class=""wprm-checkbox-container""><input aria-label="" ¼ cup mayonnaise (or 58g)"" class=""wprm-checkbox"" id=""wprm-checkbox-2"" type=""checkbox""/><label class=""wprm-checkbox-label"" for=""wprm-checkbox-2""><span class=""sr-only screen-reader-text wprm-screen-reader-text"">▢ </span></label></span><span class=""wprm-recipe-ingredient-amount"">¼</span> <span class=""wprm-recipe-ingredient-unit"">cup</span> <span class=""wprm-recipe-ingredient-name""><a class=""wprm-recipe-ingredient-link"" href=""https://amzn.to/3o5VIIJ"" rel=""nofollow noreferrer"" target=""_blank"">mayonnaise</a></span> <span class=""wprm-recipe-ingredient-notes wprm-recipe-ingredient-notes-smaller-faded"">(or 58g)</span></li>",mayonnaise,mayonnaise,0.25,cup,ok,
twoplaidaprons,https://twoplaidaprons.com/creamy-citrus-vinaigrette-salad/,Creamy Citrus Vinaigrette Salad,20.0,True,"<li class=""wprm-recipe-ingredient"" style=""list-style-type: none;""><span class=""wprm-checkbox-container""><input aria-label="" ¼ cup sour cream (or 61g)"" class=""wprm-checkbox"" id=""wprm-checkbox-3"" type=""checkbox""/><label class=""wprm-checkbox-label"" for=""wprm-checkbox-3""><span class=""sr-only screen-reader-text wprm-screen-reader-text"">▢ </span></label></span><span class=""wprm-recipe-ingredient-amount"">¼</span> <span class=""wprm-recipe-ingredient-unit"">cup</span> <span class=""wprm-recipe-ingredient-name"">sour cream</span> <span class=""wprm-recipe-ingredient-notes wprm-recipe-ingredient-notes-smaller-faded"">(or 61g)</span></li>",sour cream,sour cream,0.25,cup,ok,
twoplaidaprons,https://twoplaidaprons.com/creamy-citrus-vinaigrette-salad/,Creamy Citrus Vinaigrette Salad,20.0,True,"<li class=""wprm-recipe-ingredient"" style=""list-style-type: none;""><span class=""wprm-checkbox-container""><input aria-label="" 2 Tablespoon olive oil , EVOO or regular (or 30mL)"" class=""wprm-checkbox"" id=""wprm-checkbox-4"" type=""checkbox""/><label class=""wprm-checkbox-label"" for=""wprm-checkbox-4""><span class=""sr-only screen-reader-text wprm-screen-reader-text"">▢ </span></label></span><span class=""wprm-recipe-ingredient-amount"">2</span> <span class=""wprm-recipe-ingredient-unit"">Tablespoon</span> <span class=""wprm-recipe-ingredient-name""><a class=""wprm-recipe-ingredient-link"" href=""https://amzn.to/3Eh3abP"" rel=""nofollow noreferrer"" target=""_blank"">olive oil</a></span> <span class=""wprm-recipe-ingredient-notes wprm-recipe-ingredient-notes-smaller-faded"">, EVOO or regular (or 30mL)</span></li>",olive oil,olive oil,2.0,Tablespoon,ok,
twoplaidaprons,https://twoplaidaprons.com/creamy-citrus-vinaigrette-salad/,Creamy Citrus Vinaigrette Salad,20.0,True,"<li class=""wprm-recipe-ingredient"" style=""list-style-type: none;""><span class=""wprm-checkbox-container""><input aria-label="" 1 Tablespoon honey (or 21g)"" class=""wprm-checkbox"" id=""wprm-checkbox-5"" type=""checkbox""/><label class=""wprm-checkbox-label"" for=""wprm-checkbox-5""><span class=""sr-only screen-reader-text wprm-screen-reader-text"">▢ </span></label></span><span class=""wprm-recipe-ingredient-amount"">1</span> <span class=""wprm-recipe-ingredient-unit"">Tablespoon</span> <span class=""wprm-recipe-ingredient-name"">honey</span> <span class=""wprm-recipe-ingredient-notes wprm-recipe-ingredient-notes-smaller-faded"">(or 21g)</span></li>",honey,honey,1.0,Tablespoon,ok,
twoplaidaprons,https://twoplaidaprons.com/creamy-citrus-vinaigrette-salad/,Creamy Citrus Vinaigrette Salad,20.0,True,"<li class=""wprm-recipe-ingredient"" style=""list-style-type: none;""><span class=""wprm-checkbox-container""><input aria-label="" 1 Tablespoon lemon juice (or 15mL)"" class=""wprm-checkbox"" id=""wprm-checkbox-6"" type=""checkbox""/><label class=""wprm-checkbox-label"" for=""wprm-checkbox-6""><span class=""sr-only screen-reader-text wprm-screen-reader-text"">▢ </span></label></span><span class=""wprm-recipe-ingredient-amount"">1</span> <span class=""wprm-recipe-ingredient-unit"">Tablespoon</span> <span class=""wprm-recipe-ingredient-name"">lemon juice</span> <span class=""wprm-recipe-ingredient-notes wprm-recipe-ingredient-notes-smaller-faded"">(or 15mL)</span></li>",lemon juice,lemon juice,1.0,Tablespoon,ok,
twoplaidaprons,https://twoplaidaprons.com/creamy-citrus-vinaigrette-salad/,Creamy Citrus Vinaigrette Salad,20.0,True,"<li class=""wprm-recipe-ingredient"" style=""list-style-type: none;""><span class=""wprm-checkbox-container""><input aria-label="" 1 Tablespoon parsley , minced (leaves only)"" class=""wprm-checkbox"" id=""wprm-checkbox-7"" type=""checkbox""/><label class=""wprm-checkbox-label"" for=""wprm-checkbox-7""><span class=""sr-only screen-reader-text wprm-screen-reader-text"">▢ </span></label></span><span class=""wprm-recipe-ingredient-amount"">1</span> <span class=""wprm-recipe-ingredient-unit"">Tablespoon</span> <span class=""wprm-recipe-ingredient-name"">parsley</span> <span class=""wprm-recipe-ingredient-notes wprm-recipe-ingredient-notes-smaller-faded"">, minced (leaves only)</span></li>",parsley,parsley,1.0,Tablespoon,ok,
twoplaidaprons,https://twoplaidaprons.com/creamy-citrus-vinaigrette-salad/,Creamy Citrus Vinaigrette Salad,20.0,True,"<li class=""wprm-recipe-ingredient"" style=""list-style-type: none;""><span class=""wprm-checkbox-container""><input aria-label="" ½ orange , zested"" class=""wprm-checkbox"" id=""wprm-checkbox-8"" type=""checkbox""/><label class=""wprm-checkbox-label"" for=""wprm-checkbox-8""><span class=""sr-only screen-reader-text wprm-screen-reader-text"">▢ </span></label></span><span class=""wprm-recipe-ingredient-amount"">½</span> <span class=""wprm-recipe-ingredient-name"">orange</span> <span class=""wprm-recipe-ingredient-notes wprm-recipe-ingredient-notes-smaller-faded"">, zested</span></li>",orange,orange,0.5,,ok,
twoplaidaprons,https://twoplaidaprons.com/creamy-citrus-vinaigrette-salad/,Creamy Citrus Vinaigrette Salad,20.0,True,"<li class=""wprm-recipe-ingredient"" style=""list-style-type: none;""><span class=""wprm-checkbox-container""><input aria-label="" ½ lemon , zested"" class=""wprm-checkbox"" id=""wprm-checkbox-9"" type=""checkbox""/><label class=""wprm-checkbox-label"" for=""wprm-checkbox-9""><span class=""sr-only screen-reader-text wprm-screen-reader-text"">▢ </span></label></span><span class=""wprm-recipe-ingredient-amount"">½</span> <span class=""wprm-recipe-ingredient-name"">lemon</span> <span class=""wprm-recipe-ingredient-notes wprm-recipe-ingredient-notes-smaller-faded"">, zested</span></li>",lemon,lemon,0.5,,ok,
twoplaidaprons,https://twoplaidaprons.com/creamy-citrus-vinaigrette-salad/,Creamy Citrus Vinaigrette Salad,20.0,True,"<li class=""wprm-recipe-ingredient"" style=""list-style-type: none;""><span class=""wprm-checkbox-container""><input aria-label="" ½ lime , zested"" class=""wprm-checkbox"" id=""wprm-checkbox-10"" type=""checkbox""/><label class=""wprm-checkbox-label"" for=""wprm-checkbox-10""><span class=""sr-only screen-reader-text wprm-screen-reader-text"">▢ </span></label></span><span class=""wprm-recipe-ingredient-amount"">½</span> <span class=""wprm-recipe-ingredient-name"">lime</span> <span class=""wprm-recipe-ingredient-notes wprm-recipe-ingredient-notes-smaller-faded"">, zested</span></li>",lime,lime,0.5,,ok,
twoplaidaprons,https://twoplaidaprons.com/creamy-citrus-vinaigrette-salad/,Creamy Citrus Vinaigrette Salad,20.0,True,"<li class=""wprm-recipe-ingredient"" style=""list-style-type: none;""><span class=""wprm-checkbox-container""><input aria-label="" 2 head artisan romaine lettuce , washed (or any lettuce around 6 inches long)"" class=""wprm-checkbox"" id=""wprm-checkbox-11"" type=""checkbox""/><label class=""wprm-checkbox-label"" for=""wprm-checkbox-11""><span class=""sr-only screen-reader-text wprm-screen-reader-text"">▢ </span></label></span><span class=""wprm-recipe-ingredient-amount"">2</span> <span class=""wprm-recipe-ingredient-unit"">head</span> <span class=""wprm-recipe-ingredient-name"">artisan romaine lettuce</span> <span class=""wprm-recipe-ingredient-notes wprm-recipe-ingredient-notes-smaller-faded"">, washed (or any lettuce around 6 inches long)</span></li>",artisan romaine lettuce,artisan romaine lettuce,2.0,head,ok,
twoplaidaprons,https://twoplaidaprons.com/creamy-citrus-vinaigrette-salad/,Creamy Citrus Vinaigrette Salad,20.0,True,"<li class=""wprm-recipe-ingredient"" style=""list-style-type: none;""><span class=""wprm-checkbox-container""><input aria-label="" 2 radish , thinly sliced (optional for garnish)"" class=""wprm-checkbox"" id=""wprm-checkbox-12"" type=""checkbox""/><label class=""wprm-checkbox-label"" for=""wprm-checkbox-12""><span class=""sr-only screen-reader-text wprm-screen-reader-text"">▢ </span></label></span><span class=""wprm-recipe-ingredient-amount"">2</span> <span class=""wprm-recipe-ingredient-name"">radish</span> <span class=""wprm-recipe-ingredient-notes wprm-recipe-ingredient-notes-smaller-faded"">, thinly sliced (optional for garnish)</span></li>",radish,radish,2.0,,ok,
twoplaidaprons,https://twoplaidaprons.com/creamy-citrus-vinaigrette-salad/,Creamy Citrus Vinaigrette Salad,20.0,True,"<li class=""wprm-recipe-ingredient"" style=""list-style-type: none;""><span class=""wprm-checkbox-container""><input aria-label="" Pistachio , roughly chopped (optional for garnish)"" class=""wprm-checkbox"" id=""wprm-checkbox-13"" type=""checkbox""/><label class=""wprm-checkbox-label"" for=""wprm-checkbox-13""><span class=""sr-only screen-reader-text wprm-screen-reader-text"">▢ </span></label></span><span class=""wprm-recipe-ingredient-name"">Pistachio</span> <span class=""wprm-recipe-ingredient-notes wprm-recipe-ingredient-notes-smaller-faded"">, roughly chopped (optional for garnish)</span></li>",Pistachio,pistachio,,,ok,
twoplaidaprons,https://twoplaidaprons.com/creamy-kimchi-pasta/,Creamy Kimchi Pasta,15.0,True,"<li class=""wprm-recipe-ingredient"" data-uid=""0"" style=""list-style-type: none;""><span class=""wprm-checkbox-container""><input aria-label="" 8 ounces dry pasta (spaghetti and linguini are great choices)"" class=""wprm-checkbox"" id=""wprm-checkbox-0"" type=""checkbox""/><label class=""wprm-checkbox-label"" for=""wprm-checkbox-0""><span class=""sr-only screen-reader-text wprm-screen-reader-text"">▢ </span></label></span><span class=""wprm-recipe-ingredient-amount"">8</span> <span class=""wprm-recipe-ingredient-unit"">ounces</span> <span class=""wprm-recipe-ingredient-name"">dry pasta</span> <span class=""wprm-recipe-ingredient-notes wprm-recipe-ingredient-notes-smaller-faded"">(spaghetti and linguini are great choices)</span></li>",dry pasta,dry pasta,8.0,ounces,ok,
twoplaidaprons,https://twoplaidaprons.com/creamy-kimchi-pasta/,Creamy Kimchi Pasta,15.0,True,"<li class=""wprm-recipe-ingredient"" data-uid=""2"" style=""list-style-type: none;""><span class=""wprm-checkbox-container""><input aria-label="" 4 ounces bacon cut into ½ inch pieces (about 4 slices of thin-cut bacon)"" class=""wprm-checkbox"" id=""wprm-checkbox-1"" type=""checkbox""/><label class=""wprm-checkbox-label"" for=""wprm-checkbox-1""><span class=""sr-only screen-reader-text wprm-screen-reader-text"">▢ </span></label></span><span class=""wprm-recipe-ingredient-amount"">4</span> <span class=""wprm-recipe-ingredient-unit"">ounces</span> <span class=""wprm-recipe-ingredient-name"">bacon</span> <span class=""wprm-recipe-ingredient-notes wprm-recipe-ingredient-notes-smaller-faded"">cut into ½ inch pieces (about 4 slices of thin-cut bacon)</span></li>",bacon,bacon,4.0,ounces,ok,
twoplaidaprons,https://twoplaidaprons.com/creamy-kimchi-pasta/,Creamy Kimchi Pasta,15.0,True,"<li class=""wprm-recipe-ingredient"" data-uid=""3"" style=""list-style-type: none;""><span class=""wprm-checkbox-container""><input aria-label="" ¼ medium yellow onion sliced"" class=""wprm-checkbox"" id=""wprm-checkbox-2"" type=""checkbox""/><label class=""wprm-checkbox-label"" for=""wprm-checkbox-2""><span class=""sr-only screen-reader-text wprm-screen-reader-text"">▢ </span></label></span><span class=""wprm-recipe-ingredient-amount"">¼</span> <span class=""wprm-recipe-ingredient-unit"">medium</span> <span class=""wprm-recipe-ingredient-name"">yellow onion</span> <span class=""wprm-recipe-ingredient-notes wprm-recipe-ingredient-notes-smaller-faded"">sliced</span></li>",yellow onion,onion,0.25,medium,ok,
twoplaidaprons,https://twoplaidaprons.com/creamy-kimchi-pasta/,Creamy Kimchi Pasta,15.0,True,"<li class=""wprm-recipe-ingredient"" data-uid=""4"" style=""list-style-type: none;""><span class=""wprm-checkbox-container""><input aria-label="" 1 tablespoon garlic minced"" class=""wprm-checkbox"" id=""wprm-checkbox-3"" type=""checkbox""/><label class=""wprm-checkbox-label"" for=""wprm-checkbox-3""><span class=""sr-only screen-reader-text wprm-screen-reader-text"">▢ </span></label></span><span class=""wprm-recipe-ingredient-amount"">1</span> <span class=""wprm-recipe-ingredient-unit"">tablespoon</span> <span class=""wprm-recipe-ingredient-name"">garlic</span> <span class=""wprm-recipe-ingredient-notes wprm-recipe-ingredient-notes-smaller-faded"">minced</span></li>",garlic,garlic,1.0,tablespoon,ok,
twoplaidaprons,https://twoplaidaprons.com/creamy-kimchi-pasta/,Creamy Kimchi Pasta,15.0,True,"<li class=""wprm-recipe-ingredient"" data-uid=""1"" style=""list-style-type: none;""><span class=""wprm-checkbox-container""><input aria-label="" 1 cup fermented kimchi cut into small pieces"" class=""wprm-checkbox"" id=""wprm-checkbox-4"" type=""checkbox""/><label class=""wprm-checkbox-label"" for=""wprm-checkbox-4""><span class=""sr-only screen-reader-text wprm-screen-reader-text"">▢ </span></label></span><span class=""wprm-recipe-ingredient-amount"">1</span> <span class=""wprm-recipe-ingredient-unit"">cup</span> <span class=""wprm-recipe-ingredient-name""><a class=""wprm-recipe-ingredient-link"" href=""https://twoplaidaprons.com/traditional-napa-cabbage-kimchi/"" rel=""nofollow"" target=""_blank"">fermented kimchi</a></span> <span class=""wprm-recipe-ingredient-notes wprm-recipe-ingredient-notes-smaller-faded"">cut into small pieces</span></li>",fermented kimchi,fermented kimchi,1.0,cup,ok,
twoplaidaprons,https://twoplaidaprons.com/creamy-kimchi-pasta/,Creamy Kimchi Pasta,15.0,True,"<li class=""wprm-recipe-ingredient"" data-uid=""5"" style=""list-style-type: none;""><span class=""wprm-checkbox-container""><input aria-label="" 1 cup heavy cream"" class=""wprm-checkbox"" id=""wprm-checkbox-5"" type=""checkbox""/><label class=""wprm-checkbox-label"" for=""wprm-checkbox-5""><span class=""sr-only screen-reader-text wprm-screen-reader-text"">▢ </span></label></span><span class=""wprm-recipe-ingredient-amount"">1</span> <span class=""wprm-recipe-ingredient-unit"">cup</span> <span class=""wprm-recipe-ingredient-name"">heavy cream</span></li>",heavy cream,heavy cream,1.0,cup,ok,
twoplaidaprons,https://twoplaidaprons.com/creamy-kimchi-pasta/,Creamy Kimchi Pasta,15.0,True,"<li class=""wprm-recipe-ingredient"" data-uid=""6"" style=""list-style-type: none;""><span class=""wprm-checkbox-container""><input aria-label="" ⅓ cup parmesan finely grated (plus more for garnish)"" class=""wprm-checkbox"" id=""wprm-checkbox-6"" type=""checkbox""/><label class=""wprm-checkbox-label"" for=""wprm-checkbox-6""><span class=""sr-only screen-reader-text wprm-screen-reader-text"">▢ </span></label></span><span class=""wprm-recipe-ingredient-amount"">⅓</span> <span class=""wprm-recipe-ingredient-unit"">cup</span> <span class=""wprm-recipe-ingredient-name"">parmesan</span> <span class=""wprm-recipe-ingredient-notes wprm-recipe-ingredient-notes-smaller-faded"">finely grated (plus more for garnish)</span></li>",parmesan,parmesan,0.33,cup,ok,
twoplaidaprons,https://twoplaidaprons.com/creamy-kimchi-pasta/,Creamy Kimchi Pasta,15.0,True,"<li class=""wprm-recipe-ingredient"" data-uid=""8"" style=""list-style-type: none;""><span class=""wprm-checkbox-container""><input aria-label="" Salt as needed for seasoning"" class=""wprm-checkbox"" id=""wprm-checkbox-7"" type=""checkbox""/><label class=""wprm-checkbox-label"" for=""wprm-checkbox-7""><span class=""sr-only screen-reader-text wprm-screen-reader-text"">▢ </span></label></span><span class=""wprm-recipe-ingredient-name"">Salt</span> <span class=""wprm-recipe-ingredient-notes wprm-recipe-ingredient-notes-smaller-faded"">as needed for seasoning</span></li>",Salt,salt,,,ok,
twoplaidaprons,https://twoplaidaprons.com/creamy-kimchi-pasta/,Creamy Kimchi Pasta,15.0,True,"<li class=""wprm-recipe-ingredient"" data-uid=""7"" style=""list-style-type: none;""><span class=""wprm-checkbox-container""><input aria-label="" Green onion thinly sliced (optional for garnish)"" class=""wprm-checkbox"" id=""wprm-checkbox-8"" type=""checkbox""/><label class=""wprm-checkbox-label"" for=""wprm-checkbox-8""><span class=""sr-only screen-reader-text wprm-screen-reader-text"">▢ </span></label></span><span class=""wprm-recipe-ingredient-name"">Green onion</span> <span class=""wprm-recipe-ingredient-notes wprm-recipe-ingredient-notes-smaller-faded"">thinly sliced (optional for garnish)</span></li>",Green onion,green onion,,,ok,
twoplaidaprons,https://twoplaidaprons.com/creamy-mashed-potatoes/,,,,,,,,,error,"1 validation error for IngredientData
quantity
  Input should be a valid number, unable to parse string as a number [type=float_parsing, input_value='1¾', input_type=str]
    For further information visit https://errors.pydantic.dev/2.13/v/float_parsing"
twoplaidaprons,https://twoplaidaprons.com/creamy-peanut-butter-miso-ramen/,,,,,,,,,error,"1 validation error for IngredientData
quantity
  Input should be a valid number, unable to parse string as a number [type=float_parsing, input_value='¾', input_type=str]
    For further information visit https://errors.pydantic.dev/2.13/v/float_parsing"
twoplaidaprons,https://twoplaidaprons.com/creamy-shrimp-udon-with-omsom-sauce/,Creamy Shrimp Udon (with OMSOM sauce),10.0,True,"<li class=""wprm-recipe-ingredient"" data-uid=""0"" style=""list-style-type: none;""><span class=""wprm-checkbox-container""><input aria-label="" 500 grams udon noodles frozen (usually 2 blocks)"" class=""wprm-checkbox"" id=""wprm-checkbox-0"" type=""checkbox""/><label class=""wprm-checkbox-label"" for=""wprm-checkbox-0""><span class=""sr-only screen-reader-text wprm-screen-reader-text"">▢ </span></label></span><span class=""wprm-recipe-ingredient-amount"">500</span> <span class=""wprm-recipe-ingredient-unit"">grams</span> <span class=""wprm-recipe-ingredient-name"">udon noodles</span> <span class=""wprm-recipe-ingredient-notes wprm-recipe-ingredient-notes-smaller-faded"">frozen (usually 2 blocks)</span></li>",udon noodles,udon noodles,500.0,grams,ok,
twoplaidaprons,https://twoplaidaprons.com/creamy-shrimp-udon-with-omsom-sauce/,Creamy Shrimp Udon (with OMSOM sauce),10.0,True,"<li class=""wprm-recipe-ingredient"" data-uid=""5"" style=""list-style-type: none;""><span class=""wprm-checkbox-container""><input aria-label="" 1 tablespoon unsalted butter"" class=""wprm-checkbox"" id=""wprm-checkbox-1"" type=""checkbox""/><label class=""wprm-checkbox-label"" for=""wprm-checkbox-1""><span class=""sr-only screen-reader-text wprm-screen-reader-text"">▢ </span></label></span><span class=""wprm-recipe-ingredient-amount"">1</span> <span class=""wprm-recipe-ingredient-unit"">tablespoon</span> <span class=""wprm-recipe-ingredient-name"">unsalted butter</span></li>",unsalted butter,unsalted butter,1.0,tablespoon,ok,
twoplaidaprons,https://twoplaidaprons.com/creamy-shrimp-udon-with-omsom-sauce/,Creamy Shrimp Udon (with OMSOM sauce),10.0,True,"<li class=""wprm-recipe-ingredient"" data-uid=""6"" style=""list-style-type: none;""><span class=""wprm-checkbox-container""><input aria-label="" ¼ large yellow onion diced"" class=""wprm-checkbox"" id=""wprm-checkbox-2"" type=""checkbox""/><label class=""wprm-checkbox-label"" for=""wprm-checkbox-2""><span class=""sr-only screen-reader-text wprm-screen-reader-text"">▢ </span></label></span><span class=""wprm-recipe-ingredient-amount"">¼</span> <span class=""wprm-recipe-ingredient-unit"">large</span> <span class=""wprm-recipe-ingredient-name"">yellow onion</span> <span class=""wprm-recipe-ingredient-notes wprm-recipe-ingredient-notes-smaller-faded"">diced</span></li>",yellow onion,onion,0.25,large,ok,
twoplaidaprons,https://twoplaidaprons.com/creamy-shrimp-udon-with-omsom-sauce/,Creamy Shrimp Udon (with OMSOM sauce),10.0,True,"<li class=""wprm-recipe-ingredient"" data-uid=""7"" style=""list-style-type: none;""><span class=""wprm-checkbox-container""><input aria-label="" 1½ teaspoon garlic minced (about 1 large clove)"" class=""wprm-checkbox"" id=""wprm-checkbox-3"" type=""checkbox""/><label class=""wprm-checkbox-label"" for=""wprm-checkbox-3""><span class=""sr-only screen-reader-text wprm-screen-reader-text"">▢ </span></label></span><span class=""wprm-recipe-ingredient-amount"">1½</span> <span class=""wprm-recipe-ingredient-unit"">teaspoon</span> <span class=""wprm-recipe-ingredient-name"">garlic</span> <span class=""wprm-recipe-ingredient-notes wprm-recipe-ingredient-notes-smaller-faded"">minced (about 1 large clove)</span></li>",garlic,garlic,1.5,teaspoon,ok,
twoplaidaprons,https://twoplaidaprons.com/creamy-shrimp-udon-with-omsom-sauce/,Creamy Shrimp Udon (with OMSOM sauce),10.0,True,"<li class=""wprm-recipe-ingredient"" data-uid=""8"" style=""list-style-type: none;""><span class=""wprm-checkbox-container""><input aria-label="" ½ cup heavy cream"" class=""wprm-checkbox"" id=""wprm-checkbox-4"" type=""checkbox""/><label class=""wprm-checkbox-label"" for=""wprm-checkbox-4""><span class=""sr-only screen-reader-text wprm-screen-reader-text"">▢ </span></label></span><span class=""wprm-recipe-ingredient-amount"">½</span> <span class=""wprm-recipe-ingredient-unit"">cup</span> <span class=""wprm-recipe-ingredient-name"">heavy cream</span></li>",heavy cream,heavy cream,0.5,cup,ok,
twoplaidaprons,https://twoplaidaprons.com/creamy-shrimp-udon-with-omsom-sauce/,Creamy Shrimp Udon (with OMSOM sauce),10.0,True,"<li class=""wprm-recipe-ingredient"" data-uid=""9"" style=""list-style-type: none;""><span class=""wprm-checkbox-container""><input aria-label="" 1 pack OMSOM spicy bulgogi sauce"" class=""wprm-checkbox"" id=""wprm-checkbox-5"" type=""checkbox""/><label class=""wprm-checkbox-label"" for=""wprm-checkbox-5""><span class=""sr-only screen-reader-text wprm-screen-reader-text"">▢ </span></label></span><span class=""wprm-recipe-ingredient-amount"">1</span> <span class=""wprm-recipe-ingredient-unit"">pack</span> <span class=""wprm-recipe-ingredient-name""><a class=""wprm-recipe-ingredient-link"" href=""https://omsom.com/products/korean-spicy-bulgogi-starter-3-pack"" rel=""nofollow noreferrer"" target=""_blank"">OMSOM spicy bulgogi sauce</a></span></li>",OMSOM spicy bulgogi sauce,omsom spicy bulgogi sauce,1.0,pack,ok,
twoplaidaprons,https://twoplaidaprons.com/creamy-shrimp-udon-with-omsom-sauce/,Creamy Shrimp Udon (with OMSOM sauce),10.0,True,"<li class=""wprm-recipe-ingredient"" data-uid=""10"" style=""list-style-type: none;""><span class=""wprm-checkbox-container""><input aria-label="" ¼ teaspoon Kosher salt or to taste"" class=""wprm-checkbox"" id=""wprm-checkbox-6"" type=""checkbox""/><label class=""wprm-checkbox-label"" for=""wprm-checkbox-6""><span class=""sr-only screen-reader-text wprm-screen-reader-text"">▢ </span></label></span><span class=""wprm-recipe-ingredient-amount"">¼</span> <span class=""wprm-recipe-ingredient-unit"">teaspoon</span> <span class=""wprm-recipe-ingredient-name""><a class=""wprm-recipe-ingredient-link"" href=""https://amzn.to/3cjL1LU"" rel=""nofollow noreferrer"" target=""_blank"">Kosher salt</a></span> <span class=""wprm-recipe-ingredient-notes wprm-recipe-ingredient-notes-smaller-faded"">or to taste</span></li>",Kosher salt,salt,0.25,teaspoon,ok,
twoplaidaprons,https://twoplaidaprons.com/creamy-shrimp-udon-with-omsom-sauce/,Creamy Shrimp Udon (with OMSOM sauce),10.0,True,"<li class=""wprm-recipe-ingredient"" data-uid=""13"" style=""list-style-type: none;""><span class=""wprm-checkbox-container""><input aria-label="" Green onion or chives thinly sliced for garnish (optional)"" class=""wprm-checkbox"" id=""wprm-checkbox-7"" type=""checkbox""/><label class=""wprm-checkbox-label"" for=""wprm-checkbox-7""><span class=""sr-only screen-reader-text wprm-screen-reader-text"">▢ </span></label></span><span class=""wprm-recipe-ingredient-name"">Green onion or chives</span> <span class=""wprm-recipe-ingredient-notes wprm-recipe-ingredient-notes-smaller-faded"">thinly sliced for garnish (optional)</span></li>",Green onion or chives,green onion  chives,,,ok,
twoplaidaprons,https://twoplaidaprons.com/creamy-shrimp-udon-with-omsom-sauce/,Creamy Shrimp Udon (with OMSOM sauce),10.0,True,"<li class=""wprm-recipe-ingredient"" data-uid=""14"" style=""list-style-type: none;""><span class=""wprm-checkbox-container""><input aria-label="" Shichimi togarashi (optional for garnish and for extra spice)"" class=""wprm-checkbox"" id=""wprm-checkbox-8"" type=""checkbox""/><label class=""wprm-checkbox-label"" for=""wprm-checkbox-8""><span class=""sr-only screen-reader-text wprm-screen-reader-text"">▢ </span></label></span><span class=""wprm-recipe-ingredient-name""><a class=""wprm-recipe-ingredient-link"" href=""https://amzn.to/3HaRSXx"" rel=""nofollow noreferrer"" target=""_blank"">Shichimi togarashi</a></span> <span class=""wprm-recipe-ingredient-notes wprm-recipe-ingredient-notes-smaller-faded"">(optional for garnish and for extra spice)</span></li>",Shichimi togarashi,shichimi togarashi,,,ok,
twoplaidaprons,https://twoplaidaprons.com/creamy-shrimp-udon-with-omsom-sauce/,Creamy Shrimp Udon (with OMSOM sauce),10.0,True,"<li class=""wprm-recipe-ingredient"" data-uid=""1"" style=""list-style-type: none;""><span class=""wprm-checkbox-container""><input aria-label="" 10 ounces jumbo shrimps peeled and deveined (about 10 to 12 shrimps; smaller shrimps are fine too)"" class=""wprm-checkbox"" id=""wprm-checkbox-9"" type=""checkbox""/><label class=""wprm-checkbox-label"" for=""wprm-checkbox-9""><span class=""sr-only screen-reader-text wprm-screen-reader-text"">▢ </span></label></span><span class=""wprm-recipe-ingredient-amount"">10</span> <span class=""wprm-recipe-ingredient-unit"">ounces</span> <span class=""wprm-recipe-ingredient-name"">jumbo shrimps</span> <span class=""wprm-recipe-ingredient-notes wprm-recipe-ingredient-notes-smaller-faded"">peeled and deveined (about 10 to 12 shrimps; smaller shrimps are fine too)</span></li>",jumbo shrimps,jumbo shrimps,10.0,ounces,ok,
twoplaidaprons,https://twoplaidaprons.com/creamy-shrimp-udon-with-omsom-sauce/,Creamy Shrimp Udon (with OMSOM sauce),10.0,True,"<li class=""wprm-recipe-ingredient"" data-uid=""2"" style=""list-style-type: none;""><span class=""wprm-checkbox-container""><input aria-label="" 1 teaspoon oil (any neutral oil will do)"" class=""wprm-checkbox"" id=""wprm-checkbox-10"" type=""checkbox""/><label class=""wprm-checkbox-label"" for=""wprm-checkbox-10""><span class=""sr-only screen-reader-text wprm-screen-reader-text"">▢ </span></label></span><span class=""wprm-recipe-ingredient-amount"">1</span> <span class=""wprm-recipe-ingredient-unit"">teaspoon</span> <span class=""wprm-recipe-ingredient-name"">oil</span> <span class=""wprm-recipe-ingredient-notes wprm-recipe-ingredient-notes-smaller-faded"">(any neutral oil will do)</span></li>",oil,oil,1.0,teaspoon,ok,
twoplaidaprons,https://twoplaidaprons.com/creamy-shrimp-udon-with-omsom-sauce/,Creamy Shrimp Udon (with OMSOM sauce),10.0,True,"<li class=""wprm-recipe-ingredient"" data-uid=""3"" style=""list-style-type: none;""><span class=""wprm-checkbox-container""><input aria-label="" ¼ teaspoon Kosher salt (fine salt is fine too)"" class=""wprm-checkbox"" id=""wprm-checkbox-11"" type=""checkbox""/><label class=""wprm-checkbox-label"" for=""wprm-checkbox-11""><span class=""sr-only screen-reader-text wprm-screen-reader-text"">▢ </span></label></span><span class=""wprm-recipe-ingredient-amount"">¼</span> <span class=""wprm-recipe-ingredient-unit"">teaspoon</span> <span class=""wprm-recipe-ingredient-name""><a class=""wprm-recipe-ingredient-link"" href=""https://amzn.to/3cjL1LU"" rel=""nofollow noreferrer"" target=""_blank"">Kosher salt</a></span> <span class=""wprm-recipe-ingredient-notes wprm-recipe-ingredient-notes-smaller-faded"">(fine salt is fine too)</span></li>",Kosher salt,salt,0.25,teaspoon,ok,
twoplaidaprons,https://twoplaidaprons.com/creamy-shrimp-udon-with-omsom-sauce/,Creamy Shrimp Udon (with OMSOM sauce),10.0,True,"<li class=""wprm-recipe-ingredient"" data-uid=""4"" style=""list-style-type: none;""><span class=""wprm-checkbox-container""><input aria-label="" Few cracks of black pepper"" class=""wprm-checkbox"" id=""wprm-checkbox-12"" type=""checkbox""/><label class=""wprm-checkbox-label"" for=""wprm-checkbox-12""><span class=""sr-only screen-reader-text wprm-screen-reader-text"">▢ </span></label></span><span class=""wprm-recipe-ingredient-name"">Few cracks of black pepper</span></li>",Few cracks of black pepper,few cracks  black pepper,,,ok,
twoplaidaprons,https://twoplaidaprons.com/creamy-spaghetti-carbonara-recipe/,,,,,,,,,error,"1 validation error for IngredientData
quantity
  Input should be a valid number, unable to parse string as a number [type=float_parsing, input_value='¾', input_type=str]
    For further information visit https://errors.pydantic.dev/2.13/v/float_parsing"
twoplaidaprons,https://twoplaidaprons.com/crispy-general-tsos-tofu/,,,,,,,,,error,"1 validation error for IngredientData
quantity
  Input should be a valid number, unable to parse string as a number [type=float_parsing, input_value='¾', input_type=str]
    For further information visit https://errors.pydantic.dev/2.13/v/float_parsing"
twoplaidaprons,https://twoplaidaprons.com/crispy-pork-belly-air-fryer/,Crispy Pork Belly (Air Fryer),85.0,True,"<li class=""wprm-recipe-ingredient"" data-uid=""0"" style=""list-style-type: none;""><span class=""wprm-checkbox-container""><input aria-label="" 1½ pounds pork belly whole slab, skin-on (try to pick a slab that's even in thickness if possible)"" class=""wprm-checkbox"" id=""wprm-checkbox-0"" type=""checkbox""/><label class=""wprm-checkbox-label"" for=""wprm-checkbox-0""><span class=""sr-only screen-reader-text wprm-screen-reader-text"">▢ </span></label></span><span class=""wprm-recipe-ingredient-amount"">1½</span> <span class=""wprm-recipe-ingredient-unit"">pounds</span> <span class=""wprm-recipe-ingredient-name"">pork belly</span> <span class=""wprm-recipe-ingredient-notes wprm-recipe-ingredient-notes-smaller-faded"">whole slab, skin-on (try to pick a slab that's even in thickness if possible)</span></li>",pork belly,pork belly,1.5,pounds,ok,
twoplaidaprons,https://twoplaidaprons.com/crispy-pork-belly-air-fryer/,Crispy Pork Belly (Air Fryer),85.0,True,"<li class=""wprm-recipe-ingredient"" data-uid=""1"" style=""list-style-type: none;""><span class=""wprm-checkbox-container""><input aria-label="" 1 tablespoon kosher salt or any coarse salt"" class=""wprm-checkbox"" id=""wprm-checkbox-1"" type=""checkbox""/><label class=""wprm-checkbox-label"" for=""wprm-checkbox-1""><span class=""sr-only screen-reader-text wprm-screen-reader-text"">▢ </span></label></span><span class=""wprm-recipe-ingredient-amount"">1</span> <span class=""wprm-recipe-ingredient-unit"">tablespoon</span> <span class=""wprm-recipe-ingredient-name""><a class=""wprm-recipe-ingredient-link"" href=""https://amzn.to/3cjL1LU"" rel=""nofollow noreferrer"" target=""_blank"">kosher salt</a></span> <span class=""wprm-recipe-ingredient-notes wprm-recipe-ingredient-notes-smaller-faded"">or any coarse salt</span></li>",kosher salt,salt,1.0,tablespoon,ok,
twoplaidaprons,https://twoplaidaprons.com/crispy-pork-belly-air-fryer/,Crispy Pork Belly (Air Fryer),85.0,True,"<li class=""wprm-recipe-ingredient"" data-uid=""11"" style=""list-style-type: none;""><span class=""wprm-checkbox-container""><input aria-label="" Oil any neutral oil (for brushing the pork skin)"" class=""wprm-checkbox"" id=""wprm-checkbox-2"" type=""checkbox""/><label class=""wprm-checkbox-label"" for=""wprm-checkbox-2""><span class=""sr-only screen-reader-text wprm-screen-reader-text"">▢ </span></label></span><span class=""wprm-recipe-ingredient-name"">Oil</span> <span class=""wprm-recipe-ingredient-notes wprm-recipe-ingredient-notes-smaller-faded"">any neutral oil (for brushing the pork skin)</span></li>",Oil,oil,,,ok,
twoplaidaprons,https://twoplaidaprons.com/crispy-pork-belly-air-fryer/,Crispy Pork Belly (Air Fryer),85.0,True,"<li class=""wprm-recipe-ingredient"" data-uid=""3"" style=""list-style-type: none;""><span class=""wprm-checkbox-container""><input aria-label="" 1 tablespoon brown sugar light or dark"" class=""wprm-checkbox"" id=""wprm-checkbox-3"" type=""checkbox""/><label class=""wprm-checkbox-label"" for=""wprm-checkbox-3""><span class=""sr-only screen-reader-text wprm-screen-reader-text"">▢ </span></label></span><span class=""wprm-recipe-ingredient-amount"">1</span> <span class=""wprm-recipe-ingredient-unit"">tablespoon</span> <span class=""wprm-recipe-ingredient-name""><a class=""wprm-recipe-ingredient-link"" href=""https://amzn.to/3fo9Ut0"" rel=""nofollow noreferrer"" target=""_blank"">brown sugar</a></span> <span class=""wprm-recipe-ingredient-notes wprm-recipe-ingredient-notes-smaller-faded"">light or dark</span></li>",brown sugar,brown sugar,1.0,tablespoon,ok,
twoplaidaprons,https://twoplaidaprons.com/crispy-pork-belly-air-fryer/,Crispy Pork Belly (Air Fryer),85.0,True,"<li class=""wprm-recipe-ingredient"" data-uid=""5"" style=""list-style-type: none;""><span class=""wprm-checkbox-container""><input aria-label="" 1 tablespoon Chinese five spice powder"" class=""wprm-checkbox"" id=""wprm-checkbox-4"" type=""checkbox""/><label class=""wprm-checkbox-label"" for=""wprm-checkbox-4""><span class=""sr-only screen-reader-text wprm-screen-reader-text"">▢ </span></label></span><span class=""wprm-recipe-ingredient-amount"">1</span> <span class=""wprm-recipe-ingredient-unit"">tablespoon</span> <span class=""wprm-recipe-ingredient-name""><a class=""wprm-recipe-ingredient-link"" href=""https://amzn.to/35MXucs"" rel=""nofollow noreferrer"" target=""_blank"">Chinese five spice powder</a></span></li>",Chinese five spice powder,chinese five spice powder,1.0,tablespoon,ok,
twoplaidaprons,https://twoplaidaprons.com/crispy-pork-belly-air-fryer/,Crispy Pork Belly (Air Fryer),85.0,True,"<li class=""wprm-recipe-ingredient"" data-uid=""6"" style=""list-style-type: none;""><span class=""wprm-checkbox-container""><input aria-label="" ½ tablespoon kosher salt (if using fine salt, use a little less)"" class=""wprm-checkbox"" id=""wprm-checkbox-5"" type=""checkbox""/><label class=""wprm-checkbox-label"" for=""wprm-checkbox-5""><span class=""sr-only screen-reader-text wprm-screen-reader-text"">▢ </span></label></span><span class=""wprm-recipe-ingredient-amount"">½</span> <span class=""wprm-recipe-ingredient-unit"">tablespoon</span> <span class=""wprm-recipe-ingredient-name""><a class=""wprm-recipe-ingredient-link"" href=""https://amzn.to/3cjL1LU"" rel=""nofollow noreferrer"" target=""_blank"">kosher salt</a></span> <span class=""wprm-recipe-ingredient-notes wprm-recipe-ingredient-notes-smaller-faded"">(if using fine salt, use a little less)</span></li>",kosher salt,salt,0.5,tablespoon,ok,
twoplaidaprons,https://twoplaidaprons.com/crispy-pork-belly-air-fryer/,Crispy Pork Belly (Air Fryer),85.0,True,"<li class=""wprm-recipe-ingredient"" data-uid=""7"" style=""list-style-type: none;""><span class=""wprm-checkbox-container""><input aria-label="" ½ teaspoon ground cumin"" class=""wprm-checkbox"" id=""wprm-checkbox-6"" type=""checkbox""/><label class=""wprm-checkbox-label"" for=""wprm-checkbox-6""><span class=""sr-only screen-reader-text wprm-screen-reader-text"">▢ </span></label></span><span class=""wprm-recipe-ingredient-amount"">½</span> <span class=""wprm-recipe-ingredient-unit"">teaspoon</span> <span class=""wprm-recipe-ingredient-name"">ground cumin</span></li>",ground cumin,cumin,0.5,teaspoon,ok,
twoplaidaprons,https://twoplaidaprons.com/crispy-pork-belly-air-fryer/,Crispy Pork Belly (Air Fryer),85.0,True,"<li class=""wprm-recipe-ingredient"" data-uid=""8"" style=""list-style-type: none;""><span class=""wprm-checkbox-container""><input aria-label="" ½ teaspoon onion powder"" class=""wprm-checkbox"" id=""wprm-checkbox-7"" type=""checkbox""/><label class=""wprm-checkbox-label"" for=""wprm-checkbox-7""><span class=""sr-only screen-reader-text wprm-screen-reader-text"">▢ </span></label></span><span class=""wprm-recipe-ingredient-amount"">½</span> <span class=""wprm-recipe-ingredient-unit"">teaspoon</span> <span class=""wprm-recipe-ingredient-name""><a class=""wprm-recipe-ingredient-link"" href=""https://amzn.to/3MQlrSe"" rel=""nofollow noreferrer"" target=""_blank"">onion powder</a></span></li>",onion powder,onion powder,0.5,teaspoon,ok,
twoplaidaprons,https://twoplaidaprons.com/crispy-pork-belly-air-fryer/,Crispy Pork Belly (Air Fryer),85.0,True,"<li class=""wprm-recipe-ingredient"" data-uid=""9"" style=""list-style-type: none;""><span class=""wprm-checkbox-container""><input aria-label="" ½ teaspoon garlic powder"" class=""wprm-checkbox"" id=""wprm-checkbox-8"" type=""checkbox""/><label class=""wprm-checkbox-label"" for=""wprm-checkbox-8""><span class=""sr-only screen-reader-text wprm-screen-reader-text"">▢ </span></label></span><span class=""wprm-recipe-ingredient-amount"">½</span> <span class=""wprm-recipe-ingredient-unit"">teaspoon</span> <span class=""wprm-recipe-ingredient-name""><a class=""wprm-recipe-ingredient-link"" href=""https://amzn.to/3SikyFF"" rel=""nofollow noreferrer"" target=""_blank"">garlic powder</a></span></li>",garlic powder,garlic powder,0.5,teaspoon,ok,
twoplaidaprons,https://twoplaidaprons.com/crispy-pork-belly-air-fryer/,Crispy Pork Belly (Air Fryer),85.0,True,"<li class=""wprm-recipe-ingredient"" data-uid=""10"" style=""list-style-type: none;""><span class=""wprm-checkbox-container""><input aria-label="" 10 cracks black pepper about ½ teaspoon"" class=""wprm-checkbox"" id=""wprm-checkbox-9"" type=""checkbox""/><label class=""wprm-checkbox-label"" for=""wprm-checkbox-9""><span class=""sr-only screen-reader-text wprm-screen-reader-text"">▢ </span></label></span><span class=""wprm-recipe-ingredient-amount"">10</span> <span class=""wprm-recipe-ingredient-unit"">cracks</span> <span class=""wprm-recipe-ingredient-name"">black pepper</span> <span class=""wprm-recipe-ingredient-notes wprm-recipe-ingredient-notes-smaller-faded"">about ½ teaspoon</span></li>",black pepper,black pepper,10.0,cracks,ok,
twoplaidaprons,https://twoplaidaprons.com/crispy-rice-salmon/,Crispy Rice Salmon,35.0,True,"<li class=""wprm-recipe-ingredient"" data-uid=""0"" style=""list-style-type: none;""><span class=""wprm-checkbox-container""><input aria-label="" 2 cups medium grain white rice or short grain"" class=""wprm-checkbox"" id=""wprm-checkbox-0"" type=""checkbox""/><label class=""wprm-checkbox-label"" for=""wprm-checkbox-0""><span class=""sr-only screen-reader-text wprm-screen-reader-text"">▢ </span></label></span><span class=""wprm-recipe-ingredient-amount"">2</span> <span class=""wprm-recipe-ingredient-unit"">cups</span> <span class=""wprm-recipe-ingredient-name""><a class=""wprm-recipe-ingredient-link"" href=""https://amzn.to/2HNxhKZ"" rel=""nofollow noreferrer"" target=""_blank"">medium grain white rice</a></span> <span class=""wprm-recipe-ingredient-notes wprm-recipe-ingredient-notes-smaller-faded"">or short grain</span></li>",medium grain white rice,grain  rice,2.0,cups,ok,
twoplaidaprons,https://twoplaidaprons.com/crispy-rice-salmon/,Crispy Rice Salmon,35.0,True,"<li class=""wprm-recipe-ingredient"" data-uid=""2"" style=""list-style-type: none;""><span class=""wprm-checkbox-container""><input aria-label="" ¼ cup rice vinegar NOT seasoned *see notes"" class=""wprm-checkbox"" id=""wprm-checkbox-1"" type=""checkbox""/><label class=""wprm-checkbox-label"" for=""wprm-checkbox-1""><span class=""sr-only screen-reader-text wprm-screen-reader-text"">▢ </span></label></span><span class=""wprm-recipe-ingredient-amount"">¼</span> <span class=""wprm-recipe-ingredient-unit"">cup</span> <span class=""wprm-recipe-ingredient-name""><a class=""wprm-recipe-ingredient-link"" href=""https://amzn.to/3id8PF8"" rel=""nofollow noreferrer"" target=""_blank"">rice vinegar</a></span> <span class=""wprm-recipe-ingredient-notes wprm-recipe-ingredient-notes-smaller-faded"">NOT seasoned <em>*see notes</em></span></li>",rice vinegar,rice vinegar,0.25,cup,ok,
twoplaidaprons,https://twoplaidaprons.com/crispy-rice-salmon/,Crispy Rice Salmon,35.0,True,"<li class=""wprm-recipe-ingredient"" data-uid=""3"" style=""list-style-type: none;""><span class=""wprm-checkbox-container""><input aria-label="" 1½ tablespoons granulated sugar"" class=""wprm-checkbox"" id=""wprm-checkbox-2"" type=""checkbox""/><label class=""wprm-checkbox-label"" for=""wprm-checkbox-2""><span class=""sr-only screen-reader-text wprm-screen-reader-text"">▢ </span></label></span><span class=""wprm-recipe-ingredient-amount"">1½</span> <span class=""wprm-recipe-ingredient-unit"">tablespoons</span> <span class=""wprm-recipe-ingredient-name""><a class=""wprm-recipe-ingredient-link"" href=""https://amzn.to/3IEdexr"" rel=""nofollow noreferrer"" target=""_blank"">granulated sugar</a></span></li>",granulated sugar,granulated sugar,1.5,tablespoons,ok,
twoplaidaprons,https://twoplaidaprons.com/crispy-rice-salmon/,Crispy Rice Salmon,35.0,True,"<li class=""wprm-recipe-ingredient"" data-uid=""4"" style=""list-style-type: none;""><span class=""wprm-checkbox-container""><input aria-label="" 1 teaspoon Kosher salt"" class=""wprm-checkbox"" id=""wprm-checkbox-3"" type=""checkbox""/><label class=""wprm-checkbox-label"" for=""wprm-checkbox-3""><span class=""sr-only screen-reader-text wprm-screen-reader-text"">▢ </span></label></span><span class=""wprm-recipe-ingredient-amount"">1</span> <span class=""wprm-recipe-ingredient-unit"">teaspoon</span> <span class=""wprm-recipe-ingredient-name""><a class=""wprm-recipe-ingredient-link"" href=""https://amzn.to/3cjL1LU"" rel=""nofollow noreferrer"" target=""_blank"">Kosher salt</a></span></li>",Kosher salt,salt,1.0,teaspoon,ok,
twoplaidaprons,https://twoplaidaprons.com/crispy-rice-salmon/,Crispy Rice Salmon,35.0,True,"<li class=""wprm-recipe-ingredient"" data-uid=""5"" style=""list-style-type: none;""><span class=""wprm-checkbox-container""><input aria-label="" Neutral oil for cooking"" class=""wprm-checkbox"" id=""wprm-checkbox-4"" type=""checkbox""/><label class=""wprm-checkbox-label"" for=""wprm-checkbox-4""><span class=""sr-only screen-reader-text wprm-screen-reader-text"">▢ </span></label></span><span class=""wprm-recipe-ingredient-name"">Neutral oil</span> <span class=""wprm-recipe-ingredient-notes wprm-recipe-ingredient-notes-smaller-faded"">for cooking</span></li>",Neutral oil,neutral oil,,,ok,
twoplaidaprons,https://twoplaidaprons.com/crispy-rice-salmon/,Crispy Rice Salmon,35.0,True,"<li class=""wprm-recipe-ingredient"" data-uid=""7"" style=""list-style-type: none;""><span class=""wprm-checkbox-container""><input aria-label="" 1 pound sushi grade salmon finely chopped"" class=""wprm-checkbox"" id=""wprm-checkbox-5"" type=""checkbox""/><label class=""wprm-checkbox-label"" for=""wprm-checkbox-5""><span class=""sr-only screen-reader-text wprm-screen-reader-text"">▢ </span></label></span><span class=""wprm-recipe-ingredient-amount"">1</span> <span class=""wprm-recipe-ingredient-unit"">pound</span> <span class=""wprm-recipe-ingredient-name"">sushi grade salmon</span> <span class=""wprm-recipe-ingredient-notes wprm-recipe-ingredient-notes-smaller-faded"">finely chopped</span></li>",sushi grade salmon,sushi grade salmon,1.0,pound,ok,
twoplaidaprons,https://twoplaidaprons.com/crispy-rice-salmon/,Crispy Rice Salmon,35.0,True,"<li class=""wprm-recipe-ingredient"" data-uid=""8"" style=""list-style-type: none;""><span class=""wprm-checkbox-container""><input aria-label="" ½ cup Sriracha"" class=""wprm-checkbox"" id=""wprm-checkbox-6"" type=""checkbox""/><label class=""wprm-checkbox-label"" for=""wprm-checkbox-6""><span class=""sr-only screen-reader-text wprm-screen-reader-text"">▢ </span></label></span><span class=""wprm-recipe-ingredient-amount"">½</span> <span class=""wprm-recipe-ingredient-unit"">cup</span> <span class=""wprm-recipe-ingredient-name""><a class=""wprm-recipe-ingredient-link"" href=""https://amzn.to/2ABw61z"" rel=""nofollow noreferrer"" target=""_blank"">Sriracha</a></span></li>",Sriracha,sriracha,0.5,cup,ok,
twoplaidaprons,https://twoplaidaprons.com/crispy-rice-salmon/,Crispy Rice Salmon,35.0,True,"<li class=""wprm-recipe-ingredient"" data-uid=""9"" style=""list-style-type: none;""><span class=""wprm-checkbox-container""><input aria-label="" ¼ cup mayonnaise or Kewpie mayo"" class=""wprm-checkbox"" id=""wprm-checkbox-7"" type=""checkbox""/><label class=""wprm-checkbox-label"" for=""wprm-checkbox-7""><span class=""sr-only screen-reader-text wprm-screen-reader-text"">▢ </span></label></span><span class=""wprm-recipe-ingredient-amount"">¼</span> <span class=""wprm-recipe-ingredient-unit"">cup</span> <span class=""wprm-recipe-ingredient-name""><a class=""wprm-recipe-ingredient-link"" href=""https://amzn.to/3o5VIIJ"" rel=""nofollow noreferrer"" target=""_blank"">mayonnaise</a></span> <span class=""wprm-recipe-ingredient-notes wprm-recipe-ingredient-notes-smaller-faded"">or Kewpie mayo</span></li>",mayonnaise,mayonnaise,0.25,cup,ok,
twoplaidaprons,https://twoplaidaprons.com/crispy-rice-salmon/,Crispy Rice Salmon,35.0,True,"<li class=""wprm-recipe-ingredient"" data-uid=""10"" style=""list-style-type: none;""><span class=""wprm-checkbox-container""><input aria-label="" 2 teaspoons soy sauce"" class=""wprm-checkbox"" id=""wprm-checkbox-8"" type=""checkbox""/><label class=""wprm-checkbox-label"" for=""wprm-checkbox-8""><span class=""sr-only screen-reader-text wprm-screen-reader-text"">▢ </span></label></span><span class=""wprm-recipe-ingredient-amount"">2</span> <span class=""wprm-recipe-ingredient-unit"">teaspoons</span> <span class=""wprm-recipe-ingredient-name""><a class=""wprm-recipe-ingredient-link"" href=""https://amzn.to/3822TY0"" rel=""nofollow noreferrer"" target=""_blank"">soy sauce</a></span></li>",soy sauce,soy sauce,2.0,teaspoons,ok,
twoplaidaprons,https://twoplaidaprons.com/crispy-rice-salmon/,Crispy Rice Salmon,35.0,True,"<li class=""wprm-recipe-ingredient"" data-uid=""11"" style=""list-style-type: none;""><span class=""wprm-checkbox-container""><input aria-label="" 1 stalk green onion thinly sliced"" class=""wprm-checkbox"" id=""wprm-checkbox-9"" type=""checkbox""/><label class=""wprm-checkbox-label"" for=""wprm-checkbox-9""><span class=""sr-only screen-reader-text wprm-screen-reader-text"">▢ </span></label></span><span class=""wprm-recipe-ingredient-amount"">1</span> <span class=""wprm-recipe-ingredient-unit"">stalk</span> <span class=""wprm-recipe-ingredient-name"">green onion</span> <span class=""wprm-recipe-ingredient-notes wprm-recipe-ingredient-notes-smaller-faded"">thinly sliced</span></li>",green onion,green onion,1.0,stalk,ok,
twoplaidaprons,https://twoplaidaprons.com/crispy-rice-salmon/,Crispy Rice Salmon,35.0,True,"<li class=""wprm-recipe-ingredient"" data-uid=""12"" style=""list-style-type: none;""><span class=""wprm-checkbox-container""><input aria-label="" Avocado thinly silced"" class=""wprm-checkbox"" id=""wprm-checkbox-10"" type=""checkbox""/><label class=""wprm-checkbox-label"" for=""wprm-checkbox-10""><span class=""sr-only screen-reader-text wprm-screen-reader-text"">▢ </span></label></span><span class=""wprm-recipe-ingredient-name"">Avocado</span> <span class=""wprm-recipe-ingredient-notes wprm-recipe-ingredient-notes-smaller-faded"">thinly silced</span></li>",Avocado,avocado,,,ok,
twoplaidaprons,https://twoplaidaprons.com/crispy-rice-salmon/,Crispy Rice Salmon,35.0,True,"<li class=""wprm-recipe-ingredient"" data-uid=""14"" style=""list-style-type: none;""><span class=""wprm-checkbox-container""><input aria-label="" jalapeño pepper thinly sliced"" class=""wprm-checkbox"" id=""wprm-checkbox-11"" type=""checkbox""/><label class=""wprm-checkbox-label"" for=""wprm-checkbox-11""><span class=""sr-only screen-reader-text wprm-screen-reader-text"">▢ </span></label></span><span class=""wprm-recipe-ingredient-name"">jalapeño pepper</span> <span class=""wprm-recipe-ingredient-notes wprm-recipe-ingredient-notes-smaller-faded"">thinly sliced</span></li>",jalapeño pepper,jalapeño pepper,,,ok,
twoplaidaprons,https://twoplaidaprons.com/crispy-rice-salmon/,Crispy Rice Salmon,35.0,True,"<li class=""wprm-recipe-ingredient"" data-uid=""15"" style=""list-style-type: none;""><span class=""wprm-checkbox-container""><input aria-label="" Sriracha"" class=""wprm-checkbox"" id=""wprm-checkbox-12"" type=""checkbox""/><label class=""wprm-checkbox-label"" for=""wprm-checkbox-12""><span class=""sr-only screen-reader-text wprm-screen-reader-text"">▢ </span></label></span><span class=""wprm-recipe-ingredient-name""><a class=""wprm-recipe-ingredient-link"" href=""https://amzn.to/2ABw61z"" rel=""nofollow noreferrer"" target=""_blank"">Sriracha</a></span></li>",Sriracha,sriracha,,,ok,
twoplaidaprons,https://twoplaidaprons.com/crispy-rice-salmon/,Crispy Rice Salmon,35.0,True,"<li class=""wprm-recipe-ingredient"" data-uid=""16"" style=""list-style-type: none;""><span class=""wprm-checkbox-container""><input aria-label="" Toasted sesame seed"" class=""wprm-checkbox"" id=""wprm-checkbox-13"" type=""checkbox""/><label class=""wprm-checkbox-label"" for=""wprm-checkbox-13""><span class=""sr-only screen-reader-text wprm-screen-reader-text"">▢ </span></label></span><span class=""wprm-recipe-ingredient-name""><a class=""wprm-recipe-ingredient-link"" href=""https://amzn.to/3ehbMRy"" rel=""nofollow noreferrer"" target=""_blank"">Toasted sesame seed</a></span></li>",Toasted sesame seed,toasted sesame seed,,,ok,
twoplaidaprons,https://twoplaidaprons.com/cumin-lamb-noodles/,,,,,,,,,error,"1 validation error for IngredientData
quantity
  Input should be a valid number, unable to parse string as a number [type=float_parsing, input_value='¾', input_type=str]
    For further information visit https://errors.pydantic.dev/2.13/v/float_parsing"
twoplaidaprons,https://twoplaidaprons.com/dairy-free-blueberry-muffins/,,,,,,,,,error,"1 validation error for IngredientData
quantity
  Input should be a valid number, unable to parse string as a number [type=float_parsing, input_value='¾', input_type=str]
    For further information visit https://errors.pydantic.dev/2.13/v/float_parsing"
twoplaidaprons,https://twoplaidaprons.com/dalgona-coffee/,,,,,,,,,error,"1 validation error for IngredientData
quantity
  Input should be a valid number, unable to parse string as a number [type=float_parsing, input_value='⅔', input_type=str]
    For further information visit https://errors.pydantic.dev/2.13/v/float_parsing"
twoplaidaprons,https://twoplaidaprons.com/dalgona-matcha-latte/,,,,,,,,,error,"1 validation error for IngredientData
quantity
  Input should be a valid number, unable to parse string as a number [type=float_parsing, input_value='⅔', input_type=str]
    For further information visit https://errors.pydantic.dev/2.13/v/float_parsing"
twoplaidaprons,https://twoplaidaprons.com/din-tai-fung-cucumber-salad/,Din Tai Fun Cucumber Salad,20.0,True,"<li class=""wprm-recipe-ingredient"" data-uid=""0"" style=""list-style-type: none;""><span class=""wprm-checkbox-container""><input aria-label="" 1 pound Persian cucumbers washed"" class=""wprm-checkbox"" id=""wprm-checkbox-0"" type=""checkbox""/><label class=""wprm-checkbox-label"" for=""wprm-checkbox-0""><span class=""sr-only screen-reader-text wprm-screen-reader-text"">▢ </span></label></span><span class=""wprm-recipe-ingredient-amount"">1</span> <span class=""wprm-recipe-ingredient-unit"">pound</span> <span class=""wprm-recipe-ingredient-name"">Persian cucumbers</span> <span class=""wprm-recipe-ingredient-notes wprm-recipe-ingredient-notes-smaller-faded"">washed</span></li>",Persian cucumbers,persian cucumbers,1.0,pound,ok,
twoplaidaprons,https://twoplaidaprons.com/din-tai-fung-cucumber-salad/,Din Tai Fun Cucumber Salad,20.0,True,"<li class=""wprm-recipe-ingredient"" data-uid=""1"" style=""list-style-type: none;""><span class=""wprm-checkbox-container""><input aria-label="" 2 teaspoons salt"" class=""wprm-checkbox"" id=""wprm-checkbox-1"" type=""checkbox""/><label class=""wprm-checkbox-label"" for=""wprm-checkbox-1""><span class=""sr-only screen-reader-text wprm-screen-reader-text"">▢ </span></label></span><span class=""wprm-recipe-ingredient-amount"">2</span> <span class=""wprm-recipe-ingredient-unit"">teaspoons</span> <span class=""wprm-recipe-ingredient-name"">salt</span></li>",salt,salt,2.0,teaspoons,ok,
twoplaidaprons,https://twoplaidaprons.com/din-tai-fung-cucumber-salad/,Din Tai Fun Cucumber Salad,20.0,True,"<li class=""wprm-recipe-ingredient"" data-uid=""2"" style=""list-style-type: none;""><span class=""wprm-checkbox-container""><input aria-label="" 3 tablespoons water"" class=""wprm-checkbox"" id=""wprm-checkbox-2"" type=""checkbox""/><label class=""wprm-checkbox-label"" for=""wprm-checkbox-2""><span class=""sr-only screen-reader-text wprm-screen-reader-text"">▢ </span></label></span><span class=""wprm-recipe-ingredient-amount"">3</span> <span class=""wprm-recipe-ingredient-unit"">tablespoons</span> <span class=""wprm-recipe-ingredient-name"">water</span></li>",water,water,3.0,tablespoons,ok,
twoplaidaprons,https://twoplaidaprons.com/din-tai-fung-cucumber-salad/,Din Tai Fun Cucumber Salad,20.0,True,"<li class=""wprm-recipe-ingredient"" data-uid=""10"" style=""list-style-type: none;""><span class=""wprm-checkbox-container""><input aria-label="" 2 tablespoons rice vinegar not the seasoned version"" class=""wprm-checkbox"" id=""wprm-checkbox-3"" type=""checkbox""/><label class=""wprm-checkbox-label"" for=""wprm-checkbox-3""><span class=""sr-only screen-reader-text wprm-screen-reader-text"">▢ </span></label></span><span class=""wprm-recipe-ingredient-amount"">2</span> <span class=""wprm-recipe-ingredient-unit"">tablespoons</span> <span class=""wprm-recipe-ingredient-name""><a class=""wprm-recipe-ingredient-link"" href=""https://amzn.to/3id8PF8"" rel=""nofollow noreferrer"" target=""_blank"">rice vinegar</a></span> <span class=""wprm-recipe-ingredient-notes wprm-recipe-ingredient-notes-smaller-faded"">not the seasoned version</span></li>",rice vinegar,rice vinegar,2.0,tablespoons,ok,
twoplaidaprons,https://twoplaidaprons.com/din-tai-fung-cucumber-salad/,Din Tai Fun Cucumber Salad,20.0,True,"<li class=""wprm-recipe-ingredient"" data-uid=""3"" style=""list-style-type: none;""><span class=""wprm-checkbox-container""><input aria-label="" 5 teaspoons granulated sugar"" class=""wprm-checkbox"" id=""wprm-checkbox-4"" type=""checkbox""/><label class=""wprm-checkbox-label"" for=""wprm-checkbox-4""><span class=""sr-only screen-reader-text wprm-screen-reader-text"">▢ </span></label></span><span class=""wprm-recipe-ingredient-amount"">5</span> <span class=""wprm-recipe-ingredient-unit"">teaspoons</span> <span class=""wprm-recipe-ingredient-name""><a class=""wprm-recipe-ingredient-link"" href=""https://amzn.to/3IEdexr"" rel=""nofollow noreferrer"" target=""_blank"">granulated sugar</a></span></li>",granulated sugar,granulated sugar,5.0,teaspoons,ok,
twoplaidaprons,https://twoplaidaprons.com/din-tai-fung-cucumber-salad/,Din Tai Fun Cucumber Salad,20.0,True,"<li class=""wprm-recipe-ingredient"" data-uid=""5"" style=""list-style-type: none;""><span class=""wprm-checkbox-container""><input aria-label="" 1 teaspoon regular soy sauce"" class=""wprm-checkbox"" id=""wprm-checkbox-5"" type=""checkbox""/><label class=""wprm-checkbox-label"" for=""wprm-checkbox-5""><span class=""sr-only screen-reader-text wprm-screen-reader-text"">▢ </span></label></span><span class=""wprm-recipe-ingredient-amount"">1</span> <span class=""wprm-recipe-ingredient-unit"">teaspoon</span> <span class=""wprm-recipe-ingredient-name""><a class=""wprm-recipe-ingredient-link"" href=""https://amzn.to/4aG8YfV"" rel=""nofollow noreferrer"" target=""_blank"">regular soy sauce</a></span></li>",regular soy sauce,regular soy sauce,1.0,teaspoon,ok,
twoplaidaprons,https://twoplaidaprons.com/din-tai-fung-cucumber-salad/,Din Tai Fun Cucumber Salad,20.0,True,"<li class=""wprm-recipe-ingredient"" data-uid=""4"" style=""list-style-type: none;""><span class=""wprm-checkbox-container""><input aria-label="" ½ teaspoon msg"" class=""wprm-checkbox"" id=""wprm-checkbox-6"" type=""checkbox""/><label class=""wprm-checkbox-label"" for=""wprm-checkbox-6""><span class=""sr-only screen-reader-text wprm-screen-reader-text"">▢ </span></label></span><span class=""wprm-recipe-ingredient-amount"">½</span> <span class=""wprm-recipe-ingredient-unit"">teaspoon</span> <span class=""wprm-recipe-ingredient-name""><a class=""wprm-recipe-ingredient-link"" href=""https://amzn.to/3bwoPT8"" rel=""nofollow noreferrer"" target=""_blank"">msg</a></span></li>",msg,msg,0.5,teaspoon,ok,
twoplaidaprons,https://twoplaidaprons.com/din-tai-fung-cucumber-salad/,Din Tai Fun Cucumber Salad,20.0,True,"<li class=""wprm-recipe-ingredient"" data-uid=""6"" style=""list-style-type: none;""><span class=""wprm-checkbox-container""><input aria-label="" 2 teaspoons toasted sesame oil"" class=""wprm-checkbox"" id=""wprm-checkbox-7"" type=""checkbox""/><label class=""wprm-checkbox-label"" for=""wprm-checkbox-7""><span class=""sr-only screen-reader-text wprm-screen-reader-text"">▢ </span></label></span><span class=""wprm-recipe-ingredient-amount"">2</span> <span class=""wprm-recipe-ingredient-unit"">teaspoons</span> <span class=""wprm-recipe-ingredient-name""><a class=""wprm-recipe-ingredient-link"" href=""https://amzn.to/2TeNpL8"" rel=""nofollow noreferrer"" target=""_blank"">toasted sesame oil</a></span></li>",toasted sesame oil,toasted sesame oil,2.0,teaspoons,ok,
twoplaidaprons,https://twoplaidaprons.com/din-tai-fung-cucumber-salad/,Din Tai Fun Cucumber Salad,20.0,True,"<li class=""wprm-recipe-ingredient"" data-uid=""8"" style=""list-style-type: none;""><span class=""wprm-checkbox-container""><input aria-label="" 1 clove garlic thinly siced"" class=""wprm-checkbox"" id=""wprm-checkbox-8"" type=""checkbox""/><label class=""wprm-checkbox-label"" for=""wprm-checkbox-8""><span class=""sr-only screen-reader-text wprm-screen-reader-text"">▢ </span></label></span><span class=""wprm-recipe-ingredient-amount"">1</span> <span class=""wprm-recipe-ingredient-unit"">clove</span> <span class=""wprm-recipe-ingredient-name"">garlic</span> <span class=""wprm-recipe-ingredient-notes wprm-recipe-ingredient-notes-smaller-faded"">thinly siced</span></li>",garlic,garlic,1.0,clove,ok,
twoplaidaprons,https://twoplaidaprons.com/din-tai-fung-cucumber-salad/,Din Tai Fun Cucumber Salad,20.0,True,"<li class=""wprm-recipe-ingredient"" data-uid=""9"" style=""list-style-type: none;""><span class=""wprm-checkbox-container""><input aria-label="" 1 red fresno pepper deseeded and cut into small diamonds (optional for garnish and a little heat)"" class=""wprm-checkbox"" id=""wprm-checkbox-9"" type=""checkbox""/><label class=""wprm-checkbox-label"" for=""wprm-checkbox-9""><span class=""sr-only screen-reader-text wprm-screen-reader-text"">▢ </span></label></span><span class=""wprm-recipe-ingredient-amount"">1</span> <span class=""wprm-recipe-ingredient-name"">red fresno pepper</span> <span class=""wprm-recipe-ingredient-notes wprm-recipe-ingredient-notes-smaller-faded"">deseeded and cut into small diamonds (optional for garnish and a little heat)</span></li>",red fresno pepper,red fresno pepper,1.0,,ok,
twoplaidaprons,https://twoplaidaprons.com/din-tai-fung-cucumber-salad/,Din Tai Fun Cucumber Salad,20.0,True,"<li class=""wprm-recipe-ingredient"" data-uid=""7"" style=""list-style-type: none;""><span class=""wprm-checkbox-container""><input aria-label="" ½ teaspoon Chinese chili oil *see notes"" class=""wprm-checkbox"" id=""wprm-checkbox-10"" type=""checkbox""/><label class=""wprm-checkbox-label"" for=""wprm-checkbox-10""><span class=""sr-only screen-reader-text wprm-screen-reader-text"">▢ </span></label></span><span class=""wprm-recipe-ingredient-amount"">½</span> <span class=""wprm-recipe-ingredient-unit"">teaspoon</span> <span class=""wprm-recipe-ingredient-name""><a class=""wprm-recipe-ingredient-link"" href=""https://twoplaidaprons.com/homemade-chinese-chili-oil/"" rel=""nofollow"" target=""_blank"">Chinese chili oil</a></span> <span class=""wprm-recipe-ingredient-notes wprm-recipe-ingredient-notes-smaller-faded"">*<em>see notes</em></span></li>",Chinese chili oil,chinese chili oil,0.5,teaspoon,ok,
twoplaidaprons,https://twoplaidaprons.com/doenjang-jjigae/,,,,,,,,,error,"1 validation error for IngredientData
quantity
  Input should be a valid number, unable to parse string as a number [type=float_parsing, input_value='2½', input_type=str]
    For further information visit https://errors.pydantic.dev/2.13/v/float_parsing"
twoplaidaprons,https://twoplaidaprons.com/durian-ice-cream-no-churn/,Durian Ice Cream (No Churn!),245.0,True,"<li class=""wprm-recipe-ingredient"" data-uid=""0"" style=""list-style-type: none;""><span class=""wprm-checkbox-container""><input aria-label="" 7 ounces durian pulp seedless (about 2 pods or 1 large)"" class=""wprm-checkbox"" id=""wprm-checkbox-0"" type=""checkbox""/><label class=""wprm-checkbox-label"" for=""wprm-checkbox-0""><span class=""sr-only screen-reader-text wprm-screen-reader-text"">▢ </span></label></span><span class=""wprm-recipe-ingredient-amount"">7</span> <span class=""wprm-recipe-ingredient-unit"">ounces</span> <span class=""wprm-recipe-ingredient-name"">durian pulp</span> <span class=""wprm-recipe-ingredient-notes wprm-recipe-ingredient-notes-smaller-faded"">seedless (about 2 pods or 1 large)</span></li>",durian pulp,durian pulp,7.0,ounces,ok,
twoplaidaprons,https://twoplaidaprons.com/durian-ice-cream-no-churn/,Durian Ice Cream (No Churn!),245.0,True,"<li class=""wprm-recipe-ingredient"" data-uid=""1"" style=""list-style-type: none;""><span class=""wprm-checkbox-container""><input aria-label="" ⅓ cup sweetened condensed milk"" class=""wprm-checkbox"" id=""wprm-checkbox-1"" type=""checkbox""/><label class=""wprm-checkbox-label"" for=""wprm-checkbox-1""><span class=""sr-only screen-reader-text wprm-screen-reader-text"">▢ </span></label></span><span class=""wprm-recipe-ingredient-amount"">⅓</span> <span class=""wprm-recipe-ingredient-unit"">cup</span> <span class=""wprm-recipe-ingredient-name""><a class=""wprm-recipe-ingredient-link"" href=""https://amzn.to/31wcR3P"" rel=""nofollow noreferrer"" target=""_blank"">sweetened condensed milk</a></span></li>",sweetened condensed milk,sweetened condensed milk,0.33,cup,ok,
twoplaidaprons,https://twoplaidaprons.com/durian-ice-cream-no-churn/,Durian Ice Cream (No Churn!),245.0,True,"<li class=""wprm-recipe-ingredient"" data-uid=""2"" style=""list-style-type: none;""><span class=""wprm-checkbox-container""><input aria-label="" 1½ cups heavy cream"" class=""wprm-checkbox"" id=""wprm-checkbox-2"" type=""checkbox""/><label class=""wprm-checkbox-label"" for=""wprm-checkbox-2""><span class=""sr-only screen-reader-text wprm-screen-reader-text"">▢ </span></label></span><span class=""wprm-recipe-ingredient-amount"">1½</span> <span class=""wprm-recipe-ingredient-unit"">cups</span> <span class=""wprm-recipe-ingredient-name"">heavy cream</span></li>",heavy cream,heavy cream,1.5,cups,ok,
twoplaidaprons,https://twoplaidaprons.com/dwaeji-galbijjim/,Dwaeji Galbijjim (Korean Braised Pork Ribs),100.0,True,"<li class=""wprm-recipe-ingredient"" data-uid=""0"" style=""list-style-type: none;""><span class=""wprm-checkbox-container""><input aria-label="" 2 pounds pork riblets or spare ribs cut into 1½ to 2 inches pieces"" class=""wprm-checkbox"" id=""wprm-checkbox-0"" type=""checkbox""/><label class=""wprm-checkbox-label"" for=""wprm-checkbox-0""><span class=""sr-only screen-reader-text wprm-screen-reader-text"">▢ </span></label></span><span class=""wprm-recipe-ingredient-amount"">2</span> <span class=""wprm-recipe-ingredient-unit"">pounds</span> <span class=""wprm-recipe-ingredient-name"">pork riblets</span> <span class=""wprm-recipe-ingredient-notes wprm-recipe-ingredient-notes-smaller-faded"">or spare ribs cut into 1½ to 2 inches pieces</span></li>",pork riblets,pork riblets,2.0,pounds,ok,
twoplaidaprons,https://twoplaidaprons.com/dwaeji-galbijjim/,Dwaeji Galbijjim (Korean Braised Pork Ribs),100.0,True,"<li class=""wprm-recipe-ingredient"" data-uid=""9"" style=""list-style-type: none;""><span class=""wprm-checkbox-container""><input aria-label="" 2 medium russet potato peeled and cut into 2 inch chunks"" class=""wprm-checkbox"" id=""wprm-checkbox-1"" type=""checkbox""/><label class=""wprm-checkbox-label"" for=""wprm-checkbox-1""><span class=""sr-only screen-reader-text wprm-screen-reader-text"">▢ </span></label></span><span class=""wprm-recipe-ingredient-amount"">2</span> <span class=""wprm-recipe-ingredient-unit"">medium</span> <span class=""wprm-recipe-ingredient-name"">russet potato</span> <span class=""wprm-recipe-ingredient-notes wprm-recipe-ingredient-notes-smaller-faded"">peeled and cut into 2 inch chunks</span></li>",russet potato,russet potato,2.0,medium,ok,
twoplaidaprons,https://twoplaidaprons.com/dwaeji-galbijjim/,Dwaeji Galbijjim (Korean Braised Pork Ribs),100.0,True,"<li class=""wprm-recipe-ingredient"" data-uid=""11"" style=""list-style-type: none;""><span class=""wprm-checkbox-container""><input aria-label="" 1 large carrot peeled and cut into 1 inch chunks"" class=""wprm-checkbox"" id=""wprm-checkbox-2"" type=""checkbox""/><label class=""wprm-checkbox-label"" for=""wprm-checkbox-2""><span class=""sr-only screen-reader-text wprm-screen-reader-text"">▢ </span></label></span><span class=""wprm-recipe-ingredient-amount"">1</span> <span class=""wprm-recipe-ingredient-unit"">large</span> <span class=""wprm-recipe-ingredient-name"">carrot</span> <span class=""wprm-recipe-ingredient-notes wprm-recipe-ingredient-notes-smaller-faded"">peeled and cut into 1 inch chunks</span></li>",carrot,carrot,1.0,large,ok,
twoplaidaprons,https://twoplaidaprons.com/dwaeji-galbijjim/,Dwaeji Galbijjim (Korean Braised Pork Ribs),100.0,True,"<li class=""wprm-recipe-ingredient"" data-uid=""12"" style=""list-style-type: none;""><span class=""wprm-checkbox-container""><input aria-label="" 1 large yellow onion peeled and cut into large pieces"" class=""wprm-checkbox"" id=""wprm-checkbox-3"" type=""checkbox""/><label class=""wprm-checkbox-label"" for=""wprm-checkbox-3""><span class=""sr-only screen-reader-text wprm-screen-reader-text"">▢ </span></label></span><span class=""wprm-recipe-ingredient-amount"">1</span> <span class=""wprm-recipe-ingredient-unit"">large</span> <span class=""wprm-recipe-ingredient-name"">yellow onion</span> <span class=""wprm-recipe-ingredient-notes wprm-recipe-ingredient-notes-smaller-faded"">peeled and cut into large pieces</span></li>",yellow onion,onion,1.0,large,ok,
twoplaidaprons,https://twoplaidaprons.com/dwaeji-galbijjim/,Dwaeji Galbijjim (Korean Braised Pork Ribs),100.0,True,"<li class=""wprm-recipe-ingredient"" data-uid=""13"" style=""list-style-type: none;""><span class=""wprm-checkbox-container""><input aria-label="" Green onions thinly sliced (optional for garnish)"" class=""wprm-checkbox"" id=""wprm-checkbox-4"" type=""checkbox""/><label class=""wprm-checkbox-label"" for=""wprm-checkbox-4""><span class=""sr-only screen-reader-text wprm-screen-reader-text"">▢ </span></label></span><span class=""wprm-recipe-ingredient-name"">Green onions</span> <span class=""wprm-recipe-ingredient-notes wprm-recipe-ingredient-notes-smaller-faded"">thinly sliced (optional for garnish)</span></li>",Green onions,green onions,,,ok,
twoplaidaprons,https://twoplaidaprons.com/dwaeji-galbijjim/,Dwaeji Galbijjim (Korean Braised Pork Ribs),100.0,True,"<li class=""wprm-recipe-ingredient"" data-uid=""14"" style=""list-style-type: none;""><span class=""wprm-checkbox-container""><input aria-label="" Cooked white rice (for serving)"" class=""wprm-checkbox"" id=""wprm-checkbox-5"" type=""checkbox""/><label class=""wprm-checkbox-label"" for=""wprm-checkbox-5""><span class=""sr-only screen-reader-text wprm-screen-reader-text"">▢ </span></label></span><span class=""wprm-recipe-ingredient-name"">Cooked white rice</span> <span class=""wprm-recipe-ingredient-notes wprm-recipe-ingredient-notes-smaller-faded"">(for serving)</span></li>",Cooked white rice,cooked  rice,,,ok,
twoplaidaprons,https://twoplaidaprons.com/dwaeji-galbijjim/,Dwaeji Galbijjim (Korean Braised Pork Ribs),100.0,True,"<li class=""wprm-recipe-ingredient"" data-uid=""4"" style=""list-style-type: none;""><span class=""wprm-checkbox-container""><input aria-label="" ½ cup regular soy sauce"" class=""wprm-checkbox"" id=""wprm-checkbox-6"" type=""checkbox""/><label class=""wprm-checkbox-label"" for=""wprm-checkbox-6""><span class=""sr-only screen-reader-text wprm-screen-reader-text"">▢ </span></label></span><span class=""wprm-recipe-ingredient-amount"">½</span> <span class=""wprm-recipe-ingredient-unit"">cup</span> <span class=""wprm-recipe-ingredient-name""><a class=""wprm-recipe-ingredient-link"" href=""https://amzn.to/4aG8YfV"" rel=""nofollow noreferrer"" target=""_blank"">regular soy sauce</a></span></li>",regular soy sauce,regular soy sauce,0.5,cup,ok,
twoplaidaprons,https://twoplaidaprons.com/dwaeji-galbijjim/,Dwaeji Galbijjim (Korean Braised Pork Ribs),100.0,True,"<li class=""wprm-recipe-ingredient"" data-uid=""5"" style=""list-style-type: none;""><span class=""wprm-checkbox-container""><input aria-label="" ¼ cup dark brown sugar packed"" class=""wprm-checkbox"" id=""wprm-checkbox-7"" type=""checkbox""/><label class=""wprm-checkbox-label"" for=""wprm-checkbox-7""><span class=""sr-only screen-reader-text wprm-screen-reader-text"">▢ </span></label></span><span class=""wprm-recipe-ingredient-amount"">¼</span> <span class=""wprm-recipe-ingredient-unit"">cup</span> <span class=""wprm-recipe-ingredient-name""><a class=""wprm-recipe-ingredient-link"" href=""https://amzn.to/3fo9Ut0"" rel=""nofollow noreferrer"" target=""_blank"">dark brown sugar</a></span> <span class=""wprm-recipe-ingredient-notes wprm-recipe-ingredient-notes-smaller-faded"">packed</span></li>",dark brown sugar,dark brown sugar,0.25,cup,ok,
twoplaidaprons,https://twoplaidaprons.com/dwaeji-galbijjim/,Dwaeji Galbijjim (Korean Braised Pork Ribs),100.0,True,"<li class=""wprm-recipe-ingredient"" data-uid=""6"" style=""list-style-type: none;""><span class=""wprm-checkbox-container""><input aria-label="" 2 tablespoons Shaoxing rice wine"" class=""wprm-checkbox"" id=""wprm-checkbox-8"" type=""checkbox""/><label class=""wprm-checkbox-label"" for=""wprm-checkbox-8""><span class=""sr-only screen-reader-text wprm-screen-reader-text"">▢ </span></label></span><span class=""wprm-recipe-ingredient-amount"">2</span> <span class=""wprm-recipe-ingredient-unit"">tablespoons</span> <span class=""wprm-recipe-ingredient-name""><a class=""wprm-recipe-ingredient-link"" href=""https://amzn.to/4hZSKku"" rel=""nofollow noreferrer"" target=""_blank"">Shaoxing rice wine</a></span></li>",Shaoxing rice wine,shaoxing rice wine,2.0,tablespoons,ok,
twoplaidaprons,https://twoplaidaprons.com/dwaeji-galbijjim/,Dwaeji Galbijjim (Korean Braised Pork Ribs),100.0,True,"<li class=""wprm-recipe-ingredient"" data-uid=""1"" style=""list-style-type: none;""><span class=""wprm-checkbox-container""><input aria-label="" ½ large apple cored, peeled, and cut into smaller chunks (preferably Fuji apples)"" class=""wprm-checkbox"" id=""wprm-checkbox-9"" type=""checkbox""/><label class=""wprm-checkbox-label"" for=""wprm-checkbox-9""><span class=""sr-only screen-reader-text wprm-screen-reader-text"">▢ </span></label></span><span class=""wprm-recipe-ingredient-amount"">½</span> <span class=""wprm-recipe-ingredient-unit"">large</span> <span class=""wprm-recipe-ingredient-name"">apple</span> <span class=""wprm-recipe-ingredient-notes wprm-recipe-ingredient-notes-smaller-faded"">cored, peeled, and cut into smaller chunks (preferably Fuji apples)</span></li>",apple,apple,0.5,large,ok,
twoplaidaprons,https://twoplaidaprons.com/dwaeji-galbijjim/,Dwaeji Galbijjim (Korean Braised Pork Ribs),100.0,True,"<li class=""wprm-recipe-ingredient"" data-uid=""2"" style=""list-style-type: none;""><span class=""wprm-checkbox-container""><input aria-label="" 2 cloves garlic"" class=""wprm-checkbox"" id=""wprm-checkbox-10"" type=""checkbox""/><label class=""wprm-checkbox-label"" for=""wprm-checkbox-10""><span class=""sr-only screen-reader-text wprm-screen-reader-text"">▢ </span></label></span><span class=""wprm-recipe-ingredient-amount"">2</span> <span class=""wprm-recipe-ingredient-unit"">cloves</span> <span class=""wprm-recipe-ingredient-name"">garlic</span></li>",garlic,garlic,2.0,cloves,ok,
twoplaidaprons,https://twoplaidaprons.com/dwaeji-galbijjim/,Dwaeji Galbijjim (Korean Braised Pork Ribs),100.0,True,"<li class=""wprm-recipe-ingredient"" data-uid=""3"" style=""list-style-type: none;""><span class=""wprm-checkbox-container""><input aria-label="" 1 inch knob of ginger peeled and cut into smaller pieces"" class=""wprm-checkbox"" id=""wprm-checkbox-11"" type=""checkbox""/><label class=""wprm-checkbox-label"" for=""wprm-checkbox-11""><span class=""sr-only screen-reader-text wprm-screen-reader-text"">▢ </span></label></span><span class=""wprm-recipe-ingredient-amount"">1</span> <span class=""wprm-recipe-ingredient-unit"">inch</span> <span class=""wprm-recipe-ingredient-name"">knob of ginger</span> <span class=""wprm-recipe-ingredient-notes wprm-recipe-ingredient-notes-smaller-faded"">peeled and cut into smaller pieces</span></li>",knob of ginger,ginger,1.0,inch,ok,
twoplaidaprons,https://twoplaidaprons.com/dwaeji-galbijjim/,Dwaeji Galbijjim (Korean Braised Pork Ribs),100.0,True,"<li class=""wprm-recipe-ingredient"" data-uid=""7"" style=""list-style-type: none;""><span class=""wprm-checkbox-container""><input aria-label="" Few cracks of black pepper"" class=""wprm-checkbox"" id=""wprm-checkbox-12"" type=""checkbox""/><label class=""wprm-checkbox-label"" for=""wprm-checkbox-12""><span class=""sr-only screen-reader-text wprm-screen-reader-text"">▢ </span></label></span><span class=""wprm-recipe-ingredient-name"">Few cracks of black pepper</span></li>",Few cracks of black pepper,few cracks  black pepper,,,ok,
twoplaidaprons,https://twoplaidaprons.com/easy-10-minute-egg-drop-soup/,,,,,,,,,error,"1 validation error for IngredientData
quantity
  Input should be a valid number, unable to parse string as a number [type=float_parsing, input_value='3-5', input_type=str]
    For further information visit https://errors.pydantic.dev/2.13/v/float_parsing"
healthysimpleyum,https://healthysimpleyum.com/1-pot-curry-lentil-soup/,Vegan Lentil Curry Soup (Easy and Quick 1-Pot Recipe),30.0,True,"<li><span data-amount=""6"" data-unit=""cup"">6 cups</span> of vegetable broth</li>",of vegetable broth,vegetable broth,6.0,cup,ok,
healthysimpleyum,https://healthysimpleyum.com/1-pot-curry-lentil-soup/,Vegan Lentil Curry Soup (Easy and Quick 1-Pot Recipe),30.0,True,"<li><span data-amount=""1"">1</span> can of whole coconut milk</li>",can of whole coconut milk,can  whole coconut milk,1.0,,ok,
healthysimpleyum,https://healthysimpleyum.com/1-pot-curry-lentil-soup/,Vegan Lentil Curry Soup (Easy and Quick 1-Pot Recipe),30.0,True,"<li><span data-amount=""2"">2</span> medium sweet potatoes</li>",medium sweet potatoes,sweet potatoes,2.0,,ok,
healthysimpleyum,https://healthysimpleyum.com/1-pot-curry-lentil-soup/,Vegan Lentil Curry Soup (Easy and Quick 1-Pot Recipe),30.0,True,"<li><span data-amount=""1"">1</span> medium onion</li>",medium onion,onion,1.0,,ok,
healthysimpleyum,https://healthysimpleyum.com/1-pot-curry-lentil-soup/,Vegan Lentil Curry Soup (Easy and Quick 1-Pot Recipe),30.0,True,"<li><span data-amount=""1"" data-unit=""cup"">1 cup</span> green or brown lentils</li>",green or brown lentils,green  brown lentils,1.0,cup,ok,
healthysimpleyum,https://healthysimpleyum.com/1-pot-curry-lentil-soup/,Vegan Lentil Curry Soup (Easy and Quick 1-Pot Recipe),30.0,True,"<li><span data-amount=""0.5"" data-unit=""cup"">½ cup</span> red lentils</li>",red lentils,red lentils,0.5,cup,ok,
healthysimpleyum,https://healthysimpleyum.com/1-pot-curry-lentil-soup/,Vegan Lentil Curry Soup (Easy and Quick 1-Pot Recipe),30.0,True,"<li><span data-amount=""2"">2</span> medium carrots</li>",medium carrots,carrots,2.0,,ok,
healthysimpleyum,https://healthysimpleyum.com/1-pot-curry-lentil-soup/,Vegan Lentil Curry Soup (Easy and Quick 1-Pot Recipe),30.0,True,"<li><span data-amount=""2"">2</span>–<span data-amount=""3"">3</span> cups of spinach</li>",cups of spinach,cups  spinach,2.0,,ok,
healthysimpleyum,https://healthysimpleyum.com/1-pot-curry-lentil-soup/,Vegan Lentil Curry Soup (Easy and Quick 1-Pot Recipe),30.0,True,"<li><span data-amount=""0.25"" data-unit=""cup"">¼ cup</span> tomato paste</li>",tomato paste,tomato paste,0.25,cup,ok,
healthysimpleyum,https://healthysimpleyum.com/1-pot-curry-lentil-soup/,Vegan Lentil Curry Soup (Easy and Quick 1-Pot Recipe),30.0,True,"<li><span data-amount=""1"" data-unit=""tablespoon"">1 tablespoon</span> of olive oil</li>",of olive oil,olive oil,1.0,tablespoon,ok,
healthysimpleyum,https://healthysimpleyum.com/1-pot-curry-lentil-soup/,Vegan Lentil Curry Soup (Easy and Quick 1-Pot Recipe),30.0,True,"<li><span data-amount=""1"" data-unit=""teaspoon"">1 teaspoon</span> curry powder</li>",curry powder,curry powder,1.0,teaspoon,ok,
healthysimpleyum,https://healthysimpleyum.com/1-pot-curry-lentil-soup/,Vegan Lentil Curry Soup (Easy and Quick 1-Pot Recipe),30.0,True,"<li><span data-amount=""0.5"" data-unit=""teaspoon"">½ teaspoon</span> garam masala</li>",garam masala,garam masala,0.5,teaspoon,ok,
healthysimpleyum,https://healthysimpleyum.com/1-pot-curry-lentil-soup/,Vegan Lentil Curry Soup (Easy and Quick 1-Pot Recipe),30.0,True,"<li><span data-amount=""4"">4</span> cloves of garlic</li>",cloves of garlic,cloves  garlic,4.0,,ok,
healthysimpleyum,https://healthysimpleyum.com/1-pot-curry-lentil-soup/,Vegan Lentil Curry Soup (Easy and Quick 1-Pot Recipe),30.0,True,<li>Salt and pepper to taste</li>,Salt and pepper to taste,salt  pepper to taste,,,ok,
healthysimpleyum,https://healthysimpleyum.com/3-bean-salad-recipe/,3 Bean Salad Recipe - Healthy Simple Yum,15.0,True,"<li><span class=""nutrifox-quantity"" data-amount=""1"" data-nf-food-description=""Beans, black, mature seeds, canned, low sodium"" data-nf-food-id=""4961"" data-nf-metric=""240"" data-nf-metric-unit=""gram"" data-nf-original=""usc"" data-nf-usc=""1"" data-nf-usc-unit=""cup"" data-unit=""cup"">1</span> <span class=""nutrifox-unit"" data-nf-food-description=""Beans, black, mature seeds, canned, low sodium"" data-nf-food-id=""4961"" data-nf-metric=""gram"" data-nf-original=""usc"" data-nf-usc=""cup"">cup</span> black beans, cooked/canned</li>","black beans, cooked/canned",black beans cooked/canned,1.0,cup,ok,
healthysimpleyum,https://healthysimpleyum.com/3-bean-salad-recipe/,3 Bean Salad Recipe - Healthy Simple Yum,15.0,True,"<li><span class=""nutrifox-quantity"" data-amount=""1"" data-nf-food-description=""Beans, black turtle, mature seeds, canned"" data-nf-food-id=""4757"" data-nf-metric=""240"" data-nf-metric-unit=""gram"" data-nf-original=""usc"" data-nf-usc=""1"" data-nf-usc-unit=""cup"" data-unit=""cup"">1</span> <span class=""nutrifox-unit"" data-nf-food-description=""Beans, black turtle, mature seeds, canned"" data-nf-food-id=""4757"" data-nf-metric=""gram"" data-nf-original=""usc"" data-nf-usc=""cup"">cup</span> pinto or Peruvian beans, cooked/canned</li>","pinto or Peruvian beans, cooked/canned",pinto  peruvian beans cooked/canned,1.0,cup,ok,
healthysimpleyum,https://healthysimpleyum.com/3-bean-salad-recipe/,3 Bean Salad Recipe - Healthy Simple Yum,15.0,True,"<li><span class=""nutrifox-quantity"" data-amount=""1"" data-nf-food-description=""Chickpeas (garbanzo beans, bengal gram), mature seeds, canned, solids and liquids"" data-nf-food-id=""4797"" data-nf-metric=""240"" data-nf-metric-unit=""gram"" data-nf-original=""usc"" data-nf-usc=""1"" data-nf-usc-unit=""cup"" data-unit=""cup"">1</span> <span class=""nutrifox-unit"" data-nf-food-description=""Chickpeas (garbanzo beans, bengal gram), mature seeds, canned, solids and liquids"" data-nf-food-id=""4797"" data-nf-metric=""gram"" data-nf-original=""usc"" data-nf-usc=""cup"">cup</span> chickpeas, cooked/canned</li>","chickpeas, cooked/canned",chickpeas cooked/canned,1.0,cup,ok,
healthysimpleyum,https://healthysimpleyum.com/3-bean-salad-recipe/,3 Bean Salad Recipe - Healthy Simple Yum,15.0,True,"<li><span class=""nutrifox-quantity"" data-amount=""1"" data-nf-food-description=""Corn, sweet, yellow, raw"" data-nf-food-id=""2932"" data-nf-metric=""145"" data-nf-metric-unit=""gram"" data-nf-original=""usc"" data-nf-usc=""1"" data-nf-usc-unit=""cup"" data-unit=""cup"">1</span> <span class=""nutrifox-unit"" data-nf-food-description=""Corn, sweet, yellow, raw"" data-nf-food-id=""2932"" data-nf-metric=""gram"" data-nf-original=""usc"" data-nf-usc=""cup"">cup</span> corn kernels, cooked/canned</li>","corn kernels, cooked/canned",corn kernels cooked/canned,1.0,cup,ok,
healthysimpleyum,https://healthysimpleyum.com/3-bean-salad-recipe/,3 Bean Salad Recipe - Healthy Simple Yum,15.0,True,"<li><span class=""nutrifox-quantity"" data-amount=""1"" data-nf-food-description=""Peppers, sweet, red, raw"" data-nf-food-id=""3438"" data-nf-metric=""149"" data-nf-metric-unit=""gram"" data-nf-original=""usc"" data-nf-usc=""1"" data-nf-usc-unit=""cup"" data-unit=""cup"">1</span> <span class=""nutrifox-unit"" data-nf-food-description=""Peppers, sweet, red, raw"" data-nf-food-id=""3438"" data-nf-metric=""gram"" data-nf-original=""usc"" data-nf-usc=""cup"">cup</span> Nature’s Sweet Cherub tomatoes, halved</li>","Nature’s Sweet Cherub tomatoes, halved",nature’s sweet cherub tomatoes halved,1.0,cup,ok,
healthysimpleyum,https://healthysimpleyum.com/3-bean-salad-recipe/,3 Bean Salad Recipe - Healthy Simple Yum,15.0,True,"<li><span data-amount=""1"">1</span> large avocado, diced</li>","large avocado, diced",avocado,1.0,,ok,
healthysimpleyum,https://healthysimpleyum.com/3-bean-salad-recipe/,3 Bean Salad Recipe - Healthy Simple Yum,15.0,True,"<li><span class=""nutrifox-quantity"" data-amount=""0.5"" data-nf-food-description=""Coriander (cilantro) leaves, raw"" data-nf-food-id=""2931"" data-nf-metric=""8"" data-nf-metric-unit=""gram"" data-nf-original=""usc"" data-nf-usc=""0.5"" data-nf-usc-unit=""cup"" data-unit=""cup"">½</span> <span class=""nutrifox-unit"" data-nf-food-description=""Coriander (cilantro) leaves, raw"" data-nf-food-id=""2931"" data-nf-metric=""gram"" data-nf-original=""usc"" data-nf-usc=""cup"">cup</span> cilantro, minced</li>","cilantro, minced",cilantro,0.5,cup,ok,
healthysimpleyum,https://healthysimpleyum.com/3-bean-salad-recipe/,3 Bean Salad Recipe - Healthy Simple Yum,15.0,True,"<li><span data-amount=""0.5"">½</span> red bell pepper, diced</li>","red bell pepper, diced",red bell pepper,0.5,,ok,
healthysimpleyum,https://healthysimpleyum.com/3-bean-salad-recipe/,3 Bean Salad Recipe - Healthy Simple Yum,15.0,True,"<li><span data-amount=""1"">1</span> jalapeno pepper, diced (optional)</li>","jalapeno pepper, diced (optional)",jalapeno pepper,1.0,,ok,
healthysimpleyum,https://healthysimpleyum.com/3-bean-salad-recipe/,3 Bean Salad Recipe - Healthy Simple Yum,15.0,True,"<li><span data-amount=""0.25"" data-unit=""tsp"">¼ tsp</span> garlic powder (optional)</li>",garlic powder (optional),garlic powder,0.25,tsp,ok,
healthysimpleyum,https://healthysimpleyum.com/3-bean-salad-recipe/,3 Bean Salad Recipe - Healthy Simple Yum,15.0,True,"<li><span data-amount=""2"">2</span>–<span data-amount=""3"">3</span> limes, juiced</li>","limes, juiced",limes juiced,2.0,,ok,
healthysimpleyum,https://healthysimpleyum.com/3-bean-salad-recipe/,3 Bean Salad Recipe - Healthy Simple Yum,15.0,True,<li>Salt and peppers to taste</li>,Salt and peppers to taste,salt  peppers to taste,,,ok,
healthysimpleyum,https://healthysimpleyum.com/agua-de-jamaica-recipe/,Agua de Jamaica Recipe (Hibiscus drink recipe),40.0,True,"<li><span class=""nutrifox-quantity"" data-amount=""1"">1</span> <span class=""nutrifox-unit"">cup</span> dried Jamaica (hibiscus flowers)</li>",dried Jamaica (hibiscus flowers),jamaica hibiscus flowers,1.0,cup,ok,
healthysimpleyum,https://healthysimpleyum.com/agua-de-jamaica-recipe/,Agua de Jamaica Recipe (Hibiscus drink recipe),40.0,True,"<li><span class=""nutrifox-quantity"" data-amount=""8"" data-nf-food-description=""Beverages, water, tap, drinking"" data-nf-food-id=""4384"" data-nf-metric=""1.9"" data-nf-metric-unit=""liter"" data-nf-original=""usc"" data-nf-usc=""8"" data-nf-usc-unit=""cup"" data-unit=""cup"">8</span> <span class=""nutrifox-unit"" data-nf-food-description=""Beverages, water, tap, drinking"" data-nf-food-id=""4384"" data-nf-metric=""liter"" data-nf-original=""usc"" data-nf-usc=""cup"">cups</span> boiling water</li>",boiling water,boiling water,8.0,cups,ok,
healthysimpleyum,https://healthysimpleyum.com/agua-de-jamaica-recipe/,Agua de Jamaica Recipe (Hibiscus drink recipe),40.0,True,"<li><span class=""nutrifox-quantity"" data-amount=""0.25"" data-nf-food-description=""Sweeteners, sugar substitute, granulated, brown"" data-nf-food-id=""6458"" data-nf-metric=""5.75"" data-nf-metric-unit=""gram"" data-nf-original=""usc"" data-nf-usc=""0.25"" data-nf-usc-unit=""cup"" data-unit=""cup"">¼</span> <span class=""nutrifox-unit"" data-nf-food-description=""Sweeteners, sugar substitute, granulated, brown"" data-nf-food-id=""6458"" data-nf-metric=""gram"" data-nf-original=""usc"" data-nf-usc=""cup"">cup</span> sugar or sugar substitute</li>",sugar or sugar substitute,sugar  sugar substitute,0.25,cup,ok,
healthysimpleyum,https://healthysimpleyum.com/air-fried-brussel-sprouts/,Air Fried Brussel Sprouts (Easy & Vegan!),20.0,True,"<li><span data-amount=""2"" data-unit=""cup"">2 cups</span> brussel sprouts</li>",brussel sprouts,brussel sprouts,2.0,cup,ok,
healthysimpleyum,https://healthysimpleyum.com/air-fried-brussel-sprouts/,Air Fried Brussel Sprouts (Easy & Vegan!),20.0,True,"<li><span data-amount=""1"" data-unit=""tbsp"">1 tbsp</span> olive oil</li>",olive oil,olive oil,1.0,tbsp,ok,
healthysimpleyum,https://healthysimpleyum.com/air-fried-brussel-sprouts/,Air Fried Brussel Sprouts (Easy & Vegan!),20.0,True,"<li><span data-amount=""2"" data-unit=""tbsp"">2 tbsp</span> tamari or soy sauce</li>",tamari or soy sauce,tamari  soy sauce,2.0,tbsp,ok,
healthysimpleyum,https://healthysimpleyum.com/air-fried-brussel-sprouts/,Air Fried Brussel Sprouts (Easy & Vegan!),20.0,True,"<li><span data-amount=""1"" data-unit=""tbsp"">1 tbsp</span> agave or maple syrup</li>",agave or maple syrup,agave  maple syrup,1.0,tbsp,ok,
healthysimpleyum,https://healthysimpleyum.com/air-fried-brussel-sprouts/,Air Fried Brussel Sprouts (Easy & Vegan!),20.0,True,"<li><span data-amount=""0.5"" data-unit=""tsp"">½ tsp</span> garlic powder</li>",garlic powder,garlic powder,0.5,tsp,ok,
healthysimpleyum,https://healthysimpleyum.com/air-fried-brussel-sprouts/,Air Fried Brussel Sprouts (Easy & Vegan!),20.0,True,"<li><span data-amount=""0.5"" data-unit=""tsp"">½ tsp</span> onion powder</li>",onion powder,onion powder,0.5,tsp,ok,
healthysimpleyum,https://healthysimpleyum.com/air-fried-brussel-sprouts/,Air Fried Brussel Sprouts (Easy & Vegan!),20.0,True,"<li><span data-amount=""1"" data-unit=""tbsp"">1 tbsp</span> corn starch</li>",corn starch,corn starch,1.0,tbsp,ok,
healthysimpleyum,https://healthysimpleyum.com/albondigas-soup-recipe/,Albondigas Soup (Authentic Mexican Meatball Soup),30.0,True,"<li><span class=""nutrifox-quantity"" data-amount=""8"" data-nf-food-description=""SWANSON BROTH, Certified Organic Vegetable Broth"" data-nf-food-id=""1539"" data-nf-metric=""1.9"" data-nf-metric-unit=""liter"" data-nf-original=""usc"" data-nf-usc=""8"" data-nf-usc-unit=""cup"" data-unit=""cup"">8</span> <span class=""nutrifox-unit"" data-nf-food-description=""SWANSON BROTH, Certified Organic Vegetable Broth"" data-nf-food-id=""1539"" data-nf-metric=""liter"" data-nf-original=""usc"" data-nf-usc=""cup"">cups</span> vegetable broth</li>",vegetable broth,vegetable broth,8.0,cups,ok,
healthysimpleyum,https://healthysimpleyum.com/albondigas-soup-recipe/,Albondigas Soup (Authentic Mexican Meatball Soup),30.0,True,"<li><span data-amount=""1"">1</span> packet vegan ground meat (I used <a href=""https://impossiblefoods.com/"">Impossible</a>)</li>",packet vegan ground meat (I used Impossible ),packet vegan  meat i used impossible,1.0,,ok,
healthysimpleyum,https://healthysimpleyum.com/albondigas-soup-recipe/,Albondigas Soup (Authentic Mexican Meatball Soup),30.0,True,"<li><span data-amount=""1"" data-unit=""tbsp"">1 tbsp</span> all-purpose flour (optional, see above)</li>","all-purpose flour (optional, see above)",allpurpose flour  see above,1.0,tbsp,ok,
healthysimpleyum,https://healthysimpleyum.com/albondigas-soup-recipe/,Albondigas Soup (Authentic Mexican Meatball Soup),30.0,True,"<li><span data-amount=""1"">1</span> chayote squash</li>",chayote squash,chayote squash,1.0,,ok,
healthysimpleyum,https://healthysimpleyum.com/albondigas-soup-recipe/,Albondigas Soup (Authentic Mexican Meatball Soup),30.0,True,"<li><span data-amount=""1"">1</span> Mexican zucchini</li>",Mexican zucchini,mexican zucchini,1.0,,ok,
healthysimpleyum,https://healthysimpleyum.com/albondigas-soup-recipe/,Albondigas Soup (Authentic Mexican Meatball Soup),30.0,True,"<li><span data-amount=""2"">2</span>–<span data-amount=""3"">3</span> potatoes</li>",potatoes,potatoes,2.0,,ok,
healthysimpleyum,https://healthysimpleyum.com/albondigas-soup-recipe/,Albondigas Soup (Authentic Mexican Meatball Soup),30.0,True,"<li><span data-amount=""0.5"">½</span> medium onion</li>",medium onion,onion,0.5,,ok,
healthysimpleyum,https://healthysimpleyum.com/albondigas-soup-recipe/,Albondigas Soup (Authentic Mexican Meatball Soup),30.0,True,"<li><span data-amount=""1"">1</span> ear of corn</li>",ear of corn,ear  corn,1.0,,ok,
healthysimpleyum,https://healthysimpleyum.com/albondigas-soup-recipe/,Albondigas Soup (Authentic Mexican Meatball Soup),30.0,True,"<li><span data-amount=""2"">2</span> carrots</li>",carrots,carrots,2.0,,ok,
healthysimpleyum,https://healthysimpleyum.com/albondigas-soup-recipe/,Albondigas Soup (Authentic Mexican Meatball Soup),30.0,True,"<li><span data-amount=""3"">3</span> tomatoes</li>",tomatoes,tomatoes,3.0,,ok,
healthysimpleyum,https://healthysimpleyum.com/albondigas-soup-recipe/,Albondigas Soup (Authentic Mexican Meatball Soup),30.0,True,"<li><span data-amount=""2"">2</span> dry chiles guajillo, soaked or (<span data-amount=""2"" data-unit=""tbsp"">2 tbsp</span> guajillo powder)</li>","dry chiles guajillo, soaked or ( guajillo powder)",dry chiles guajillo soaked   guajillo powder,2.0,,ok,
healthysimpleyum,https://healthysimpleyum.com/albondigas-soup-recipe/,Albondigas Soup (Authentic Mexican Meatball Soup),30.0,True,"<li><span class=""nutrifox-quantity"" data-amount=""0.333333"" data-nf-food-description=""Rice, white, medium-grain, cooked, unenriched"" data-nf-food-id=""6618"" data-nf-metric=""62"" data-nf-metric-unit=""gram"" data-nf-original=""usc"" data-nf-usc=""0.333333"" data-nf-usc-unit=""cup"" data-unit=""cup"">⅓</span> <span class=""nutrifox-unit"" data-nf-food-description=""Rice, white, medium-grain, cooked, unenriched"" data-nf-food-id=""6618"" data-nf-metric=""gram"" data-nf-original=""usc"" data-nf-usc=""cup"">cup</span> rice, dry</li>","rice, dry",rice dry,0.33,cup,ok,
healthysimpleyum,https://healthysimpleyum.com/albondigas-soup-recipe/,Albondigas Soup (Authentic Mexican Meatball Soup),30.0,True,"<li><span data-amount=""4"">4</span> garlic cloves</li>",garlic cloves,garlic cloves,4.0,,ok,
healthysimpleyum,https://healthysimpleyum.com/albondigas-soup-recipe/,Albondigas Soup (Authentic Mexican Meatball Soup),30.0,True,"<li>Mint, small handful</li>","Mint, small handful",mint  handful,,,ok,
healthysimpleyum,https://healthysimpleyum.com/albondigas-soup-recipe/,Albondigas Soup (Authentic Mexican Meatball Soup),30.0,True,"<li>Cilantro, small handful</li>","Cilantro, small handful",cilantro  handful,,,ok,
healthysimpleyum,https://healthysimpleyum.com/albondigas-soup-recipe/,Albondigas Soup (Authentic Mexican Meatball Soup),30.0,True,<li>Salt to taste</li>,Salt to taste,salt to taste,,,ok,
healthysimpleyum,https://healthysimpleyum.com/apple-pecan-salad/,Apple Pecan Salad (Easy and Nutritious),15.0,True,"<li><span data-amount=""4"">4</span>–<span data-amount=""6"">6</span> cups arugula</li>",cups arugula,cups arugula,4.0,,ok,
healthysimpleyum,https://healthysimpleyum.com/apple-pecan-salad/,Apple Pecan Salad (Easy and Nutritious),15.0,True,"<li><span data-amount=""1"">1</span> apple, diced</li>","apple, diced",apple,1.0,,ok,
healthysimpleyum,https://healthysimpleyum.com/apple-pecan-salad/,Apple Pecan Salad (Easy and Nutritious),15.0,True,"<li><span data-amount=""0.75"" data-unit=""cup"">¾ cup</span> pecans</li>",pecans,pecans,0.75,cup,ok,
healthysimpleyum,https://healthysimpleyum.com/apple-pecan-salad/,Apple Pecan Salad (Easy and Nutritious),15.0,True,"<li><span data-amount=""0.5"" data-unit=""cup"">½ cup</span> dried cranberries</li>",dried cranberries,cranberries,0.5,cup,ok,
healthysimpleyum,https://healthysimpleyum.com/apple-pecan-salad/,Apple Pecan Salad (Easy and Nutritious),15.0,True,"<li><span data-amount=""1"" data-unit=""cup"">1 cup</span> quinoa, cooked</li>","quinoa, cooked",quinoa cooked,1.0,cup,ok,
healthysimpleyum,https://healthysimpleyum.com/apple-pecan-salad/,Apple Pecan Salad (Easy and Nutritious),15.0,True,"<li><span data-amount=""1"" data-unit=""cup"">1 cup</span> cherry tomatoes, sliced in half</li>","cherry tomatoes, sliced in half",cherry tomatoes sliced in half,1.0,cup,ok,
healthysimpleyum,https://healthysimpleyum.com/apple-pecan-salad/,Apple Pecan Salad (Easy and Nutritious),15.0,True,"<li><span data-amount=""0.5"" data-unit=""cup"">½ cup</span> pecans</li>",pecans,pecans,0.5,cup,ok,
healthysimpleyum,https://healthysimpleyum.com/apple-pecan-salad/,Apple Pecan Salad (Easy and Nutritious),15.0,True,"<li><span data-amount=""2"" data-unit=""tbsp"">2 tbsp</span> maple syrup</li>",maple syrup,maple syrup,2.0,tbsp,ok,
healthysimpleyum,https://healthysimpleyum.com/apple-pecan-salad/,Apple Pecan Salad (Easy and Nutritious),15.0,True,"<li><span data-amount=""0.25"" data-unit=""cup"">¼ cup</span> olive oil</li>",olive oil,olive oil,0.25,cup,ok,
healthysimpleyum,https://healthysimpleyum.com/apple-pecan-salad/,Apple Pecan Salad (Easy and Nutritious),15.0,True,"<li><span data-amount=""0.25"" data-unit=""cup"">¼ cup</span> rice vinegar</li>",rice vinegar,rice vinegar,0.25,cup,ok,
healthysimpleyum,https://healthysimpleyum.com/apple-pecan-salad/,Apple Pecan Salad (Easy and Nutritious),15.0,True,"<li><span data-amount=""0.75"" data-unit=""cup"">¾ cup</span> water</li>",water,water,0.75,cup,ok,
healthysimpleyum,https://healthysimpleyum.com/apple-pecan-salad/,Apple Pecan Salad (Easy and Nutritious),15.0,True,"<li><span data-amount=""1"">1</span> shallot (optional)</li>",shallot (optional),shallot,1.0,,ok,
healthysimpleyum,https://healthysimpleyum.com/apple-pecan-salad/,Apple Pecan Salad (Easy and Nutritious),15.0,True,"<li><span data-amount=""0.5"" data-unit=""tsp"">½ tsp</span> salt or to taste</li>",salt or to taste,salt  to taste,0.5,tsp,ok,
healthysimpleyum,https://healthysimpleyum.com/arepa-recipe/,Easy Vegan Arepa Recipe - Healthy Simple Yum,30.0,True,"<li><span data-amount=""1"" data-unit=""cup"">1 cup</span> <a href=""https://www.amazon.com/dp/B00TADY892/"">pre-cooked corn flou</a>r (I use P.A.N.)</li>",pre-cooked corn flou r (I use P.A.N.),precooked corn flou r i use pan,1.0,cup,ok,
healthysimpleyum,https://healthysimpleyum.com/arepa-recipe/,Easy Vegan Arepa Recipe - Healthy Simple Yum,30.0,True,"<li><span data-amount=""1"" data-unit=""cup"">1 cup</span> warm water</li>",warm water,water,1.0,cup,ok,
healthysimpleyum,https://healthysimpleyum.com/arepa-recipe/,Easy Vegan Arepa Recipe - Healthy Simple Yum,30.0,True,"<li><span data-amount=""0.5"" data-unit=""tsp"">½ tsp</span> salt</li>",salt,salt,0.5,tsp,ok,
healthysimpleyum,https://healthysimpleyum.com/arepa-recipe/,Easy Vegan Arepa Recipe - Healthy Simple Yum,30.0,True,"<li><span data-amount=""1"" data-unit=""tbsp"">1 tbsp</span> melted butter (see above for options)</li>",melted butter (see above for options),melted butter see above for options,1.0,tbsp,ok,
healthysimpleyum,https://healthysimpleyum.com/arepa-recipe/,Easy Vegan Arepa Recipe - Healthy Simple Yum,30.0,True,"<li><span data-amount=""0.75"" data-unit=""cup"">¾ cup</span> mozzarella shreds</li>",mozzarella shreds,mozzarella shreds,0.75,cup,ok,
healthysimpleyum,https://healthysimpleyum.com/arroz-integral-mexicano/,Arroz Integral Mexicano (Mexican Brown Rice) Recipe,50.0,True,"<li><span data-amount=""1"" data-unit=""cup"">1 cup</span> of brown rice</li>",of brown rice,brown rice,1.0,cup,ok,
healthysimpleyum,https://healthysimpleyum.com/arroz-integral-mexicano/,Arroz Integral Mexicano (Mexican Brown Rice) Recipe,50.0,True,"<li><span data-amount=""0.25"" data-unit=""cup"">¼ cup</span> white onion</li>",white onion,onion,0.25,cup,ok,
healthysimpleyum,https://healthysimpleyum.com/arroz-integral-mexicano/,Arroz Integral Mexicano (Mexican Brown Rice) Recipe,50.0,True,"<li><span data-amount=""1"" data-unit=""cup"">1 cup</span> tomatoes, roughly chopped</li>","tomatoes, roughly chopped",tomatoes roughly,1.0,cup,ok,
healthysimpleyum,https://healthysimpleyum.com/arroz-integral-mexicano/,Arroz Integral Mexicano (Mexican Brown Rice) Recipe,50.0,True,"<li><span data-amount=""1"" data-unit=""tablespoon"">1 tablespoon</span> tomato paste</li>",tomato paste,tomato paste,1.0,tablespoon,ok,
healthysimpleyum,https://healthysimpleyum.com/arroz-integral-mexicano/,Arroz Integral Mexicano (Mexican Brown Rice) Recipe,50.0,True,"<li><span data-amount=""2"">2</span> cloves of garlic</li>",cloves of garlic,cloves  garlic,2.0,,ok,
healthysimpleyum,https://healthysimpleyum.com/arroz-integral-mexicano/,Arroz Integral Mexicano (Mexican Brown Rice) Recipe,50.0,True,"<li><span data-amount=""1.5"" data-unit=""cup"">1 ½ cup</span> vegetable broth</li>",vegetable broth,vegetable broth,1.5,cup,ok,
healthysimpleyum,https://healthysimpleyum.com/arroz-integral-mexicano/,Arroz Integral Mexicano (Mexican Brown Rice) Recipe,50.0,True,"<li><span data-amount=""0.5"" data-unit=""tablespoon"">½ tablespoon</span> canola oil</li>",canola oil,canola oil,0.5,tablespoon,ok,
healthysimpleyum,https://healthysimpleyum.com/arroz-integral-mexicano/,Arroz Integral Mexicano (Mexican Brown Rice) Recipe,50.0,True,<li>Salt to taste</li>,Salt to taste,salt to taste,,,ok,
healthysimpleyum,https://healthysimpleyum.com/bean-tostadas/,Bean Tostadas (Authentic & Easy!),35.0,True,"<li class=""_2QuBr Zn7O0 _2zLWO public-DraftStyleDefault-list-ltr public-DraftStyleDefault-unorderedListItem public-DraftStyleDefault-reset public-DraftStyleDefault-depth0 public-DraftStyleDefault-listLTR"" data-block=""true"" data-editor=""editor"" data-offset-key=""7dun0-0-0"">
<div class=""public-DraftStyleDefault-block public-DraftStyleDefault-ltr"" data-offset-key=""7dun0-0-0""><span data-offset-key=""7dun0-0-0"">10-12 corn tortillas</span></div>
</li>",,,,,ok,
healthysimpleyum,https://healthysimpleyum.com/bean-tostadas/,Bean Tostadas (Authentic & Easy!),35.0,True,"<li class=""_2QuBr Zn7O0 _2zLWO public-DraftStyleDefault-list-ltr public-DraftStyleDefault-unorderedListItem public-DraftStyleDefault-depth0 public-DraftStyleDefault-listLTR"" data-block=""true"" data-editor=""editor"" data-offset-key=""e7jb5-0-0"">
<div class=""public-DraftStyleDefault-block public-DraftStyleDefault-ltr"" data-offset-key=""e7jb5-0-0""><span data-offset-key=""e7jb5-0-0"">1-2 tablespoon avocado oil</span></div>
</li>",,,,,ok,
healthysimpleyum,https://healthysimpleyum.com/bean-tostadas/,Bean Tostadas (Authentic & Easy!),35.0,True,"<li class=""_2QuBr Zn7O0 _2zLWO public-DraftStyleDefault-list-ltr public-DraftStyleDefault-unorderedListItem public-DraftStyleDefault-depth0 public-DraftStyleDefault-listLTR"" data-block=""true"" data-editor=""editor"" data-offset-key=""255tv-0-0"">
<div class=""public-DraftStyleDefault-block public-DraftStyleDefault-ltr"" data-offset-key=""255tv-0-0""><span data-offset-key=""255tv-0-0"">½ teaspoon salt</span></div>
</li>",,,,,ok,
healthysimpleyum,https://healthysimpleyum.com/bean-tostadas/,Bean Tostadas (Authentic & Easy!),35.0,True,"<li><a href=""https://healthysimpleyum.com/frijoles-de-la-olla/"">2 cups cooked beans</a> </li>",2 cups cooked beans,cups cooked beans,,,ok,
healthysimpleyum,https://healthysimpleyum.com/bean-tostadas/,Bean Tostadas (Authentic & Easy!),35.0,True,"<li><span class=""nutrifox-quantity"" data-amount=""0.5"" data-nf-food-description=""Onions, raw"" data-nf-food-id=""3030"" data-nf-metric=""80"" data-nf-metric-unit=""gram"" data-nf-original=""usc"" data-nf-usc=""0.5"" data-nf-usc-unit=""cup"" data-unit=""cup"">½</span> <span class=""nutrifox-unit"" data-nf-food-description=""Onions, raw"" data-nf-food-id=""3030"" data-nf-metric=""gram"" data-nf-original=""usc"" data-nf-usc=""cup"">cup</span> onion, diced</li>","onion, diced",onion,0.5,cup,ok,
healthysimpleyum,https://healthysimpleyum.com/bean-tostadas/,Bean Tostadas (Authentic & Easy!),35.0,True,"<li><span data-amount=""1"">1</span> small serrano or jalapeño pepper, diced (optional)</li>","small serrano or jalapeño pepper, diced (optional)",serrano  jalapeño pepper,1.0,,ok,
healthysimpleyum,https://healthysimpleyum.com/bean-tostadas/,Bean Tostadas (Authentic & Easy!),35.0,True,"<li><span data-amount=""1"" data-unit=""tbsp"">1 Tbsp</span> oil</li>",oil,oil,1.0,tbsp,ok,
healthysimpleyum,https://healthysimpleyum.com/bean-tostadas/,Bean Tostadas (Authentic & Easy!),35.0,True,"<li><span class=""nutrifox-quantity"" data-amount=""0.5"" data-nf-food-description=""Beverages, water, tap, drinking"" data-nf-food-id=""4384"" data-nf-metric=""118.5"" data-nf-metric-unit=""ml"" data-nf-original=""usc"" data-nf-usc=""0.5"" data-nf-usc-unit=""cup"" data-unit=""cup"">½</span> – <span class=""nutrifox-second-quantity"" data-amount=""0.75"" data-nf-food-description=""Beverages, water, tap, drinking"" data-nf-food-id=""4384"" data-nf-metric=""177.75"" data-nf-metric-unit=""ml"" data-nf-original=""usc"" data-nf-usc=""0.75"" data-nf-usc-unit=""cup"" data-unit=""cup"">¾</span> <span class=""nutrifox-unit"" data-nf-food-description=""Beverages, water, tap, drinking"" data-nf-food-id=""4384"" data-nf-metric=""ml"" data-nf-original=""usc"" data-nf-usc=""cup"">cup</span> water</li>",–¾water,¾water,0.5,cup,ok,
healthysimpleyum,https://healthysimpleyum.com/bean-tostadas/,Bean Tostadas (Authentic & Easy!),35.0,True,<li>Salt to taste</li>,Salt to taste,salt to taste,,,ok,
healthysimpleyum,https://healthysimpleyum.com/bean-tostadas/,Bean Tostadas (Authentic & Easy!),35.0,True,"<li class=""_2QuBr Zn7O0 _2zLWO public-DraftStyleDefault-list-ltr public-DraftStyleDefault-unorderedListItem public-DraftStyleDefault-depth0 public-DraftStyleDefault-listLTR"" data-block=""true"" data-editor=""editor"" data-offset-key=""dph7c-0-0"">
<div class=""public-DraftStyleDefault-block public-DraftStyleDefault-ltr"" data-offset-key=""dph7c-0-0""><span data-offset-key=""dph7c-0-0"">½ cup red pickled onions</span></div>
</li>",,,,,ok,
healthysimpleyum,https://healthysimpleyum.com/bean-tostadas/,Bean Tostadas (Authentic & Easy!),35.0,True,"<li class=""_2QuBr Zn7O0 _2zLWO public-DraftStyleDefault-list-ltr public-DraftStyleDefault-unorderedListItem public-DraftStyleDefault-depth0 public-DraftStyleDefault-listLTR"" data-block=""true"" data-editor=""editor"" data-offset-key=""166ob-0-0"">
<div class=""public-DraftStyleDefault-block public-DraftStyleDefault-ltr"" data-offset-key=""166ob-0-0""><span data-offset-key=""166ob-0-0"">1 cup shredded cabbage</span></div>
</li>",,,,,ok,
healthysimpleyum,https://healthysimpleyum.com/bean-tostadas/,Bean Tostadas (Authentic & Easy!),35.0,True,"<li class=""_2QuBr Zn7O0 _2zLWO public-DraftStyleDefault-list-ltr public-DraftStyleDefault-unorderedListItem public-DraftStyleDefault-depth0 public-DraftStyleDefault-listLTR"" data-block=""true"" data-editor=""editor"" data-offset-key=""51k8k-0-0"">
<div class=""public-DraftStyleDefault-block public-DraftStyleDefault-ltr"" data-offset-key=""51k8k-0-0""><span data-offset-key=""51k8k-0-0"">3 tomatoes, sliced</span></div>
</li>",,,,,ok,
healthysimpleyum,https://healthysimpleyum.com/bean-tostadas/,Bean Tostadas (Authentic & Easy!),35.0,True,"<li class=""_2QuBr Zn7O0 _2zLWO public-DraftStyleDefault-list-ltr public-DraftStyleDefault-unorderedListItem public-DraftStyleDefault-depth0 public-DraftStyleDefault-listLTR"" data-block=""true"" data-editor=""editor"" data-offset-key=""91hh9-0-0"">
<div class=""public-DraftStyleDefault-block public-DraftStyleDefault-ltr"" data-offset-key=""91hh9-0-0""><span data-offset-key=""91hh9-0-0"">2 avocados, sliced</span></div>
</li>",,,,,ok,
healthysimpleyum,https://healthysimpleyum.com/bean-tostadas/,Bean Tostadas (Authentic & Easy!),35.0,True,"<li class=""_2QuBr Zn7O0 _2zLWO public-DraftStyleDefault-list-ltr public-DraftStyleDefault-unorderedListItem public-DraftStyleDefault-depth0 public-DraftStyleDefault-listLTR"" data-block=""true"" data-editor=""editor"" data-offset-key=""42eih-0-0"">
<div class=""public-DraftStyleDefault-block public-DraftStyleDefault-ltr"" data-offset-key=""42eih-0-0""><span data-offset-key=""42eih-0-0"">Fresh cilantro</span></div>
</li>",,,,,ok,
healthysimpleyum,https://healthysimpleyum.com/bean-tostadas/,Bean Tostadas (Authentic & Easy!),35.0,True,"<li data-block=""true"" data-editor=""editor"" data-offset-key=""42eih-0-0""><a href=""https://healthysimpleyum.com/mexican-escabeche/"">Mexican escabeche</a> (pickled jalapeños)</li>",Mexican escabeche(pickled jalapeños),mexican escabechepickled jalapeños,,,ok,
healthysimpleyum,https://healthysimpleyum.com/bean-tostadas/,Bean Tostadas (Authentic & Easy!),35.0,True,"<li class=""_2QuBr Zn7O0 _2zLWO public-DraftStyleDefault-list-ltr public-DraftStyleDefault-unorderedListItem public-DraftStyleDefault-depth0 public-DraftStyleDefault-listLTR"" data-block=""true"" data-editor=""editor"" data-offset-key=""1dumh-0-0"">
<div class=""public-DraftStyleDefault-block public-DraftStyleDefault-ltr"" data-offset-key=""1dumh-0-0""><span data-offset-key=""1dumh-0-0""><a href=""https://healthysimpleyum.com/vegan-sour-cream-recipe/"">Vegan sour cream</a> (optional)</span></div>
</li>",,,,,ok,
healthysimpleyum,https://healthysimpleyum.com/bean-tostadas/,Bean Tostadas (Authentic & Easy!),35.0,True,"<li class=""_2QuBr Zn7O0 _2zLWO public-DraftStyleDefault-list-ltr public-DraftStyleDefault-unorderedListItem public-DraftStyleDefault-depth0 public-DraftStyleDefault-listLTR"" data-block=""true"" data-editor=""editor"" data-offset-key=""2jg96-0-0"">
<div class=""public-DraftStyleDefault-block public-DraftStyleDefault-ltr"" data-offset-key=""2jg96-0-0""><span data-offset-key=""2jg96-0-0"">Tapatio or <a href=""https://healthysimpleyum.com/salsa-verde/"">homemade salsa</a></span></div>
</li>",,,,,ok,
healthysimpleyum,https://healthysimpleyum.com/black-bean-avocado-salad/,Black Bean Avocado Salad (EASY and Minimal Dishes!),10.0,True,"<li data-offset-key=""d15je-0-0""><span data-amount=""2"">2</span> cans of black beans</li>",cans of black beans,cans  black beans,2.0,,ok,
healthysimpleyum,https://healthysimpleyum.com/black-bean-avocado-salad/,Black Bean Avocado Salad (EASY and Minimal Dishes!),10.0,True,"<li data-offset-key=""d15je-0-0""><span data-amount=""1"">1</span> can of corn kernels</li>",can of corn kernels,can  corn kernels,1.0,,ok,
healthysimpleyum,https://healthysimpleyum.com/black-bean-avocado-salad/,Black Bean Avocado Salad (EASY and Minimal Dishes!),10.0,True,"<li data-offset-key=""d15je-0-0""><span data-amount=""3"">3</span>–<span data-amount=""4"">4</span> ripe avocados</li>",ripe avocados,ripe avocados,3.0,,ok,
healthysimpleyum,https://healthysimpleyum.com/black-bean-avocado-salad/,Black Bean Avocado Salad (EASY and Minimal Dishes!),10.0,True,"<li data-offset-key=""d15je-0-0""><span data-amount=""2"">2</span> jalapeños (optional or sub bell pepper)</li>",jalapeños (optional or sub bell pepper),jalapeños   sub bell pepper,2.0,,ok,
healthysimpleyum,https://healthysimpleyum.com/black-bean-avocado-salad/,Black Bean Avocado Salad (EASY and Minimal Dishes!),10.0,True,"<li data-offset-key=""d15je-0-0""><span data-amount=""0.75"" data-unit=""cup"">¾ cup</span> coriander</li>",coriander,coriander,0.75,cup,ok,
healthysimpleyum,https://healthysimpleyum.com/black-bean-avocado-salad/,Black Bean Avocado Salad (EASY and Minimal Dishes!),10.0,True,"<li data-offset-key=""d15je-0-0""><span data-amount=""1"">1</span> medium red onion</li>",medium red onion,red onion,1.0,,ok,
healthysimpleyum,https://healthysimpleyum.com/black-bean-avocado-salad/,Black Bean Avocado Salad (EASY and Minimal Dishes!),10.0,True,"<li data-offset-key=""d15je-0-0""><span data-amount=""1"" data-unit=""cup"">1 cup</span> cherry tomatoes</li>",cherry tomatoes,cherry tomatoes,1.0,cup,ok,
healthysimpleyum,https://healthysimpleyum.com/black-bean-avocado-salad/,Black Bean Avocado Salad (EASY and Minimal Dishes!),10.0,True,"<li data-offset-key=""d15je-0-0""><span data-amount=""4"">4</span>–<span data-amount=""5"">5</span> lemons, juiced</li>","lemons, juiced",lemons juiced,4.0,,ok,
healthysimpleyum,https://healthysimpleyum.com/black-bean-avocado-salad/,Black Bean Avocado Salad (EASY and Minimal Dishes!),10.0,True,"<li data-offset-key=""d15je-0-0"">Salt and pepper to taste</li>",Salt and pepper to taste,salt  pepper to taste,,,ok,
healthysimpleyum,https://healthysimpleyum.com/black-bean-stuffed-sweet-potatoes/,Black Bean Stuffed Sweet Potatoes (Easy & Vegan),60.0,True,"<li><span data-amount=""4"">4</span> sweet potatoes</li>",sweet potatoes,sweet potatoes,4.0,,ok,
healthysimpleyum,https://healthysimpleyum.com/black-bean-stuffed-sweet-potatoes/,Black Bean Stuffed Sweet Potatoes (Easy & Vegan),60.0,True,"<li><span data-amount=""1"">1</span> can black beans</li>",can black beans,can black beans,1.0,,ok,
healthysimpleyum,https://healthysimpleyum.com/black-bean-stuffed-sweet-potatoes/,Black Bean Stuffed Sweet Potatoes (Easy & Vegan),60.0,True,"<li><span data-amount=""1"">1</span> can corn kernels</li>",can corn kernels,can corn kernels,1.0,,ok,
healthysimpleyum,https://healthysimpleyum.com/black-bean-stuffed-sweet-potatoes/,Black Bean Stuffed Sweet Potatoes (Easy & Vegan),60.0,True,"<li><span data-amount=""1"">1</span> bell pepper, diced</li>","bell pepper, diced",bell pepper,1.0,,ok,
healthysimpleyum,https://healthysimpleyum.com/black-bean-stuffed-sweet-potatoes/,Black Bean Stuffed Sweet Potatoes (Easy & Vegan),60.0,True,"<li><span data-amount=""0.5"">½</span> onion, diced</li>","onion, diced",onion,0.5,,ok,
healthysimpleyum,https://healthysimpleyum.com/black-bean-stuffed-sweet-potatoes/,Black Bean Stuffed Sweet Potatoes (Easy & Vegan),60.0,True,"<li><span data-amount=""1"" data-unit=""tsp"">1 tsp</span> garlic powder</li>",garlic powder,garlic powder,1.0,tsp,ok,
healthysimpleyum,https://healthysimpleyum.com/black-bean-stuffed-sweet-potatoes/,Black Bean Stuffed Sweet Potatoes (Easy & Vegan),60.0,True,"<li><span data-amount=""1"" data-unit=""tsp"">1 tsp</span> paprika</li>",paprika,paprika,1.0,tsp,ok,
healthysimpleyum,https://healthysimpleyum.com/black-bean-stuffed-sweet-potatoes/,Black Bean Stuffed Sweet Potatoes (Easy & Vegan),60.0,True,"<li><span data-amount=""2"" data-unit=""tbsp"">2 tbsp</span> olive oil</li>",olive oil,olive oil,2.0,tbsp,ok,
healthysimpleyum,https://healthysimpleyum.com/black-bean-stuffed-sweet-potatoes/,Black Bean Stuffed Sweet Potatoes (Easy & Vegan),60.0,True,<li>Salt and pepper to taste</li>,Salt and pepper to taste,salt  pepper to taste,,,ok,
healthysimpleyum,https://healthysimpleyum.com/black-bean-stuffed-sweet-potatoes/,Black Bean Stuffed Sweet Potatoes (Easy & Vegan),60.0,True,"<li><span data-amount=""0.5"" data-unit=""cup"">½ cup</span> salsa (optional)</li>",salsa (optional),salsa,0.5,cup,ok,
healthysimpleyum,https://healthysimpleyum.com/black-bean-stuffed-sweet-potatoes/,Black Bean Stuffed Sweet Potatoes (Easy & Vegan),60.0,True,<li>Lime juice (highly recommend)</li>,Lime juice (highly recommend),lime juice highly recommend,,,ok,
healthysimpleyum,https://healthysimpleyum.com/black-bean-stuffed-sweet-potatoes/,Black Bean Stuffed Sweet Potatoes (Easy & Vegan),60.0,True,<li>Guacamole</li>,Guacamole,guacamole,,,ok,
healthysimpleyum,https://healthysimpleyum.com/black-bean-stuffed-sweet-potatoes/,Black Bean Stuffed Sweet Potatoes (Easy & Vegan),60.0,True,<li>Cilantro</li>,Cilantro,cilantro,,,ok,
healthysimpleyum,https://healthysimpleyum.com/black-bean-stuffed-sweet-potatoes/,Black Bean Stuffed Sweet Potatoes (Easy & Vegan),60.0,True,<li>Green onions</li>,Green onions,green onions,,,ok,
healthysimpleyum,https://healthysimpleyum.com/black-bean-stuffed-sweet-potatoes/,Black Bean Stuffed Sweet Potatoes (Easy & Vegan),60.0,True,<li>Vegan cheese</li>,Vegan cheese,vegan cheese,,,ok,
healthysimpleyum,https://healthysimpleyum.com/black-bean-taquitos/,"Black Bean Flautas (Vegan, Gluten-Free and Easy!)",40.0,True,"<li><span data-amount=""1"">1</span> can low sodium black beans</li>",can low sodium black beans,can low sodium black beans,1.0,,ok,
healthysimpleyum,https://healthysimpleyum.com/black-bean-taquitos/,"Black Bean Flautas (Vegan, Gluten-Free and Easy!)",40.0,True,"<li><span data-amount=""8"">8</span>–<span data-amount=""10"">10</span> corn tortillas</li>",corn tortillas,corn tortillas,8.0,,ok,
healthysimpleyum,https://healthysimpleyum.com/black-bean-taquitos/,"Black Bean Flautas (Vegan, Gluten-Free and Easy!)",40.0,True,"<li><span data-amount=""0.5"">½</span> white onion, diced</li>","white onion, diced",onion,0.5,,ok,
healthysimpleyum,https://healthysimpleyum.com/black-bean-taquitos/,"Black Bean Flautas (Vegan, Gluten-Free and Easy!)",40.0,True,"<li><span data-amount=""1"">1</span> jalapeño pepper, diced</li>","jalapeño pepper, diced",jalapeño pepper,1.0,,ok,
healthysimpleyum,https://healthysimpleyum.com/black-bean-taquitos/,"Black Bean Flautas (Vegan, Gluten-Free and Easy!)",40.0,True,"<li><span data-amount=""0.5"" data-unit=""tsp"">½ tsp</span> cumin</li>",cumin,cumin,0.5,tsp,ok,
healthysimpleyum,https://healthysimpleyum.com/black-bean-taquitos/,"Black Bean Flautas (Vegan, Gluten-Free and Easy!)",40.0,True,"<li><span data-amount=""2"" data-unit=""tbsp"">2 tbsp</span> canola oil (optional)</li>",canola oil (optional),canola oil,2.0,tbsp,ok,
healthysimpleyum,https://healthysimpleyum.com/black-bean-taquitos/,"Black Bean Flautas (Vegan, Gluten-Free and Easy!)",40.0,True,"<li><span data-amount=""0.5"" data-unit=""tsp"">½ tsp</span> chili powder (optional)</li>",chili powder (optional),chili powder,0.5,tsp,ok,
healthysimpleyum,https://healthysimpleyum.com/black-bean-taquitos/,"Black Bean Flautas (Vegan, Gluten-Free and Easy!)",40.0,True,"<li><span data-amount=""0.5"" data-unit=""tsp"">½ tsp</span> garlic powder </li>",garlic powder,garlic powder,0.5,tsp,ok,
healthysimpleyum,https://healthysimpleyum.com/black-bean-taquitos/,"Black Bean Flautas (Vegan, Gluten-Free and Easy!)",40.0,True,"<li><span class=""nutrifox-quantity"" data-amount=""0.5"" data-nf-food-description=""SWANSON BROTH, Certified Organic Vegetable Broth"" data-nf-food-id=""1539"" data-nf-metric=""118.5"" data-nf-metric-unit=""ml"" data-nf-original=""usc"" data-nf-usc=""0.5"" data-nf-usc-unit=""cup"" data-unit=""cup"">½</span>–<span class=""nutrifox-second-quantity"" data-amount=""0.75"" data-nf-food-description=""SWANSON BROTH, Certified Organic Vegetable Broth"" data-nf-food-id=""1539"" data-nf-metric=""177.75"" data-nf-metric-unit=""ml"" data-nf-original=""usc"" data-nf-usc=""0.75"" data-nf-usc-unit=""cup"" data-unit=""cup"">¾</span> <span class=""nutrifox-unit"" data-nf-food-description=""SWANSON BROTH, Certified Organic Vegetable Broth"" data-nf-food-id=""1539"" data-nf-metric=""ml"" data-nf-original=""usc"" data-nf-usc=""cup"">cup</span> vegetable broth or water</li>",–¾vegetable broth or water,¾vegetable broth  water,0.5,cup,ok,
healthysimpleyum,https://healthysimpleyum.com/black-bean-taquitos/,"Black Bean Flautas (Vegan, Gluten-Free and Easy!)",40.0,True,<li>Salt and pepper to taste </li>,Salt and pepper to taste,salt  pepper to taste,,,ok,
healthysimpleyum,https://healthysimpleyum.com/black-bean-taquitos/,"Black Bean Flautas (Vegan, Gluten-Free and Easy!)",40.0,True,<li>Guacamole</li>,Guacamole,guacamole,,,ok,
healthysimpleyum,https://healthysimpleyum.com/black-bean-taquitos/,"Black Bean Flautas (Vegan, Gluten-Free and Easy!)",40.0,True,<li>Cilantro</li>,Cilantro,cilantro,,,ok,
healthysimpleyum,https://healthysimpleyum.com/black-bean-taquitos/,"Black Bean Flautas (Vegan, Gluten-Free and Easy!)",40.0,True,<li>Tapatio</li>,Tapatio,tapatio,,,ok,
healthysimpleyum,https://healthysimpleyum.com/black-bean-taquitos/,"Black Bean Flautas (Vegan, Gluten-Free and Easy!)",40.0,True,<li>Salsa</li>,Salsa,salsa,,,ok,
healthysimpleyum,https://healthysimpleyum.com/buffalo-tofu-wings/,Buffalo Tofu Wings (Vegan & Super Easy!),35.0,True,"<li><span data-amount=""1"">1</span> packet of extra firm tofu (<span data-amount=""454"" data-unit=""g"">454g</span>)</li>",packet of extra firm tofu ( ),packet   firm tofu,1.0,,ok,
healthysimpleyum,https://healthysimpleyum.com/buffalo-tofu-wings/,Buffalo Tofu Wings (Vegan & Super Easy!),35.0,True,"<li><span data-amount=""2"" data-unit=""tbsp"">2 tbsp</span> soy sauce</li>",soy sauce,soy sauce,2.0,tbsp,ok,
healthysimpleyum,https://healthysimpleyum.com/buffalo-tofu-wings/,Buffalo Tofu Wings (Vegan & Super Easy!),35.0,True,"<li><span data-amount=""1"" data-unit=""tsp"">1 tsp</span> chicken-less seasoning</li>",chicken-less seasoning,chickenless seasoning,1.0,tsp,ok,
healthysimpleyum,https://healthysimpleyum.com/buffalo-tofu-wings/,Buffalo Tofu Wings (Vegan & Super Easy!),35.0,True,"<li><span data-amount=""2"" data-unit=""tbsp"">2 tbsp</span> avocado oil (or any neutral oil)</li>",avocado oil (or any neutral oil),avocado oil  any neutral oil,2.0,tbsp,ok,
healthysimpleyum,https://healthysimpleyum.com/buffalo-tofu-wings/,Buffalo Tofu Wings (Vegan & Super Easy!),35.0,True,"<li><span data-amount=""0.25"" data-unit=""cup"">¼ cup</span> nutritional yeast</li>",nutritional yeast,nutritional yeast,0.25,cup,ok,
healthysimpleyum,https://healthysimpleyum.com/buffalo-tofu-wings/,Buffalo Tofu Wings (Vegan & Super Easy!),35.0,True,"<li><span data-amount=""0.5"" data-unit=""tsp"">½ tsp</span> garlic powder</li>",garlic powder,garlic powder,0.5,tsp,ok,
healthysimpleyum,https://healthysimpleyum.com/buffalo-tofu-wings/,Buffalo Tofu Wings (Vegan & Super Easy!),35.0,True,"<li><span data-amount=""0.5"" data-unit=""tsp"">½ tsp</span> onion powder</li>",onion powder,onion powder,0.5,tsp,ok,
healthysimpleyum,https://healthysimpleyum.com/buffalo-tofu-wings/,Buffalo Tofu Wings (Vegan & Super Easy!),35.0,True,"<li><span data-amount=""2"" data-unit=""tbsp"">2 tbsp</span> corn starch</li>",corn starch,corn starch,2.0,tbsp,ok,
healthysimpleyum,https://healthysimpleyum.com/buffalo-tofu-wings/,Buffalo Tofu Wings (Vegan & Super Easy!),35.0,True,"<li><span data-amount=""0.5"" data-unit=""cup"">½ cup</span> panko bread crumbs</li>",panko bread crumbs,panko bread crumbs,0.5,cup,ok,
healthysimpleyum,https://healthysimpleyum.com/buffalo-tofu-wings/,Buffalo Tofu Wings (Vegan & Super Easy!),35.0,True,"<li><span data-amount=""0.25"">¼</span>–<span data-amount=""0.5"">½</span> cup buffalo sauce</li>",cup buffalo sauce,cup buffalo sauce,0.25,,ok,
healthysimpleyum,https://healthysimpleyum.com/butternut-squash-pasta-sauce/,Butternut Squash Pasta Sauce (Easy & Vegan!),75.0,True,"<li><span data-offset-key=""37eno-0-0""><span data-amount=""1.5"" data-unit=""cup"">1 ½ cup</span> Butternut squash, roasted</span></li>","Butternut squash, roasted",butternut squash,1.5,cup,ok,
healthysimpleyum,https://healthysimpleyum.com/butternut-squash-pasta-sauce/,Butternut Squash Pasta Sauce (Easy & Vegan!),75.0,True,"<li class=""_2QuBr Zn7O0 _2zLWO public-DraftStyleDefault-list-ltr public-DraftStyleDefault-unorderedListItem public-DraftStyleDefault-depth0 public-DraftStyleDefault-listLTR"" data-block=""true"" data-editor=""editor"" data-offset-key=""4mcel-0-0"">
<div class=""public-DraftStyleDefault-block public-DraftStyleDefault-ltr"" data-offset-key=""4mcel-0-0""><span data-offset-key=""4mcel-0-0"">½ cup Cashews, soaked</span></div>
</li>",,,,,ok,
healthysimpleyum,https://healthysimpleyum.com/butternut-squash-pasta-sauce/,Butternut Squash Pasta Sauce (Easy & Vegan!),75.0,True,"<li class=""_2QuBr Zn7O0 _2zLWO public-DraftStyleDefault-list-ltr public-DraftStyleDefault-unorderedListItem public-DraftStyleDefault-depth0 public-DraftStyleDefault-listLTR"" data-block=""true"" data-editor=""editor"" data-offset-key=""bjito-0-0"">
<div class=""public-DraftStyleDefault-block public-DraftStyleDefault-ltr"" data-offset-key=""bjito-0-0""><span data-offset-key=""bjito-0-0"">3 Garlic cloves</span></div>
</li>",,,,,ok,
healthysimpleyum,https://healthysimpleyum.com/butternut-squash-pasta-sauce/,Butternut Squash Pasta Sauce (Easy & Vegan!),75.0,True,"<li class=""_2QuBr Zn7O0 _2zLWO public-DraftStyleDefault-list-ltr public-DraftStyleDefault-unorderedListItem public-DraftStyleDefault-depth0 public-DraftStyleDefault-listLTR"" data-block=""true"" data-editor=""editor"" data-offset-key=""difue-0-0"">
<div class=""public-DraftStyleDefault-block public-DraftStyleDefault-ltr"" data-offset-key=""difue-0-0""><span data-offset-key=""difue-0-0"">½ White Onion</span></div>
</li>",,,,,ok,
healthysimpleyum,https://healthysimpleyum.com/butternut-squash-pasta-sauce/,Butternut Squash Pasta Sauce (Easy & Vegan!),75.0,True,"<li class=""_2QuBr Zn7O0 _2zLWO public-DraftStyleDefault-list-ltr public-DraftStyleDefault-unorderedListItem public-DraftStyleDefault-depth0 public-DraftStyleDefault-listLTR"" data-block=""true"" data-editor=""editor"" data-offset-key=""1cdi0-0-0"">
<div class=""public-DraftStyleDefault-block public-DraftStyleDefault-ltr"" data-offset-key=""1cdi0-0-0""><span data-offset-key=""1cdi0-0-0"">2 tbsp Lemon Juice</span></div>
</li>",,,,,ok,
healthysimpleyum,https://healthysimpleyum.com/butternut-squash-pasta-sauce/,Butternut Squash Pasta Sauce (Easy & Vegan!),75.0,True,"<li class=""_2QuBr Zn7O0 _2zLWO public-DraftStyleDefault-list-ltr public-DraftStyleDefault-unorderedListItem public-DraftStyleDefault-depth0 public-DraftStyleDefault-listLTR"" data-block=""true"" data-editor=""editor"" data-offset-key=""b2pnb-0-0"">
<div class=""public-DraftStyleDefault-block public-DraftStyleDefault-ltr"" data-offset-key=""b2pnb-0-0""><span data-offset-key=""b2pnb-0-0"">¼ cup Nutritional Yeast</span></div>
</li>",,,,,ok,
healthysimpleyum,https://healthysimpleyum.com/butternut-squash-pasta-sauce/,Butternut Squash Pasta Sauce (Easy & Vegan!),75.0,True,"<li class=""_2QuBr Zn7O0 _2zLWO public-DraftStyleDefault-list-ltr public-DraftStyleDefault-unorderedListItem public-DraftStyleDefault-depth0 public-DraftStyleDefault-listLTR"" data-block=""true"" data-editor=""editor"" data-offset-key=""7jjtr-0-0"">
<div class=""public-DraftStyleDefault-block public-DraftStyleDefault-ltr"" data-offset-key=""7jjtr-0-0""><span data-offset-key=""7jjtr-0-0"">1 tsp Thyme</span></div>
</li>",,,,,ok,
healthysimpleyum,https://healthysimpleyum.com/butternut-squash-pasta-sauce/,Butternut Squash Pasta Sauce (Easy & Vegan!),75.0,True,"<li class=""_2QuBr Zn7O0 _2zLWO public-DraftStyleDefault-list-ltr public-DraftStyleDefault-unorderedListItem public-DraftStyleDefault-depth0 public-DraftStyleDefault-listLTR"" data-block=""true"" data-editor=""editor"" data-offset-key=""1bk6i-0-0"">
<div class=""public-DraftStyleDefault-block public-DraftStyleDefault-ltr"" data-offset-key=""1bk6i-0-0""><span data-offset-key=""1bk6i-0-0"">1 tsp Rosemary</span></div>
</li>",,,,,ok,
healthysimpleyum,https://healthysimpleyum.com/butternut-squash-pasta-sauce/,Butternut Squash Pasta Sauce (Easy & Vegan!),75.0,True,"<li class=""_2QuBr Zn7O0 _2zLWO public-DraftStyleDefault-list-ltr public-DraftStyleDefault-unorderedListItem public-DraftStyleDefault-depth0 public-DraftStyleDefault-listLTR"" data-block=""true"" data-editor=""editor"" data-offset-key=""5oq6c-0-0"">
<div class=""public-DraftStyleDefault-block public-DraftStyleDefault-ltr"" data-offset-key=""5oq6c-0-0""><span data-offset-key=""5oq6c-0-0"">4-6 Sage leaves</span></div>
</li>",,,,,ok,
healthysimpleyum,https://healthysimpleyum.com/butternut-squash-pasta-sauce/,Butternut Squash Pasta Sauce (Easy & Vegan!),75.0,True,"<li class=""_2QuBr Zn7O0 _2zLWO public-DraftStyleDefault-list-ltr public-DraftStyleDefault-unorderedListItem public-DraftStyleDefault-depth0 public-DraftStyleDefault-listLTR"" data-block=""true"" data-editor=""editor"" data-offset-key=""98i3v-0-0"">
<div class=""public-DraftStyleDefault-block public-DraftStyleDefault-ltr"" data-offset-key=""98i3v-0-0""><span data-offset-key=""98i3v-0-0"">1 cup Water or Vegetables Broth</span></div>
</li>",,,,,ok,
healthysimpleyum,https://healthysimpleyum.com/butternut-squash-pasta-sauce/,Butternut Squash Pasta Sauce (Easy & Vegan!),75.0,True,"<li class=""_2QuBr Zn7O0 _2zLWO public-DraftStyleDefault-list-ltr public-DraftStyleDefault-unorderedListItem public-DraftStyleDefault-depth0 public-DraftStyleDefault-listLTR"" data-block=""true"" data-editor=""editor"" data-offset-key=""116lm-0-0"">
<div class=""public-DraftStyleDefault-block public-DraftStyleDefault-ltr"" data-offset-key=""116lm-0-0""><span data-offset-key=""116lm-0-0"">Salt and Pepper to taste</span></div>
</li>",,,,,ok,
healthysimpleyum,https://healthysimpleyum.com/calabaza-en-tacha/,Calabaza en Tacha (Mexican Candied Pumpkin) - Healthy Simple Yum,45.0,True,"<li><span data-amount=""3"" data-unit=""cup"">3 cups</span> pumpkin, diced</li>","pumpkin, diced",pumpkin,3.0,cup,ok,
healthysimpleyum,https://healthysimpleyum.com/calabaza-en-tacha/,Calabaza en Tacha (Mexican Candied Pumpkin) - Healthy Simple Yum,45.0,True,"<li><span data-amount=""0.75"">¾</span> piloncillo (or <span data-amount=""0.75"" data-unit=""cup"">¾ cup</span> brown sugar)</li>",piloncillo (or brown sugar),piloncillo  brown sugar,0.75,,ok,
healthysimpleyum,https://healthysimpleyum.com/calabaza-en-tacha/,Calabaza en Tacha (Mexican Candied Pumpkin) - Healthy Simple Yum,45.0,True,"<li><span data-amount=""2"">2</span> cinnamon sticks</li>",cinnamon sticks,cinnamon sticks,2.0,,ok,
healthysimpleyum,https://healthysimpleyum.com/calabaza-en-tacha/,Calabaza en Tacha (Mexican Candied Pumpkin) - Healthy Simple Yum,45.0,True,"<li><span data-amount=""1.5"" data-unit=""cup"">1 ½ cup</span> water</li>",water,water,1.5,cup,ok,
healthysimpleyum,https://healthysimpleyum.com/calabaza-en-tacha/,Calabaza en Tacha (Mexican Candied Pumpkin) - Healthy Simple Yum,45.0,True,"<li><span data-amount=""1"" data-unit=""tbsp"">1 tbsp</span> vegan butter</li>",vegan butter,vegan butter,1.0,tbsp,ok,
healthysimpleyum,https://healthysimpleyum.com/calabaza-en-tacha/,Calabaza en Tacha (Mexican Candied Pumpkin) - Healthy Simple Yum,45.0,True,"<li><span data-amount=""1"" data-unit=""tbsp"">1 tbsp</span> vanilla extract</li>",vanilla extract,vanilla extract,1.0,tbsp,ok,
healthysimpleyum,https://healthysimpleyum.com/calabaza-en-tacha/,Calabaza en Tacha (Mexican Candied Pumpkin) - Healthy Simple Yum,45.0,True,"<li><span data-amount=""1"">1</span> pinch of salt</li>",pinch of salt,salt,1.0,,ok,
healthysimpleyum,https://healthysimpleyum.com/caprese-bruschetta/,Caprese Bruschetta (Bruschetta with Mozzarella),20.0,True,"<li><span data-amount=""1"">1</span> loaf of bread*</li>",loaf of bread*,loaf  bread*,1.0,,ok,
healthysimpleyum,https://healthysimpleyum.com/caprese-bruschetta/,Caprese Bruschetta (Bruschetta with Mozzarella),20.0,True,"<li><span data-amount=""4"">4</span>–<span data-amount=""5"">5</span> fresh tomatoes</li>",fresh tomatoes,tomatoes,4.0,,ok,
healthysimpleyum,https://healthysimpleyum.com/caprese-bruschetta/,Caprese Bruschetta (Bruschetta with Mozzarella),20.0,True,"<li><span data-amount=""15"">15</span>–<span data-amount=""20"">20</span> basil leaves</li>",basil leaves,basil leaves,15.0,,ok,
healthysimpleyum,https://healthysimpleyum.com/caprese-bruschetta/,Caprese Bruschetta (Bruschetta with Mozzarella),20.0,True,"<li><span data-amount=""3"" data-unit=""tablespoon"">3 tablespoons</span> olive oil</li>",olive oil,olive oil,3.0,tablespoon,ok,
healthysimpleyum,https://healthysimpleyum.com/caprese-bruschetta/,Caprese Bruschetta (Bruschetta with Mozzarella),20.0,True,"<li><span data-amount=""1"">1</span> package of vegan mozzarella*</li>",package of vegan mozzarella*,package  vegan mozzarella*,1.0,,ok,
healthysimpleyum,https://healthysimpleyum.com/caprese-bruschetta/,Caprese Bruschetta (Bruschetta with Mozzarella),20.0,True,"<li><span data-amount=""1"">1</span>–<span data-amount=""2"">2</span> cloves of garlic</li>",cloves of garlic,cloves  garlic,1.0,,ok,
healthysimpleyum,https://healthysimpleyum.com/caprese-bruschetta/,Caprese Bruschetta (Bruschetta with Mozzarella),20.0,True,"<li><span data-amount=""1"">1</span>–<span data-amount=""2"">2</span> tablespoons balsamic vinegar (optional)</li>",tablespoons balsamic vinegar (optional),tablespoons balsamic vinegar,1.0,,ok,
healthysimpleyum,https://healthysimpleyum.com/caprese-bruschetta/,Caprese Bruschetta (Bruschetta with Mozzarella),20.0,True,<li>Salt to taste</li>,Salt to taste,salt to taste,,,ok,
healthysimpleyum,https://healthysimpleyum.com/carlota-de-limon/,Carlota de Limón (dairy-free!),480.0,True,"<li><span data-amount=""0.5"">½</span> can of coconut cream</li>",can of coconut cream,can  coconut cream,0.5,,ok,
healthysimpleyum,https://healthysimpleyum.com/carlota-de-limon/,Carlota de Limón (dairy-free!),480.0,True,"<li><span data-amount=""1"">1</span> can of sweetened condensed coconut milk (<span data-amount=""7.4"" data-unit=""oz"">7.4 oz</span>)</li>",can of sweetened condensed coconut milk ( ),can  sweetened condensed coconut milk,1.0,,ok,
healthysimpleyum,https://healthysimpleyum.com/carlota-de-limon/,Carlota de Limón (dairy-free!),480.0,True,"<li><span data-amount=""1"" data-unit=""tsp"">1 tsp</span> vanilla extract</li>",vanilla extract,vanilla extract,1.0,tsp,ok,
healthysimpleyum,https://healthysimpleyum.com/carlota-de-limon/,Carlota de Limón (dairy-free!),480.0,True,"<li><span class=""nutrifox-quantity"" data-amount=""0.333333"" data-nf-food-description=""Lime juice, raw"" data-nf-food-id=""2261"" data-nf-metric=""78.999921"" data-nf-metric-unit=""ml"" data-nf-original=""usc"" data-nf-usc=""0.333333"" data-nf-usc-unit=""cup"" data-unit=""cup"">⅓</span> <span class=""nutrifox-unit"" data-nf-food-description=""Lime juice, raw"" data-nf-food-id=""2261"" data-nf-metric=""ml"" data-nf-original=""usc"" data-nf-usc=""cup"">cup</span> of lemon or lime juice (or both)</li>",of lemon or lime juice (or both),lemon  lime juice  both,0.33,cup,ok,
healthysimpleyum,https://healthysimpleyum.com/carlota-de-limon/,Carlota de Limón (dairy-free!),480.0,True,"<li><span data-amount=""1"">1</span> packet of thin cookies (see above)</li>",packet of thin cookies (see above),packet  thin cookies see above,1.0,,ok,
healthysimpleyum,https://healthysimpleyum.com/carlota-de-limon/,Carlota de Limón (dairy-free!),480.0,True,"<li><span class=""nutrifox-quantity"" data-amount=""16"" data-nf-food-description=""Leavening agents, baking soda"" data-nf-food-id=""5858"" data-nf-metric=""453.59237"" data-nf-metric-unit=""gram"" data-nf-original=""usc"" data-nf-usc=""16"" data-nf-usc-unit=""oz"" data-unit=""oz"">16</span> <span class=""nutrifox-unit"" data-nf-food-description=""Leavening agents, baking soda"" data-nf-food-id=""5858"" data-nf-metric=""gram"" data-nf-original=""usc"" data-nf-usc=""oz"">oz</span> baking dish or glass tupperware</li>",baking dish or glass tupperware,baking dish  glass tupperware,16.0,oz,ok,
healthysimpleyum,https://healthysimpleyum.com/carlota-de-limon/,Carlota de Limón (dairy-free!),480.0,True,<li>Lemon/lime slices</li>,Lemon/lime slices,lemon/lime slices,,,ok,
healthysimpleyum,https://healthysimpleyum.com/carlota-de-limon/,Carlota de Limón (dairy-free!),480.0,True,<li>Lemon/lime zest</li>,Lemon/lime zest,lemon/lime zest,,,ok,
healthysimpleyum,https://healthysimpleyum.com/carlota-de-limon/,Carlota de Limón (dairy-free!),480.0,True,<li>Cookie crumbles</li>,Cookie crumbles,cookie crumbles,,,ok,
healthysimpleyum,https://healthysimpleyum.com/cauliflower-ceviche/,Cauliflower Ceviche,20.0,True,"<li><span class=""nutrifox-quantity"" data-amount=""4"" data-nf-food-description=""Cauliflower, raw"" data-nf-food-id=""2908"" data-nf-metric=""428"" data-nf-metric-unit=""gram"" data-nf-original=""usc"" data-nf-usc=""4"" data-nf-usc-unit=""cup"" data-unit=""cup"">4</span> <span class=""nutrifox-unit"" data-nf-food-description=""Cauliflower, raw"" data-nf-food-id=""2908"" data-nf-metric=""gram"" data-nf-original=""usc"" data-nf-usc=""cup"">cups</span> cauliflower florets or one head of Cauliflower</li>",cauliflower florets or one head of Cauliflower,cauliflower florets  one head  cauliflower,4.0,cups,ok,
healthysimpleyum,https://healthysimpleyum.com/cauliflower-ceviche/,Cauliflower Ceviche,20.0,True,"<li><span class=""nutrifox-quantity"" data-amount=""1"" data-nf-food-description=""Tomatoes, red, ripe, raw, year round average"" data-nf-food-id=""3223"" data-nf-metric=""149"" data-nf-metric-unit=""gram"" data-nf-original=""usc"" data-nf-usc=""1"" data-nf-usc-unit=""cup"" data-unit=""cup"">1</span> <span class=""nutrifox-unit"" data-nf-food-description=""Tomatoes, red, ripe, raw, year round average"" data-nf-food-id=""3223"" data-nf-metric=""gram"" data-nf-original=""usc"" data-nf-usc=""cup"">cup</span> cherry or Roma tomatoes, diced or sliced in half</li>","cherry or Roma tomatoes, diced or sliced in half",cherry  roma tomatoes   sliced in half,1.0,cup,ok,
healthysimpleyum,https://healthysimpleyum.com/cauliflower-ceviche/,Cauliflower Ceviche,20.0,True,"<li><span data-amount=""2"">2</span> Jalapeño or Serrano pepper, diced</li>","Jalapeño or Serrano pepper, diced",jalapeño  serrano pepper,2.0,,ok,
healthysimpleyum,https://healthysimpleyum.com/cauliflower-ceviche/,Cauliflower Ceviche,20.0,True,"<li><span data-amount=""0.5"">½</span> red onion, diced</li>","red onion, diced",red onion,0.5,,ok,
healthysimpleyum,https://healthysimpleyum.com/cauliflower-ceviche/,Cauliflower Ceviche,20.0,True,"<li><span class=""nutrifox-quantity"" data-amount=""0.5"" data-nf-food-description=""Coriander (cilantro) leaves, raw"" data-nf-food-id=""2931"" data-nf-metric=""8"" data-nf-metric-unit=""gram"" data-nf-original=""usc"" data-nf-usc=""0.5"" data-nf-usc-unit=""cup"" data-unit=""cup"">½</span> <span class=""nutrifox-unit"" data-nf-food-description=""Coriander (cilantro) leaves, raw"" data-nf-food-id=""2931"" data-nf-metric=""gram"" data-nf-original=""usc"" data-nf-usc=""cup"">cup</span> cilantro, chopped</li>","cilantro, chopped",cilantro,0.5,cup,ok,
healthysimpleyum,https://healthysimpleyum.com/cauliflower-ceviche/,Cauliflower Ceviche,20.0,True,"<li><span class=""nutrifox-quantity"" data-amount=""0.333333"" data-nf-food-description=""Lime juice, raw"" data-nf-food-id=""2261"" data-nf-metric=""78.999921"" data-nf-metric-unit=""ml"" data-nf-original=""usc"" data-nf-usc=""0.333333"" data-nf-usc-unit=""cup"" data-unit=""cup"">⅓</span> <span class=""nutrifox-unit"" data-nf-food-description=""Lime juice, raw"" data-nf-food-id=""2261"" data-nf-metric=""ml"" data-nf-original=""usc"" data-nf-usc=""cup"">cup</span> lime juice, freshly juiced</li>","lime juice, freshly juiced",lime juice freshly juiced,0.33,cup,ok,
healthysimpleyum,https://healthysimpleyum.com/cauliflower-ceviche/,Cauliflower Ceviche,20.0,True,<li>Salt to taste</li>,Salt to taste,salt to taste,,,ok,
healthysimpleyum,https://healthysimpleyum.com/cauliflower-ceviche/,Cauliflower Ceviche,20.0,True,"<li><span data-amount=""2"">2</span> avocados, diced</li>","avocados, diced",avocados,2.0,,ok,
healthysimpleyum,https://healthysimpleyum.com/cauliflower-ceviche/,Cauliflower Ceviche,20.0,True,"<li>Tortilla chips, for serving</li>","Tortilla chips, for serving",tortilla chips for serving,,,ok,
healthysimpleyum,https://healthysimpleyum.com/cauliflower-tacos/,Cauliflower Tacos,50.0,True,"<li><span class=""nutrifox-quantity"" data-amount=""4"" data-nf-food-description=""Cauliflower, raw"" data-nf-food-id=""2908"" data-nf-metric=""428"" data-nf-metric-unit=""gram"" data-nf-original=""usc"" data-nf-usc=""4"" data-nf-usc-unit=""cup"" data-unit=""cup"">4</span> <span class=""nutrifox-unit"" data-nf-food-description=""Cauliflower, raw"" data-nf-food-id=""2908"" data-nf-metric=""gram"" data-nf-original=""usc"" data-nf-usc=""cup"">cups</span> of cauliflower florets</li>",of cauliflower florets,cauliflower florets,4.0,cups,ok,
healthysimpleyum,https://healthysimpleyum.com/cauliflower-tacos/,Cauliflower Tacos,50.0,True,"<li><span data-amount=""1"" data-unit=""tsp"">1 tsp</span> of garlic powder</li>",of garlic powder,garlic powder,1.0,tsp,ok,
healthysimpleyum,https://healthysimpleyum.com/cauliflower-tacos/,Cauliflower Tacos,50.0,True,"<li><span data-amount=""1"" data-unit=""tsp"">1 tsp</span> onion powder</li>",onion powder,onion powder,1.0,tsp,ok,
healthysimpleyum,https://healthysimpleyum.com/cauliflower-tacos/,Cauliflower Tacos,50.0,True,"<li><span data-amount=""1"" data-unit=""tbsp"">1 tbsp</span> chili powder</li>",chili powder,chili powder,1.0,tbsp,ok,
healthysimpleyum,https://healthysimpleyum.com/cauliflower-tacos/,Cauliflower Tacos,50.0,True,"<li><span data-amount=""0.5"" data-unit=""tsp"">½ tsp</span> of paprika</li>",of paprika,paprika,0.5,tsp,ok,
healthysimpleyum,https://healthysimpleyum.com/cauliflower-tacos/,Cauliflower Tacos,50.0,True,"<li><span data-amount=""0.5"" data-unit=""tsp"">½ tsp</span> cumin</li>",cumin,cumin,0.5,tsp,ok,
healthysimpleyum,https://healthysimpleyum.com/cauliflower-tacos/,Cauliflower Tacos,50.0,True,"<li><span data-amount=""0.5"" data-unit=""tsp"">½ tsp</span> black pepper</li>",black pepper,black pepper,0.5,tsp,ok,
healthysimpleyum,https://healthysimpleyum.com/cauliflower-tacos/,Cauliflower Tacos,50.0,True,"<li><span data-amount=""1"" data-unit=""tsp"">1 tsp</span> of salt</li>",of salt,salt,1.0,tsp,ok,
healthysimpleyum,https://healthysimpleyum.com/cauliflower-tacos/,Cauliflower Tacos,50.0,True,"<li><span data-amount=""3"" data-unit=""tbsp"">3 tbsp</span> olive or avocado oil</li>",olive or avocado oil,olive  avocado oil,3.0,tbsp,ok,
healthysimpleyum,https://healthysimpleyum.com/cauliflower-tacos/,Cauliflower Tacos,50.0,True,"<li><span class=""nutrifox-quantity"" data-amount=""1"" data-nf-food-description=""Nuts, cashew nuts, raw"" data-nf-food-id=""3645"">1</span> <span class=""nutrifox-unit"" data-nf-food-description=""Nuts, cashew nuts, raw"" data-nf-food-id=""3645"">cup</span> of cashews, soaked overnight</li>","of cashews, soaked overnight",cashews soaked overnight,1.0,cup,ok,
healthysimpleyum,https://healthysimpleyum.com/cauliflower-tacos/,Cauliflower Tacos,50.0,True,"<li><span data-amount=""1"" data-unit=""tbsp"">1 tbsp</span> of apple cider vinegar (or lime)</li>",of apple cider vinegar (or lime),apple cider vinegar  lime,1.0,tbsp,ok,
healthysimpleyum,https://healthysimpleyum.com/cauliflower-tacos/,Cauliflower Tacos,50.0,True,"<li><span data-amount=""2"" data-unit=""tbsp"">2 tbsp</span> chipotle in adobo sauce (or to taste)</li>",chipotle in adobo sauce (or to taste),chipotle in adobo sauce  to taste,2.0,tbsp,ok,
healthysimpleyum,https://healthysimpleyum.com/cauliflower-tacos/,Cauliflower Tacos,50.0,True,"<li><span data-amount=""1"">1</span> chipotle in adobo sauce (from the same can)</li>",chipotle in adobo sauce (from the same can),chipotle in adobo sauce from the same can,1.0,,ok,
healthysimpleyum,https://healthysimpleyum.com/cauliflower-tacos/,Cauliflower Tacos,50.0,True,"<li><span data-amount=""2"">2</span> garlic cloves</li>",garlic cloves,garlic cloves,2.0,,ok,
healthysimpleyum,https://healthysimpleyum.com/cauliflower-tacos/,Cauliflower Tacos,50.0,True,"<li><span class=""nutrifox-quantity"" data-amount=""0.25"" data-nf-food-description=""Beverages, water, tap, drinking"" data-nf-food-id=""4384"" data-nf-metric=""59.25"" data-nf-metric-unit=""ml"" data-nf-original=""usc"" data-nf-usc=""0.25"" data-nf-usc-unit=""cup"" data-unit=""cup"">¼</span> <span class=""nutrifox-unit"" data-nf-food-description=""Beverages, water, tap, drinking"" data-nf-food-id=""4384"" data-nf-metric=""ml"" data-nf-original=""usc"" data-nf-usc=""cup"">cup</span> water</li>",water,water,0.25,cup,ok,
healthysimpleyum,https://healthysimpleyum.com/cauliflower-tacos/,Cauliflower Tacos,50.0,True,"<li><span data-amount=""1"" data-unit=""tsp"">1 tsp</span> salt</li>",salt,salt,1.0,tsp,ok,
healthysimpleyum,https://healthysimpleyum.com/cauliflower-tacos/,Cauliflower Tacos,50.0,True,<li>Avocado</li>,Avocado,avocado,,,ok,
healthysimpleyum,https://healthysimpleyum.com/cauliflower-tacos/,Cauliflower Tacos,50.0,True,<li>Shredded cabbage</li>,Shredded cabbage,shredded cabbage,,,ok,
healthysimpleyum,https://healthysimpleyum.com/cauliflower-tacos/,Cauliflower Tacos,50.0,True,<li>Chili-lime chickpeas</li>,Chili-lime chickpeas,chililime chickpeas,,,ok,
healthysimpleyum,https://healthysimpleyum.com/cauliflower-tacos/,Cauliflower Tacos,50.0,True,<li>Cilantro</li>,Cilantro,cilantro,,,ok,
healthysimpleyum,https://healthysimpleyum.com/cauliflower-tacos/,Cauliflower Tacos,50.0,True,<li>Shredded cabbage</li>,Shredded cabbage,shredded cabbage,,,ok,
healthysimpleyum,https://healthysimpleyum.com/cauliflower-tacos/,Cauliflower Tacos,50.0,True,<li>Pickled onions</li>,Pickled onions,pickled onions,,,ok,
healthysimpleyum,https://healthysimpleyum.com/chamoy-recipe/,,,,,,,,,error,"1 validation error for IngredientData
quantity
  Input should be a valid number, unable to parse string as a number [type=float_parsing, input_value='¾', input_type=str]
    For further information visit https://errors.pydantic.dev/2.13/v/float_parsing"
healthysimpleyum,https://healthysimpleyum.com/charro-beans/,Charro Beans (Frijoles Charros) - Healthy Simple Yum,20.0,True,"<li><span class=""nutrifox-quantity"" data-amount=""2"" data-nf-food-description=""Beans, black turtle, mature seeds, canned"" data-nf-food-id=""4757"" data-nf-metric=""480"" data-nf-metric-unit=""gram"" data-nf-original=""usc"" data-nf-usc=""2"" data-nf-usc-unit=""cup"" data-unit=""cup"">2</span> <span class=""nutrifox-unit"" data-nf-food-description=""Beans, black turtle, mature seeds, canned"" data-nf-food-id=""4757"" data-nf-metric=""gram"" data-nf-original=""usc"" data-nf-usc=""cup"">cups</span> cooked beans (I use Mayocoba/Peruvian beans)</li>",cooked beans (I use Mayocoba/Peruvian beans),cooked beans i use mayocoba/peruvian beans,2.0,cups,ok,
healthysimpleyum,https://healthysimpleyum.com/charro-beans/,Charro Beans (Frijoles Charros) - Healthy Simple Yum,20.0,True,"<li><span class=""nutrifox-quantity"" data-amount=""2"" data-nf-food-description=""SWANSON BROTH, Certified Organic Vegetable Broth"" data-nf-food-id=""1539"" data-nf-metric=""474"" data-nf-metric-unit=""ml"" data-nf-original=""usc"" data-nf-usc=""2"" data-nf-usc-unit=""cup"" data-unit=""cup"">2</span>–<span class=""nutrifox-second-quantity"" data-amount=""3"" data-nf-food-description=""SWANSON BROTH, Certified Organic Vegetable Broth"" data-nf-food-id=""1539"" data-nf-metric=""711"" data-nf-metric-unit=""ml"" data-nf-original=""usc"" data-nf-usc=""3"" data-nf-usc-unit=""cup"" data-unit=""cup"">3</span> <span class=""nutrifox-unit"" data-nf-food-description=""SWANSON BROTH, Certified Organic Vegetable Broth"" data-nf-food-id=""1539"" data-nf-metric=""ml"" data-nf-original=""usc"" data-nf-usc=""cup"">cups</span> bean broth or vegetable broth</li>",–3bean broth or vegetable broth,bean broth  vegetable broth,2.0,cups,ok,
healthysimpleyum,https://healthysimpleyum.com/charro-beans/,Charro Beans (Frijoles Charros) - Healthy Simple Yum,20.0,True,"<li><span data-amount=""2"" data-unit=""tablespoon"">2 tablespoons</span> oil</li>",oil,oil,2.0,tablespoon,ok,
healthysimpleyum,https://healthysimpleyum.com/charro-beans/,Charro Beans (Frijoles Charros) - Healthy Simple Yum,20.0,True,"<li><span data-amount=""2"">2</span> vegan hot dog links, sliced (see above)</li>","vegan hot dog links, sliced (see above)",vegan hot dog links sliced see above,2.0,,ok,
healthysimpleyum,https://healthysimpleyum.com/charro-beans/,Charro Beans (Frijoles Charros) - Healthy Simple Yum,20.0,True,"<li><span class=""nutrifox-quantity"" data-amount=""0.5"" data-nf-food-description=""Chorizo, pork and beef"" data-nf-food-id=""1635"">½</span> <span class=""nutrifox-unit"" data-nf-food-description=""Chorizo, pork and beef"" data-nf-food-id=""1635"">cup</span> Soyrizo (see above)</li>",Soyrizo (see above),soyrizo see above,0.5,cup,ok,
healthysimpleyum,https://healthysimpleyum.com/charro-beans/,Charro Beans (Frijoles Charros) - Healthy Simple Yum,20.0,True,"<li><span data-amount=""2"">2</span> tomatoes, diced</li>","tomatoes, diced",tomatoes,2.0,,ok,
healthysimpleyum,https://healthysimpleyum.com/charro-beans/,Charro Beans (Frijoles Charros) - Healthy Simple Yum,20.0,True,"<li><span data-amount=""0.5"">½</span> medium onion, diced</li>","medium onion, diced",onion,0.5,,ok,
healthysimpleyum,https://healthysimpleyum.com/charro-beans/,Charro Beans (Frijoles Charros) - Healthy Simple Yum,20.0,True,"<li><span data-amount=""3"">3</span> garlic cloves, minced</li>","garlic cloves, minced",garlic cloves,3.0,,ok,
healthysimpleyum,https://healthysimpleyum.com/charro-beans/,Charro Beans (Frijoles Charros) - Healthy Simple Yum,20.0,True,"<li><span data-amount=""1"">1</span> serrano pepper, diced</li>","serrano pepper, diced",serrano pepper,1.0,,ok,
healthysimpleyum,https://healthysimpleyum.com/charro-beans/,Charro Beans (Frijoles Charros) - Healthy Simple Yum,20.0,True,"<li><span data-amount=""1"">1</span> Chile de arbor, finely diced (optional for extra heat!)</li>","Chile de arbor, finely diced (optional for extra heat!)",chile de arbor finely   for  heat!,1.0,,ok,
healthysimpleyum,https://healthysimpleyum.com/charro-beans/,Charro Beans (Frijoles Charros) - Healthy Simple Yum,20.0,True,<li>Salt and pepper to taste</li>,Salt and pepper to taste,salt  pepper to taste,,,ok,
healthysimpleyum,https://healthysimpleyum.com/charro-beans/,Charro Beans (Frijoles Charros) - Healthy Simple Yum,20.0,True,"<li>Cilantro, chopped</li>","Cilantro, chopped",cilantro,,,ok,
healthysimpleyum,https://healthysimpleyum.com/charro-beans/,Charro Beans (Frijoles Charros) - Healthy Simple Yum,20.0,True,"<li>Onion, diced</li>","Onion, diced",onion,,,ok,
healthysimpleyum,https://healthysimpleyum.com/charro-beans/,Charro Beans (Frijoles Charros) - Healthy Simple Yum,20.0,True,<li>Tortilla chips</li>,Tortilla chips,tortilla chips,,,ok,
healthysimpleyum,https://healthysimpleyum.com/charro-beans/,Charro Beans (Frijoles Charros) - Healthy Simple Yum,20.0,True,<li>Vegan sour cream</li>,Vegan sour cream,vegan sour cream,,,ok,
healthysimpleyum,https://healthysimpleyum.com/charro-beans/,Charro Beans (Frijoles Charros) - Healthy Simple Yum,20.0,True,<li>Vegan cheese</li>,Vegan cheese,vegan cheese,,,ok,
healthysimpleyum,https://healthysimpleyum.com/chayote-soup/,,,,,,,,,error,"1 validation error for IngredientData
quantity
  Input should be a valid number, unable to parse string as a number [type=float_parsing, input_value='1 ½', input_type=str]
    For further information visit https://errors.pydantic.dev/2.13/v/float_parsing"
healthysimpleyum,https://healthysimpleyum.com/chickpea-flour-frittata-muffins/,Chickpea Flour Frittata Muffins | Mexican Recipe,45.0,True,"<li><span data-amount=""1.5"" data-unit=""cup"">1 ½ cup</span> chickpea flour</li>",chickpea flour,chickpea flour,1.5,cup,ok,
healthysimpleyum,https://healthysimpleyum.com/chickpea-flour-frittata-muffins/,Chickpea Flour Frittata Muffins | Mexican Recipe,45.0,True,"<li><span data-amount=""1.5"" data-unit=""cup"">1 ½ cup</span> water</li>",water,water,1.5,cup,ok,
healthysimpleyum,https://healthysimpleyum.com/chickpea-flour-frittata-muffins/,Chickpea Flour Frittata Muffins | Mexican Recipe,45.0,True,"<li><span data-amount=""0.25"" data-unit=""cup"">¼ cup</span> nutritional yeast</li>",nutritional yeast,nutritional yeast,0.25,cup,ok,
healthysimpleyum,https://healthysimpleyum.com/chickpea-flour-frittata-muffins/,Chickpea Flour Frittata Muffins | Mexican Recipe,45.0,True,"<li><span data-amount=""1"" data-unit=""tbsp"">1 tbsp</span> chili powder</li>",chili powder,chili powder,1.0,tbsp,ok,
healthysimpleyum,https://healthysimpleyum.com/chickpea-flour-frittata-muffins/,Chickpea Flour Frittata Muffins | Mexican Recipe,45.0,True,"<li><span data-amount=""1"" data-unit=""tsp"">1 tsp</span> garlic powder</li>",garlic powder,garlic powder,1.0,tsp,ok,
healthysimpleyum,https://healthysimpleyum.com/chickpea-flour-frittata-muffins/,Chickpea Flour Frittata Muffins | Mexican Recipe,45.0,True,"<li><span data-amount=""1"" data-unit=""tsp"">1 tsp</span> onion powder</li>",onion powder,onion powder,1.0,tsp,ok,
healthysimpleyum,https://healthysimpleyum.com/chickpea-flour-frittata-muffins/,Chickpea Flour Frittata Muffins | Mexican Recipe,45.0,True,"<li><span data-amount=""0.5"" data-unit=""tsp"">½ tsp</span> oregano</li>",oregano,oregano,0.5,tsp,ok,
healthysimpleyum,https://healthysimpleyum.com/chickpea-flour-frittata-muffins/,Chickpea Flour Frittata Muffins | Mexican Recipe,45.0,True,"<li><span data-amount=""2"" data-unit=""tsp"">2 tsp</span> baking powder</li>",baking powder,baking powder,2.0,tsp,ok,
healthysimpleyum,https://healthysimpleyum.com/chickpea-flour-frittata-muffins/,Chickpea Flour Frittata Muffins | Mexican Recipe,45.0,True,"<li><span data-amount=""1"">1</span>–<span data-amount=""2"">2</span> jalapeños, diced</li>","jalapeños, diced",jalapeños,1.0,,ok,
healthysimpleyum,https://healthysimpleyum.com/chickpea-flour-frittata-muffins/,Chickpea Flour Frittata Muffins | Mexican Recipe,45.0,True,"<li><span data-amount=""0.5"">½</span> red bell pepper, diced</li>","red bell pepper, diced",red bell pepper,0.5,,ok,
healthysimpleyum,https://healthysimpleyum.com/chickpea-flour-frittata-muffins/,Chickpea Flour Frittata Muffins | Mexican Recipe,45.0,True,"<li><span data-amount=""3"">3</span> green onions, diced</li>","green onions, diced",green onions,3.0,,ok,
healthysimpleyum,https://healthysimpleyum.com/chickpea-flour-frittata-muffins/,Chickpea Flour Frittata Muffins | Mexican Recipe,45.0,True,"<li><span data-amount=""1"" data-unit=""tbsp"">1 tbsp</span> olive oil (optional)</li>",olive oil (optional),olive oil,1.0,tbsp,ok,
healthysimpleyum,https://healthysimpleyum.com/chickpea-flour-frittata-muffins/,Chickpea Flour Frittata Muffins | Mexican Recipe,45.0,True,"<li><span data-amount=""0.5"" data-unit=""cup"">½ cup</span> vegan chorizo (optional)</li>",vegan chorizo (optional),vegan chorizo,0.5,cup,ok,
healthysimpleyum,https://healthysimpleyum.com/chickpea-flour-frittata-muffins/,Chickpea Flour Frittata Muffins | Mexican Recipe,45.0,True,"<li><span data-amount=""0.25"">¼</span>–<span data-amount=""0.5"">½</span> cup vegan cheese (optional)</li>",cup vegan cheese (optional),cup vegan cheese,0.25,,ok,
healthysimpleyum,https://healthysimpleyum.com/chickpea-flour-frittata-muffins/,Chickpea Flour Frittata Muffins | Mexican Recipe,45.0,True,"<li><span data-amount=""1"" data-unit=""tsp"">1 tsp</span> salt or  ½ tsp black salt + <span data-amount=""0.5"" data-unit=""tsp"">½ tsp</span> salt</li>",salt or  ½ tsp black salt + salt,salt   ½ tsp black salt + salt,1.0,tsp,ok,
healthysimpleyum,https://healthysimpleyum.com/chickpea-salad/,Easy Chickpea Salad,20.0,True,"<li><span data-amount=""1"">1</span> can or <span data-amount=""1.5"" data-unit=""cup"">1 ½ cups</span> of Chickpeas, drained</li>","can or of Chickpeas, drained",can   chickpeas drained,1.0,,ok,
healthysimpleyum,https://healthysimpleyum.com/chickpea-salad/,Easy Chickpea Salad,20.0,True,"<li><span data-amount=""0.5"">½</span> can of Corn Kernels or <span data-amount=""0.75"" data-unit=""cup"">¾ cup</span>, drained</li>","can of Corn Kernels or , drained",can  corn kernels   drained,0.5,,ok,
healthysimpleyum,https://healthysimpleyum.com/chickpea-salad/,Easy Chickpea Salad,20.0,True,"<li><span class=""nutrifox-quantity"" data-amount=""0.5"" data-nf-food-description=""Coriander (cilantro) leaves, raw"" data-nf-food-id=""2931"" data-nf-metric=""8"" data-nf-metric-unit=""gram"" data-nf-original=""usc"" data-nf-usc=""0.5"" data-nf-usc-unit=""cup"" data-unit=""cup"">½</span> <span class=""nutrifox-unit"" data-nf-food-description=""Coriander (cilantro) leaves, raw"" data-nf-food-id=""2931"" data-nf-metric=""gram"" data-nf-original=""usc"" data-nf-usc=""cup"">cup</span> Cilantro, roughly chopped</li>","Cilantro, roughly chopped",cilantro roughly,0.5,cup,ok,
healthysimpleyum,https://healthysimpleyum.com/chickpea-salad/,Easy Chickpea Salad,20.0,True,"<li><span data-amount=""0.5"">½</span> Red onion, diced</li>","Red onion, diced",red onion,0.5,,ok,
healthysimpleyum,https://healthysimpleyum.com/chickpea-salad/,Easy Chickpea Salad,20.0,True,"<li><span data-amount=""1"">1</span> ripe Mango, diced</li>","ripe Mango, diced",ripe mango,1.0,,ok,
healthysimpleyum,https://healthysimpleyum.com/chickpea-salad/,Easy Chickpea Salad,20.0,True,"<li><span class=""nutrifox-quantity"" data-amount=""1"" data-nf-food-description=""Cabbage, red, raw"" data-nf-food-id=""2890"" data-nf-metric=""89"" data-nf-metric-unit=""gram"" data-nf-original=""usc"" data-nf-usc=""1"" data-nf-usc-unit=""cup"" data-unit=""cup"">1</span> <span class=""nutrifox-unit"" data-nf-food-description=""Cabbage, red, raw"" data-nf-food-id=""2890"" data-nf-metric=""gram"" data-nf-original=""usc"" data-nf-usc=""cup"">cup</span> Cabbage, shredded</li>","Cabbage, shredded",cabbage shredded,1.0,cup,ok,
healthysimpleyum,https://healthysimpleyum.com/chickpea-salad/,Easy Chickpea Salad,20.0,True,"<li><span data-amount=""4"">4</span>–<span data-amount=""5"">5</span> Radishes, diced</li>","Radishes, diced",radishes,4.0,,ok,
healthysimpleyum,https://healthysimpleyum.com/chickpea-salad/,Easy Chickpea Salad,20.0,True,"<li><span data-amount=""1"">1</span> Tomato, diced</li>","Tomato, diced",tomato,1.0,,ok,
healthysimpleyum,https://healthysimpleyum.com/chickpea-salad/,Easy Chickpea Salad,20.0,True,"<li><span data-amount=""1"">1</span>–<span data-amount=""2"">2</span> jalapeños, diced </li>","jalapeños, diced",jalapeños,1.0,,ok,
healthysimpleyum,https://healthysimpleyum.com/chickpea-salad/,Easy Chickpea Salad,20.0,True,"<li><span data-amount=""3"">3</span>–<span data-amount=""4"">4</span> Limes, juiced </li>","Limes, juiced",limes juiced,3.0,,ok,
healthysimpleyum,https://healthysimpleyum.com/chickpea-salad/,Easy Chickpea Salad,20.0,True,"<li><span data-amount=""2"" data-unit=""tbsp"">2 tbsp</span> Olive Oil, opțional</li>","Olive Oil, opțional",olive oil opțional,2.0,tbsp,ok,
healthysimpleyum,https://healthysimpleyum.com/chickpea-salad/,Easy Chickpea Salad,20.0,True,<li>Salt and pepper to taste</li>,Salt and pepper to taste,salt  pepper to taste,,,ok,
healthysimpleyum,https://healthysimpleyum.com/chickpea-salad/,Easy Chickpea Salad,20.0,True,"<li><span data-amount=""1"">1</span>–<span data-amount=""2"">2</span> Avocados, diced</li>","Avocados, diced",avocados,1.0,,ok,
healthysimpleyum,https://healthysimpleyum.com/chilaquiles-recipe/,Chilaquiles Recipe (Plant-based!),25.0,True,"<li><span data-amount=""7"">7</span> dried guajillo or california chiles</li>",dried guajillo or california chiles,guajillo  california chiles,7.0,,ok,
healthysimpleyum,https://healthysimpleyum.com/chilaquiles-recipe/,Chilaquiles Recipe (Plant-based!),25.0,True,"<li><span data-amount=""2"">2</span> chiles de arbor (Optional, spicy)</li>","chiles de arbor (Optional, spicy)",chiles de arbor  spicy,2.0,,ok,
healthysimpleyum,https://healthysimpleyum.com/chilaquiles-recipe/,Chilaquiles Recipe (Plant-based!),25.0,True,"<li><span class=""nutrifox-quantity"" data-amount=""1"" data-nf-food-description=""Beverages, water, tap, drinking"" data-nf-food-id=""4384"" data-nf-metric=""237"" data-nf-metric-unit=""ml"" data-nf-original=""usc"" data-nf-usc=""1"" data-nf-usc-unit=""cup"" data-unit=""cup"">1</span> <span class=""nutrifox-unit"" data-nf-food-description=""Beverages, water, tap, drinking"" data-nf-food-id=""4384"" data-nf-metric=""ml"" data-nf-original=""usc"" data-nf-usc=""cup"">cup</span> water</li>",water,water,1.0,cup,ok,
healthysimpleyum,https://healthysimpleyum.com/chilaquiles-recipe/,Chilaquiles Recipe (Plant-based!),25.0,True,"<li><span data-amount=""3"">3</span> garlic cloves</li>",garlic cloves,garlic cloves,3.0,,ok,
healthysimpleyum,https://healthysimpleyum.com/chilaquiles-recipe/,Chilaquiles Recipe (Plant-based!),25.0,True,"<li><span data-amount=""0.5"">½</span> onion</li>",onion,onion,0.5,,ok,
healthysimpleyum,https://healthysimpleyum.com/chilaquiles-recipe/,Chilaquiles Recipe (Plant-based!),25.0,True,<li>Salt to taste</li>,Salt to taste,salt to taste,,,ok,
healthysimpleyum,https://healthysimpleyum.com/chilaquiles-recipe/,Chilaquiles Recipe (Plant-based!),25.0,True,"<li><span data-amount=""8"">8</span> Corn tortillas</li>",Corn tortillas,corn tortillas,8.0,,ok,
healthysimpleyum,https://healthysimpleyum.com/chilaquiles-recipe/,Chilaquiles Recipe (Plant-based!),25.0,True,"<li><span data-amount=""1"" data-unit=""tbsp"">1 tbsp</span> avocado oil (any neutral oil)</li>",avocado oil (any neutral oil),avocado oil any neutral oil,1.0,tbsp,ok,
healthysimpleyum,https://healthysimpleyum.com/chilaquiles-recipe/,Chilaquiles Recipe (Plant-based!),25.0,True,"<li><span data-amount=""0.5"">½</span> container of Just Egg</li>",container of Just Egg,container  just egg,0.5,,ok,
healthysimpleyum,https://healthysimpleyum.com/chilaquiles-recipe/,Chilaquiles Recipe (Plant-based!),25.0,True,"<li><span class=""nutrifox-quantity"" data-amount=""0.5"" data-nf-food-description=""Vegan Cheddar Cheese"" data-nf-food-id=""17872"" data-nf-metric=""56"" data-nf-metric-unit=""gram"" data-nf-original=""usc"" data-nf-usc=""0.5"" data-nf-usc-unit=""cup"" data-unit=""cup"">½</span> <span class=""nutrifox-unit"" data-nf-food-description=""Vegan Cheddar Cheese"" data-nf-food-id=""17872"" data-nf-metric=""gram"" data-nf-original=""usc"" data-nf-usc=""cup"">cup</span> vegan cheese</li>",vegan cheese,vegan cheese,0.5,cup,ok,
healthysimpleyum,https://healthysimpleyum.com/chilaquiles-recipe/,Chilaquiles Recipe (Plant-based!),25.0,True,"<li><span data-amount=""1"">1</span> avocado</li>",avocado,avocado,1.0,,ok,
healthysimpleyum,https://healthysimpleyum.com/chilaquiles-recipe/,Chilaquiles Recipe (Plant-based!),25.0,True,<li>Fresh cilantro</li>,Fresh cilantro,cilantro,,,ok,
healthysimpleyum,https://healthysimpleyum.com/chilaquiles-recipe/,Chilaquiles Recipe (Plant-based!),25.0,True,<li>Vegan sour cream</li>,Vegan sour cream,vegan sour cream,,,ok,
healthysimpleyum,https://healthysimpleyum.com/chochoyotes-con-lentejas/,Chochoyotes in Lentil Soup - Healthy Simple Yum,35.0,True,"<li><span data-amount=""1"" data-unit=""cup"">1 cup</span> instant masa flour (Maseca)</li>",instant masa flour (Maseca),instant masa flour maseca,1.0,cup,ok,
healthysimpleyum,https://healthysimpleyum.com/chochoyotes-con-lentejas/,Chochoyotes in Lentil Soup - Healthy Simple Yum,35.0,True,"<li><span data-amount=""1"" data-unit=""cup"">1 cup</span> hot water</li>",hot water,hot water,1.0,cup,ok,
healthysimpleyum,https://healthysimpleyum.com/chochoyotes-con-lentejas/,Chochoyotes in Lentil Soup - Healthy Simple Yum,35.0,True,"<li><span data-amount=""0.5"" data-unit=""teaspoon"">½ teaspoon</span> of salt</li>",of salt,salt,0.5,teaspoon,ok,
healthysimpleyum,https://healthysimpleyum.com/chochoyotes-con-lentejas/,Chochoyotes in Lentil Soup - Healthy Simple Yum,35.0,True,"<li><span data-amount=""2"" data-unit=""cup"">2 cups</span> green lentils</li>",green lentils,green lentils,2.0,cup,ok,
healthysimpleyum,https://healthysimpleyum.com/chochoyotes-con-lentejas/,Chochoyotes in Lentil Soup - Healthy Simple Yum,35.0,True,"<li><span data-amount=""1"" data-unit=""tbsp"">1 tbsp</span> neutral oil (I used avocado)</li>",neutral oil (I used avocado),neutral oil i used avocado,1.0,tbsp,ok,
healthysimpleyum,https://healthysimpleyum.com/chochoyotes-con-lentejas/,Chochoyotes in Lentil Soup - Healthy Simple Yum,35.0,True,"<li><span data-amount=""4"">4</span> tomatoes</li>",tomatoes,tomatoes,4.0,,ok,
healthysimpleyum,https://healthysimpleyum.com/chochoyotes-con-lentejas/,Chochoyotes in Lentil Soup - Healthy Simple Yum,35.0,True,"<li><span data-amount=""2"">2</span>–<span data-amount=""3"">3</span> garlic cloves</li>",garlic cloves,garlic cloves,2.0,,ok,
healthysimpleyum,https://healthysimpleyum.com/chochoyotes-con-lentejas/,Chochoyotes in Lentil Soup - Healthy Simple Yum,35.0,True,"<li><span data-amount=""1"">1</span> small onion</li>",small onion,onion,1.0,,ok,
healthysimpleyum,https://healthysimpleyum.com/chochoyotes-con-lentejas/,Chochoyotes in Lentil Soup - Healthy Simple Yum,35.0,True,"<li><span data-amount=""1"">1</span> Jalapeno (optional)</li>",Jalapeno (optional),jalapeno,1.0,,ok,
healthysimpleyum,https://healthysimpleyum.com/chochoyotes-con-lentejas/,Chochoyotes in Lentil Soup - Healthy Simple Yum,35.0,True,"<li><span data-amount=""8"" data-unit=""cup"">8 cups</span> vegetable broth (see above)</li>",vegetable broth (see above),vegetable broth see above,8.0,cup,ok,
healthysimpleyum,https://healthysimpleyum.com/chochoyotes-con-lentejas/,Chochoyotes in Lentil Soup - Healthy Simple Yum,35.0,True,"<li><span data-amount=""2"">2</span> roasted poblano peppers (optional for garnish)</li>",roasted poblano peppers (optional for garnish),poblano peppers  for garnish,2.0,,ok,
healthysimpleyum,https://healthysimpleyum.com/chochoyotes-con-lentejas/,Chochoyotes in Lentil Soup - Healthy Simple Yum,35.0,True,<li>Cilantro</li>,Cilantro,cilantro,,,ok,
healthysimpleyum,https://healthysimpleyum.com/chocolate-chia-pudding/,,,,,,,,,error,"1 validation error for IngredientData
quantity
  Input should be a valid number, unable to parse string as a number [type=float_parsing, input_value='⅔', input_type=str]
    For further information visit https://errors.pydantic.dev/2.13/v/float_parsing"
healthysimpleyum,https://healthysimpleyum.com/corundas/,,,,,,,,,error,"1 validation error for IngredientData
quantity
  Input should be a valid number, unable to parse string as a number [type=float_parsing, input_value='⅔', input_type=str]
    For further information visit https://errors.pydantic.dev/2.13/v/float_parsing"
healthysimpleyum,https://healthysimpleyum.com/creamy-chipotle-pasta/,Creamy Chipotle Pasta (High Protein & Nutritious!),35.0,True,"<li><span data-amount=""2"" data-unit=""cup"">2 cups</span> butternut squash, diced</li>","butternut squash, diced",butternut squash,2.0,cup,ok,
healthysimpleyum,https://healthysimpleyum.com/creamy-chipotle-pasta/,Creamy Chipotle Pasta (High Protein & Nutritious!),35.0,True,"<li><span data-amount=""1"" data-unit=""cup"">1 cup</span> zucchini, diced</li>","zucchini, diced",zucchini,1.0,cup,ok,
healthysimpleyum,https://healthysimpleyum.com/creamy-chipotle-pasta/,Creamy Chipotle Pasta (High Protein & Nutritious!),35.0,True,"<li><span data-amount=""1"">1</span> bell pepper, diced</li>","bell pepper, diced",bell pepper,1.0,,ok,
healthysimpleyum,https://healthysimpleyum.com/creamy-chipotle-pasta/,Creamy Chipotle Pasta (High Protein & Nutritious!),35.0,True,"<li><span data-amount=""1"">1</span> can of black beans</li>",can of black beans,can  black beans,1.0,,ok,
healthysimpleyum,https://healthysimpleyum.com/creamy-chipotle-pasta/,Creamy Chipotle Pasta (High Protein & Nutritious!),35.0,True,"<li><span data-amount=""10"" data-unit=""oz"">10oz</span> cooked noodles</li>",cooked noodles,cooked noodles,10.0,oz,ok,
healthysimpleyum,https://healthysimpleyum.com/creamy-chipotle-pasta/,Creamy Chipotle Pasta (High Protein & Nutritious!),35.0,True,"<li><span data-amount=""1"" data-unit=""tbsp"">1 tbsp</span> oil</li>",oil,oil,1.0,tbsp,ok,
healthysimpleyum,https://healthysimpleyum.com/creamy-chipotle-pasta/,Creamy Chipotle Pasta (High Protein & Nutritious!),35.0,True,<li>Salt and pepper</li>,Salt and pepper,salt  pepper,,,ok,
healthysimpleyum,https://healthysimpleyum.com/creamy-chipotle-pasta/,Creamy Chipotle Pasta (High Protein & Nutritious!),35.0,True,"<li><span data-amount=""0.5"">½</span> block of silken tofu</li>",block of silken tofu,block  silken tofu,0.5,,ok,
healthysimpleyum,https://healthysimpleyum.com/creamy-chipotle-pasta/,Creamy Chipotle Pasta (High Protein & Nutritious!),35.0,True,"<li><span data-amount=""2"" data-unit=""cup"">2 cups</span> vegetable broth (see above)</li>",vegetable broth (see above),vegetable broth see above,2.0,cup,ok,
healthysimpleyum,https://healthysimpleyum.com/creamy-chipotle-pasta/,Creamy Chipotle Pasta (High Protein & Nutritious!),35.0,True,"<li><span data-amount=""3"">3</span> garlic cloves</li>",garlic cloves,garlic cloves,3.0,,ok,
healthysimpleyum,https://healthysimpleyum.com/creamy-chipotle-pasta/,Creamy Chipotle Pasta (High Protein & Nutritious!),35.0,True,"<li><span data-amount=""1"">1</span> chipotle in adobo sauce (not the entire can – see above)</li>",chipotle in adobo sauce (not the entire can – see above),chipotle in adobo sauce not the entire can  see above,1.0,,ok,
healthysimpleyum,https://healthysimpleyum.com/creamy-chipotle-pasta/,Creamy Chipotle Pasta (High Protein & Nutritious!),35.0,True,"<li><span data-amount=""0.5"" data-unit=""tbsp"">½ tbsp</span> brown sugar</li>",brown sugar,brown sugar,0.5,tbsp,ok,
healthysimpleyum,https://healthysimpleyum.com/creamy-chipotle-pasta/,Creamy Chipotle Pasta (High Protein & Nutritious!),35.0,True,"<li><span data-amount=""0.5"">½</span> – <span data-amount=""1"">1</span> tsp salt (to taste)</li>",tsp salt (to taste),tsp salt to taste,0.5,,ok,
healthysimpleyum,https://healthysimpleyum.com/crispy-breaded-tofu/,"The BEST Crispy Tofu Recipe (""breaded""and gluten-free)",55.0,True,"<li><span data-amount=""1"">1</span> block of extra firm tofu (see above)</li>",block of extra firm tofu (see above),block   firm tofu see above,1.0,,ok,
healthysimpleyum,https://healthysimpleyum.com/crispy-breaded-tofu/,"The BEST Crispy Tofu Recipe (""breaded""and gluten-free)",55.0,True,"<li><span data-amount=""1"" data-unit=""teaspoon"">1 teaspoon</span> garlic powder</li>",garlic powder,garlic powder,1.0,teaspoon,ok,
healthysimpleyum,https://healthysimpleyum.com/crispy-breaded-tofu/,"The BEST Crispy Tofu Recipe (""breaded""and gluten-free)",55.0,True,"<li><span data-amount=""0.5"" data-unit=""cup"">½ cup</span> nutritional yeast</li>",nutritional yeast,nutritional yeast,0.5,cup,ok,
healthysimpleyum,https://healthysimpleyum.com/crispy-breaded-tofu/,"The BEST Crispy Tofu Recipe (""breaded""and gluten-free)",55.0,True,"<li><span data-amount=""0.25"" data-unit=""cup"">¼ cup</span> liquid amino acids</li>",liquid amino acids,liquid amino acids,0.25,cup,ok,
healthysimpleyum,https://healthysimpleyum.com/crispy-breaded-tofu/,"The BEST Crispy Tofu Recipe (""breaded""and gluten-free)",55.0,True,"<li><span data-amount=""1"" data-unit=""teaspoon"">1 teaspoon</span> smoked paprika</li>",smoked paprika,smoked paprika,1.0,teaspoon,ok,
healthysimpleyum,https://healthysimpleyum.com/crispy-breaded-tofu/,"The BEST Crispy Tofu Recipe (""breaded""and gluten-free)",55.0,True,<li>Pepper to taste</li>,Pepper to taste,pepper to taste,,,ok,
healthysimpleyum,https://healthysimpleyum.com/crispy-tofu-air-fryer/,Crispy Tofu Air Fryer Friendly,20.0,True,"<li class=""_2QuBr Zn7O0 _2zLWO public-DraftStyleDefault-list-ltr public-DraftStyleDefault-unorderedListItem public-DraftStyleDefault-reset public-DraftStyleDefault-depth0 public-DraftStyleDefault-listLTR"" data-block=""true"" data-editor=""editor"" data-offset-key=""bcv05-0-0"">
<div class=""public-DraftStyleDefault-block public-DraftStyleDefault-ltr"" data-offset-key=""bcv05-0-0""><span data-offset-key=""bcv05-0-0"">1 block of extra firm tofu</span></div>
</li>",,,,,ok,
healthysimpleyum,https://healthysimpleyum.com/crispy-tofu-air-fryer/,Crispy Tofu Air Fryer Friendly,20.0,True,"<li class=""_2QuBr Zn7O0 _2zLWO public-DraftStyleDefault-list-ltr public-DraftStyleDefault-unorderedListItem public-DraftStyleDefault-depth0 public-DraftStyleDefault-listLTR"" data-block=""true"" data-editor=""editor"" data-offset-key=""99rik-0-0"">
<div class=""public-DraftStyleDefault-block public-DraftStyleDefault-ltr"" data-offset-key=""99rik-0-0""><span data-offset-key=""99rik-0-0"">2 tbsp Soy Sauce or Tamari (low sodium)</span></div>
</li>",,,,,ok,
healthysimpleyum,https://healthysimpleyum.com/crispy-tofu-air-fryer/,Crispy Tofu Air Fryer Friendly,20.0,True,"<li class=""_2QuBr Zn7O0 _2zLWO public-DraftStyleDefault-list-ltr public-DraftStyleDefault-unorderedListItem public-DraftStyleDefault-depth0 public-DraftStyleDefault-listLTR"" data-block=""true"" data-editor=""editor"" data-offset-key=""fh6f2-0-0"">
<div class=""public-DraftStyleDefault-block public-DraftStyleDefault-ltr"" data-offset-key=""fh6f2-0-0""><span data-offset-key=""fh6f2-0-0"">¼ cup Nutritional Yeast </span></div>
</li>",,,,,ok,
healthysimpleyum,https://healthysimpleyum.com/crispy-tofu-air-fryer/,Crispy Tofu Air Fryer Friendly,20.0,True,"<li class=""_2QuBr Zn7O0 _2zLWO public-DraftStyleDefault-list-ltr public-DraftStyleDefault-unorderedListItem public-DraftStyleDefault-depth0 public-DraftStyleDefault-listLTR"" data-block=""true"" data-editor=""editor"" data-offset-key=""3ooub-0-0"">
<div class=""public-DraftStyleDefault-block public-DraftStyleDefault-ltr"" data-offset-key=""3ooub-0-0""><span data-offset-key=""3ooub-0-0"">1 tsp Garlic powder</span></div>
</li>",,,,,ok,
healthysimpleyum,https://healthysimpleyum.com/easy-chia-jam/,Easy Chia Jam (Only 3 ingredients!),15.0,True,"<li><span data-amount=""2"" data-unit=""cup"">2 cups</span> strawberries</li>",strawberries,strawberries,2.0,cup,ok,
healthysimpleyum,https://healthysimpleyum.com/easy-chia-jam/,Easy Chia Jam (Only 3 ingredients!),15.0,True,"<li><span data-amount=""0.5"" data-unit=""cup"">½ cup</span> water</li>",water,water,0.5,cup,ok,
healthysimpleyum,https://healthysimpleyum.com/easy-chia-jam/,Easy Chia Jam (Only 3 ingredients!),15.0,True,"<li><span data-amount=""1"">1</span>–<span data-amount=""3"">3</span> tbsp sugar (to taste)</li>",tbsp sugar (to taste),tbsp sugar to taste,1.0,,ok,
healthysimpleyum,https://healthysimpleyum.com/easy-chia-jam/,Easy Chia Jam (Only 3 ingredients!),15.0,True,"<li><span data-amount=""2"" data-unit=""tbsp"">2 tbsp</span> chia seeds</li>",chia seeds,chia seeds,2.0,tbsp,ok,
healthysimpleyum,https://healthysimpleyum.com/easy-lentil-tacos/,Easy Lentil Tacos (Vegan),25.0,True,"<li><span data-amount=""4"" data-unit=""cup"">4 cups</span> of cooked green lentils</li>",of cooked green lentils,cooked green lentils,4.0,cup,ok,
healthysimpleyum,https://healthysimpleyum.com/easy-lentil-tacos/,Easy Lentil Tacos (Vegan),25.0,True,"<li><span data-amount=""0.5"" data-unit=""cup"">½ cup</span> of vegetable broth</li>",of vegetable broth,vegetable broth,0.5,cup,ok,
healthysimpleyum,https://healthysimpleyum.com/easy-lentil-tacos/,Easy Lentil Tacos (Vegan),25.0,True,"<li><span data-amount=""2"" data-unit=""tablespoon"">2 tablespoons</span> soy sauce, low sodium</li>","soy sauce, low sodium",soy sauce low sodium,2.0,tablespoon,ok,
healthysimpleyum,https://healthysimpleyum.com/easy-lentil-tacos/,Easy Lentil Tacos (Vegan),25.0,True,"<li><span data-amount=""1"">1</span> can fire-roasted tomatoes chopped with green chilies</li>",can fire-roasted tomatoes chopped with green chilies,can fireroasted tomatoes  with green chilies,1.0,,ok,
healthysimpleyum,https://healthysimpleyum.com/easy-lentil-tacos/,Easy Lentil Tacos (Vegan),25.0,True,"<li><span data-amount=""4"">4</span> garlic cloves, minced</li>","garlic cloves, minced",garlic cloves,4.0,,ok,
healthysimpleyum,https://healthysimpleyum.com/easy-lentil-tacos/,Easy Lentil Tacos (Vegan),25.0,True,"<li><span data-amount=""0.5"" data-unit=""cup"">½ cup</span> onion, chopped</li>","onion, chopped",onion,0.5,cup,ok,
healthysimpleyum,https://healthysimpleyum.com/easy-lentil-tacos/,Easy Lentil Tacos (Vegan),25.0,True,"<li><span data-amount=""1"" data-unit=""tablespoon"">1 tablespoon</span> chili powder</li>",chili powder,chili powder,1.0,tablespoon,ok,
healthysimpleyum,https://healthysimpleyum.com/easy-lentil-tacos/,Easy Lentil Tacos (Vegan),25.0,True,"<li><span data-amount=""2"" data-unit=""teaspoon"">2 teaspoons</span> of cumin</li>",of cumin,cumin,2.0,teaspoon,ok,
healthysimpleyum,https://healthysimpleyum.com/easy-lentil-tacos/,Easy Lentil Tacos (Vegan),25.0,True,"<li><span data-amount=""3"">3</span>–<span data-amount=""4"">4</span> chipotles in adobo, diced</li>","chipotles in adobo, diced",chipotles in adobo,3.0,,ok,
healthysimpleyum,https://healthysimpleyum.com/easy-lentil-tacos/,Easy Lentil Tacos (Vegan),25.0,True,"<li><span data-amount=""1"" data-unit=""tablespoon"">1 tablespoon</span> maple syrup or brown sugar</li>",maple syrup or brown sugar,maple syrup  brown sugar,1.0,tablespoon,ok,
healthysimpleyum,https://healthysimpleyum.com/easy-lentil-tacos/,Easy Lentil Tacos (Vegan),25.0,True,"<li><span data-amount=""2"" data-unit=""tablespoon"">2 tablespoons</span> lime juice</li>",lime juice,lime juice,2.0,tablespoon,ok,
healthysimpleyum,https://healthysimpleyum.com/easy-mazapan-recipe/,"Mazapan Recipe (Easy, 3-ingredient Mexican Candy)",15.0,True,"<li><span data-amount=""1.5"" data-unit=""cup"">1 ½ cup</span> unsalted, roasted peanuts</li>","unsalted, roasted peanuts",unsalted  peanuts,1.5,cup,ok,
healthysimpleyum,https://healthysimpleyum.com/easy-mazapan-recipe/,"Mazapan Recipe (Easy, 3-ingredient Mexican Candy)",15.0,True,"<li><span data-amount=""1"" data-unit=""cup"">1 cup</span> confectioners sugar</li>",confectioners sugar,confectioners sugar,1.0,cup,ok,
healthysimpleyum,https://healthysimpleyum.com/easy-mazapan-recipe/,"Mazapan Recipe (Easy, 3-ingredient Mexican Candy)",15.0,True,"<li><span data-amount=""1"">1</span> dark chocolate bar (optional)</li>",dark chocolate bar (optional),dark chocolate bar,1.0,,ok,
healthysimpleyum,https://healthysimpleyum.com/easy-mexican-salsa-recipe/,Easy Mexican Salsa Recipe (Only 3 ingredients!),20.0,True,"<li><span data-amount=""7"">7</span>–<span data-amount=""8"">8</span> Roma tomatoes</li>",Roma tomatoes,roma tomatoes,7.0,,ok,
healthysimpleyum,https://healthysimpleyum.com/easy-mexican-salsa-recipe/,Easy Mexican Salsa Recipe (Only 3 ingredients!),20.0,True,"<li><span data-amount=""7"">7</span>–<span data-amount=""8"">8</span> chiles de arbol, (deseed- optional)</li>","chiles de arbol, (deseed- optional)",chiles de arbol deseed,7.0,,ok,
healthysimpleyum,https://healthysimpleyum.com/easy-mexican-salsa-recipe/,Easy Mexican Salsa Recipe (Only 3 ingredients!),20.0,True,"<li><span data-amount=""2"">2</span>–<span data-amount=""3"">3</span> garlic cloves</li>",garlic cloves,garlic cloves,2.0,,ok,
healthysimpleyum,https://healthysimpleyum.com/easy-mexican-salsa-recipe/,Easy Mexican Salsa Recipe (Only 3 ingredients!),20.0,True,<li>Salt to taste</li>,Salt to taste,salt to taste,,,ok,
healthysimpleyum,https://healthysimpleyum.com/enchiladas-michoacanas/,Enchiladas Michoacanas,35.0,True,"<li><span data-amount=""8"">8</span> guajillo peppers</li>",guajillo peppers,guajillo peppers,8.0,,ok,
healthysimpleyum,https://healthysimpleyum.com/enchiladas-michoacanas/,Enchiladas Michoacanas,35.0,True,"<li><span data-amount=""2"">2</span> garlic cloves</li>",garlic cloves,garlic cloves,2.0,,ok,
healthysimpleyum,https://healthysimpleyum.com/enchiladas-michoacanas/,Enchiladas Michoacanas,35.0,True,"<li><span class=""nutrifox-quantity"" data-amount=""1"" data-nf-food-description=""Beverages, water, tap, drinking"" data-nf-food-id=""4384"" data-nf-metric=""237"" data-nf-metric-unit=""ml"" data-nf-original=""usc"" data-nf-usc=""1"" data-nf-usc-unit=""cup"" data-unit=""cup"">1</span> <span class=""nutrifox-unit"" data-nf-food-description=""Beverages, water, tap, drinking"" data-nf-food-id=""4384"" data-nf-metric=""ml"" data-nf-original=""usc"" data-nf-usc=""cup"">cup</span> vegetable broth OR water used to soak guajillos</li>",vegetable broth OR water used to soak guajillos,vegetable broth  water used to soak guajillos,1.0,cup,ok,
healthysimpleyum,https://healthysimpleyum.com/enchiladas-michoacanas/,Enchiladas Michoacanas,35.0,True,<li>Salt to taste</li>,Salt to taste,salt to taste,,,ok,
healthysimpleyum,https://healthysimpleyum.com/enchiladas-michoacanas/,Enchiladas Michoacanas,35.0,True,"<li><span data-amount=""3"">3</span>–<span data-amount=""4"">4</span> medium potatoes, boiled</li>","medium potatoes, boiled",potatoes boiled,3.0,,ok,
healthysimpleyum,https://healthysimpleyum.com/enchiladas-michoacanas/,Enchiladas Michoacanas,35.0,True,"<li><span data-amount=""1"" data-unit=""tsp"">1 tsp</span> garlic powder</li>",garlic powder,garlic powder,1.0,tsp,ok,
healthysimpleyum,https://healthysimpleyum.com/enchiladas-michoacanas/,Enchiladas Michoacanas,35.0,True,"<li><span data-amount=""1"" data-unit=""tsp"">1 tsp</span> onion powder</li>",onion powder,onion powder,1.0,tsp,ok,
healthysimpleyum,https://healthysimpleyum.com/enchiladas-michoacanas/,Enchiladas Michoacanas,35.0,True,<li>salt to taste</li>,salt to taste,salt to taste,,,ok,
healthysimpleyum,https://healthysimpleyum.com/enchiladas-michoacanas/,Enchiladas Michoacanas,35.0,True,"<li><span data-amount=""1"">1</span> block tofu, shredded (see above for other options)</li>","block tofu, shredded (see above for other options)",block tofu shredded see above for other options,1.0,,ok,
healthysimpleyum,https://healthysimpleyum.com/enchiladas-michoacanas/,Enchiladas Michoacanas,35.0,True,"<li><span data-amount=""0.5"">½</span> onion, diced</li>","onion, diced",onion,0.5,,ok,
healthysimpleyum,https://healthysimpleyum.com/enchiladas-michoacanas/,Enchiladas Michoacanas,35.0,True,"<li><span data-amount=""2"" data-unit=""tbsp"">2 tbsp</span> avocado oil</li>",avocado oil,avocado oil,2.0,tbsp,ok,
healthysimpleyum,https://healthysimpleyum.com/enchiladas-michoacanas/,Enchiladas Michoacanas,35.0,True,"<li><span data-amount=""2"" data-unit=""tbsp"">2 tbsp</span> soy sauce or tamari (low sodium)</li>",soy sauce or tamari (low sodium),soy sauce  tamari low sodium,2.0,tbsp,ok,
healthysimpleyum,https://healthysimpleyum.com/enchiladas-michoacanas/,Enchiladas Michoacanas,35.0,True,"<li><span class=""nutrifox-quantity"" data-amount=""0.25"" data-nf-food-description=""Nutritional Yeast"" data-nf-food-id=""9319"" data-nf-metric=""3.75"" data-nf-metric-unit=""gram"" data-nf-original=""usc"" data-nf-usc=""0.25"" data-nf-usc-unit=""cup"" data-unit=""cup"">¼</span> <span class=""nutrifox-unit"" data-nf-food-description=""Nutritional Yeast"" data-nf-food-id=""9319"" data-nf-metric=""gram"" data-nf-original=""usc"" data-nf-usc=""cup"">cup</span> nutritional yeast</li>",nutritional yeast,nutritional yeast,0.25,cup,ok,
healthysimpleyum,https://healthysimpleyum.com/enchiladas-michoacanas/,Enchiladas Michoacanas,35.0,True,"<li><span data-amount=""0.5"" data-unit=""tsp"">½ tsp</span> of cumin (optional)</li>",of cumin (optional),cumin,0.5,tsp,ok,
healthysimpleyum,https://healthysimpleyum.com/enchiladas-michoacanas/,Enchiladas Michoacanas,35.0,True,"<li><span data-amount=""1"" data-unit=""tsp"">1 tsp</span> garlic powder</li>",garlic powder,garlic powder,1.0,tsp,ok,
healthysimpleyum,https://healthysimpleyum.com/enchiladas-michoacanas/,Enchiladas Michoacanas,35.0,True,"<li><span data-amount=""1"" data-unit=""tsp"">1 tsp</span> onion powder</li>",onion powder,onion powder,1.0,tsp,ok,
healthysimpleyum,https://healthysimpleyum.com/enchiladas-michoacanas/,Enchiladas Michoacanas,35.0,True,"<li><span data-amount=""15"">15</span> corn tortillas</li>",corn tortillas,corn tortillas,15.0,,ok,
healthysimpleyum,https://healthysimpleyum.com/enchiladas-michoacanas/,Enchiladas Michoacanas,35.0,True,<li>Shredded lettuce</li>,Shredded lettuce,shredded lettuce,,,ok,
healthysimpleyum,https://healthysimpleyum.com/enchiladas-michoacanas/,Enchiladas Michoacanas,35.0,True,<li>Sliced tomatoes</li>,Sliced tomatoes,sliced tomatoes,,,ok,
healthysimpleyum,https://healthysimpleyum.com/enchiladas-michoacanas/,Enchiladas Michoacanas,35.0,True,<li>Sliced avocados</li>,Sliced avocados,sliced avocados,,,ok,
healthysimpleyum,https://healthysimpleyum.com/enchiladas-michoacanas/,Enchiladas Michoacanas,35.0,True,<li>Vegan cheese (optional)</li>,Vegan cheese (optional),vegan cheese,,,ok,
healthysimpleyum,https://healthysimpleyum.com/enchiladas-michoacanas/,Enchiladas Michoacanas,35.0,True,<li>Salsa</li>,Salsa,salsa,,,ok,
healthysimpleyum,https://healthysimpleyum.com/enfrijoladas/,Enfrijoladas (Only 5 Main Ingredients),15.0,True,"<li><span class=""nutrifox-quantity"" data-amount=""2.5"" data-nf-food-description=""Beans, black, mature seeds, canned, low sodium"" data-nf-food-id=""4961"" data-nf-metric=""600"" data-nf-metric-unit=""gram"" data-nf-original=""usc"" data-nf-usc=""2.5"" data-nf-usc-unit=""cup"" data-unit=""cup"">2.5</span> <span class=""nutrifox-unit"" data-nf-food-description=""Beans, black, mature seeds, canned, low sodium"" data-nf-food-id=""4961"" data-nf-metric=""gram"" data-nf-original=""usc"" data-nf-usc=""cup"">cups</span> of cooked black beans or beans of choice</li>",of cooked black beans or beans of choice,cooked black beans  beans  choice,2.5,cups,ok,
healthysimpleyum,https://healthysimpleyum.com/enfrijoladas/,Enfrijoladas (Only 5 Main Ingredients),15.0,True,"<li><span class=""nutrifox-quantity"" data-amount=""1"" data-nf-food-description=""SWANSON BROTH, Certified Organic Vegetable Broth"" data-nf-food-id=""1539"" data-nf-metric=""237"" data-nf-metric-unit=""ml"" data-nf-original=""usc"" data-nf-usc=""1"" data-nf-usc-unit=""cup"" data-unit=""cup"">1</span> <span class=""nutrifox-unit"" data-nf-food-description=""SWANSON BROTH, Certified Organic Vegetable Broth"" data-nf-food-id=""1539"" data-nf-metric=""ml"" data-nf-original=""usc"" data-nf-usc=""cup"">cup</span> vegetable broth</li>",vegetable broth,vegetable broth,1.0,cup,ok,
healthysimpleyum,https://healthysimpleyum.com/enfrijoladas/,Enfrijoladas (Only 5 Main Ingredients),15.0,True,"<li><span data-amount=""0.25"">¼</span> onion, diced</li>","onion, diced",onion,0.25,,ok,
healthysimpleyum,https://healthysimpleyum.com/enfrijoladas/,Enfrijoladas (Only 5 Main Ingredients),15.0,True,"<li><span data-amount=""2"">2</span> garlic cloves</li>",garlic cloves,garlic cloves,2.0,,ok,
healthysimpleyum,https://healthysimpleyum.com/enfrijoladas/,Enfrijoladas (Only 5 Main Ingredients),15.0,True,"<li><span data-amount=""1"">1</span> serrano or jalapeno pepper (optional)</li>",serrano or jalapeno pepper (optional),serrano  jalapeno pepper,1.0,,ok,
healthysimpleyum,https://healthysimpleyum.com/enfrijoladas/,Enfrijoladas (Only 5 Main Ingredients),15.0,True,"<li><span data-amount=""1"">1</span> puya pepper (optional)</li>",puya pepper (optional),puya pepper,1.0,,ok,
healthysimpleyum,https://healthysimpleyum.com/enfrijoladas/,Enfrijoladas (Only 5 Main Ingredients),15.0,True,"<li><span data-amount=""1"" data-unit=""tbsp"">1 tbsp</span> oil</li>",oil,oil,1.0,tbsp,ok,
healthysimpleyum,https://healthysimpleyum.com/enfrijoladas/,Enfrijoladas (Only 5 Main Ingredients),15.0,True,"<li><span data-amount=""8"">8</span>–<span data-amount=""10"">10</span> corn tortillas</li>",corn tortillas,corn tortillas,8.0,,ok,
healthysimpleyum,https://healthysimpleyum.com/enfrijoladas/,Enfrijoladas (Only 5 Main Ingredients),15.0,True,"<li><span data-amount=""0.5"" data-unit=""tsp"">½ tsp</span> salt or to taste</li>",salt or to taste,salt  to taste,0.5,tsp,ok,
healthysimpleyum,https://healthysimpleyum.com/enfrijoladas/,Enfrijoladas (Only 5 Main Ingredients),15.0,True,"<li><a href=""https://healthysimpleyum.com/vegan-queso-fresco/"">Vegan Queso Fresco</a></li>",Vegan Queso Fresco,vegan queso fresco,,,ok,
healthysimpleyum,https://healthysimpleyum.com/enfrijoladas/,Enfrijoladas (Only 5 Main Ingredients),15.0,True,<li>Avocado</li>,Avocado,avocado,,,ok,
healthysimpleyum,https://healthysimpleyum.com/enfrijoladas/,Enfrijoladas (Only 5 Main Ingredients),15.0,True,<li>Cilantro</li>,Cilantro,cilantro,,,ok,
healthysimpleyum,https://healthysimpleyum.com/enfrijoladas/,Enfrijoladas (Only 5 Main Ingredients),15.0,True,<li>Salsa</li>,Salsa,salsa,,,ok,
healthysimpleyum,https://healthysimpleyum.com/enfrijoladas/,Enfrijoladas (Only 5 Main Ingredients),15.0,True,<li>Jalapenos</li>,Jalapenos,jalapenos,,,ok,
healthysimpleyum,https://healthysimpleyum.com/ensalada-de-garbanzos/,Ensalada de Garbanzos (Mexican Chickpea Salad),15.0,True,"<li><span data-amount=""1"">1</span> can chickpeas, drained and rinsed</li>","can chickpeas, drained and rinsed",can chickpeas drained  rinsed,1.0,,ok,
healthysimpleyum,https://healthysimpleyum.com/ensalada-de-garbanzos/,Ensalada de Garbanzos (Mexican Chickpea Salad),15.0,True,"<li><span class=""nutrifox-quantity"" data-amount=""1"" data-nf-food-description=""Cabbage, red, raw"" data-nf-food-id=""2890"" data-nf-metric=""89"" data-nf-metric-unit=""gram"" data-nf-original=""usc"" data-nf-usc=""1"" data-nf-usc-unit=""cup"" data-unit=""cup"">1</span> <span class=""nutrifox-unit"" data-nf-food-description=""Cabbage, red, raw"" data-nf-food-id=""2890"" data-nf-metric=""gram"" data-nf-original=""usc"" data-nf-usc=""cup"">cup</span> cabbage, shredded</li>","cabbage, shredded",cabbage shredded,1.0,cup,ok,
healthysimpleyum,https://healthysimpleyum.com/ensalada-de-garbanzos/,Ensalada de Garbanzos (Mexican Chickpea Salad),15.0,True,"<li><span data-amount=""1"">1</span> handful of cilantro, chopped</li>","handful of cilantro, chopped",handful  cilantro,1.0,,ok,
healthysimpleyum,https://healthysimpleyum.com/ensalada-de-garbanzos/,Ensalada de Garbanzos (Mexican Chickpea Salad),15.0,True,"<li><span data-amount=""2"">2</span> tomatoes, diced</li>","tomatoes, diced",tomatoes,2.0,,ok,
healthysimpleyum,https://healthysimpleyum.com/ensalada-de-garbanzos/,Ensalada de Garbanzos (Mexican Chickpea Salad),15.0,True,"<li><span data-amount=""2"">2</span> nopales, diced</li>","nopales, diced",nopales,2.0,,ok,
healthysimpleyum,https://healthysimpleyum.com/ensalada-de-garbanzos/,Ensalada de Garbanzos (Mexican Chickpea Salad),15.0,True,"<li><span data-amount=""1"">1</span> jalapeno, diced</li>","jalapeno, diced",jalapeno,1.0,,ok,
healthysimpleyum,https://healthysimpleyum.com/ensalada-de-garbanzos/,Ensalada de Garbanzos (Mexican Chickpea Salad),15.0,True,"<li>Lime juice, freshly squeezed (to taste)</li>","Lime juice, freshly squeezed (to taste)",lime juice freshly squeezed to taste,,,ok,
healthysimpleyum,https://healthysimpleyum.com/ensalada-de-garbanzos/,Ensalada de Garbanzos (Mexican Chickpea Salad),15.0,True,"<li><span data-amount=""1"">1</span> avocado, diced</li>","avocado, diced",avocado,1.0,,ok,
healthysimpleyum,https://healthysimpleyum.com/ensalada-de-garbanzos/,Ensalada de Garbanzos (Mexican Chickpea Salad),15.0,True,<li>Chili oil of choice</li>,Chili oil of choice,chili oil  choice,,,ok,
healthysimpleyum,https://healthysimpleyum.com/ensalada-de-garbanzos/,Ensalada de Garbanzos (Mexican Chickpea Salad),15.0,True,<li>Salt to taste</li>,Salt to taste,salt to taste,,,ok,
healthysimpleyum,https://healthysimpleyum.com/fluffy-vegan-waffles/,Fluffy Vegan Waffles (Crispy on the Outside + Soft on the Inside!),25.0,True,"<li><span data-amount=""2"" data-unit=""cup"">2 cups</span> all-purpose flour</li>",all-purpose flour,allpurpose flour,2.0,cup,ok,
healthysimpleyum,https://healthysimpleyum.com/fluffy-vegan-waffles/,Fluffy Vegan Waffles (Crispy on the Outside + Soft on the Inside!),25.0,True,"<li><span data-amount=""1.5"" data-unit=""cup"">1 ½ cups</span> unsweetened almond milk</li>",unsweetened almond milk,unsweetened almond milk,1.5,cup,ok,
healthysimpleyum,https://healthysimpleyum.com/fluffy-vegan-waffles/,Fluffy Vegan Waffles (Crispy on the Outside + Soft on the Inside!),25.0,True,"<li><span data-amount=""1"" data-unit=""tablespoon"">1 tablespoon</span> apple cider vinegar</li>",apple cider vinegar,apple cider vinegar,1.0,tablespoon,ok,
healthysimpleyum,https://healthysimpleyum.com/fluffy-vegan-waffles/,Fluffy Vegan Waffles (Crispy on the Outside + Soft on the Inside!),25.0,True,"<li><span data-amount=""2"" data-unit=""tablespoon"">2 tablespoons</span> maple syrup</li>",maple syrup,maple syrup,2.0,tablespoon,ok,
healthysimpleyum,https://healthysimpleyum.com/fluffy-vegan-waffles/,Fluffy Vegan Waffles (Crispy on the Outside + Soft on the Inside!),25.0,True,"<li><span data-amount=""1"" data-unit=""tablespoon"">1 tablespoon</span> of baking powder</li>",of baking powder,baking powder,1.0,tablespoon,ok,
healthysimpleyum,https://healthysimpleyum.com/fluffy-vegan-waffles/,Fluffy Vegan Waffles (Crispy on the Outside + Soft on the Inside!),25.0,True,"<li><span data-amount=""2"" data-unit=""tablespoon"">2 tablespoons</span> vegan butter, melted</li>","vegan butter, melted",vegan butter melted,2.0,tablespoon,ok,
healthysimpleyum,https://healthysimpleyum.com/fluffy-vegan-waffles/,Fluffy Vegan Waffles (Crispy on the Outside + Soft on the Inside!),25.0,True,"<li><span data-amount=""1"" data-unit=""teaspoon"">1 teaspoon</span> vanilla extract</li>",vanilla extract,vanilla extract,1.0,teaspoon,ok,
healthysimpleyum,https://healthysimpleyum.com/fluffy-vegan-waffles/,Fluffy Vegan Waffles (Crispy on the Outside + Soft on the Inside!),25.0,True,<li>Pinch of salt</li>,Pinch of salt,salt,,,ok,
healthysimpleyum,https://healthysimpleyum.com/frijoles-de-la-olla/,Frijoles de la Olla (Homemade Beans) - Healthy Simple Yum,70.0,True,"<li><span class=""nutrifox-quantity"" data-amount=""1"" data-nf-food-description=""Beans, black turtle, mature seeds, canned"" data-nf-food-id=""4757"" data-nf-metric=""453.59237"" data-nf-metric-unit=""gram"" data-nf-original=""usc"" data-nf-usc=""1"" data-nf-usc-unit=""lb"" data-unit=""lb"">1</span> <span class=""nutrifox-unit"" data-nf-food-description=""Beans, black turtle, mature seeds, canned"" data-nf-food-id=""4757"" data-nf-metric=""g"" data-nf-original=""usc"" data-nf-usc=""lb"">lb</span> beans</li>",beans,beans,1.0,lb,ok,
healthysimpleyum,https://healthysimpleyum.com/frijoles-de-la-olla/,Frijoles de la Olla (Homemade Beans) - Healthy Simple Yum,70.0,True,<li>Water</li>,Water,water,,,ok,
healthysimpleyum,https://healthysimpleyum.com/frijoles-de-la-olla/,Frijoles de la Olla (Homemade Beans) - Healthy Simple Yum,70.0,True,"<li><span data-amount=""3"">3</span> garlic cloves</li>",garlic cloves,garlic cloves,3.0,,ok,
healthysimpleyum,https://healthysimpleyum.com/frijoles-de-la-olla/,Frijoles de la Olla (Homemade Beans) - Healthy Simple Yum,70.0,True,"<li><span data-amount=""2"">2</span> epazote leaves (optional)</li>",epazote leaves (optional),epazote leaves,2.0,,ok,
healthysimpleyum,https://healthysimpleyum.com/frijoles-de-la-olla/,Frijoles de la Olla (Homemade Beans) - Healthy Simple Yum,70.0,True,"<li><span data-amount=""2"" data-unit=""teaspoon"">2 teaspoons</span> of salt, or to taste</li>","of salt, or to taste",salt  to taste,2.0,teaspoon,ok,
healthysimpleyum,https://healthysimpleyum.com/garlic-avocado-toast/,Garlic Avocado Toast - Healthy Simple Yum,15.0,True,"<li><span data-amount=""4"">4</span> slices of bread</li>",slices of bread,slices  bread,4.0,,ok,
healthysimpleyum,https://healthysimpleyum.com/garlic-avocado-toast/,Garlic Avocado Toast - Healthy Simple Yum,15.0,True,"<li><span data-amount=""4"">4</span> mini sweet peppers</li>",mini sweet peppers,mini sweet peppers,4.0,,ok,
healthysimpleyum,https://healthysimpleyum.com/garlic-avocado-toast/,Garlic Avocado Toast - Healthy Simple Yum,15.0,True,"<li><span data-amount=""1"">1</span> avocado</li>",avocado,avocado,1.0,,ok,
healthysimpleyum,https://healthysimpleyum.com/garlic-avocado-toast/,Garlic Avocado Toast - Healthy Simple Yum,15.0,True,"<li><span data-amount=""2"">2</span> garlic cloves</li>",garlic cloves,garlic cloves,2.0,,ok,
healthysimpleyum,https://healthysimpleyum.com/garlic-avocado-toast/,Garlic Avocado Toast - Healthy Simple Yum,15.0,True,"<li><span data-amount=""1"" data-unit=""tbsp"">1 tbsp</span> olive oil</li>",olive oil,olive oil,1.0,tbsp,ok,
healthysimpleyum,https://healthysimpleyum.com/garlic-avocado-toast/,Garlic Avocado Toast - Healthy Simple Yum,15.0,True,<li>Salt and pepper to taste</li>,Salt and pepper to taste,salt  pepper to taste,,,ok,
healthysimpleyum,https://healthysimpleyum.com/garlic-avocado-toast/,Garlic Avocado Toast - Healthy Simple Yum,15.0,True,"<li><span data-amount=""0.5"" data-unit=""cup"">½ cup</span> Olives from Spain</li>",Olives from Spain,olives from spain,0.5,cup,ok,
healthysimpleyum,https://healthysimpleyum.com/garlic-avocado-toast/,Garlic Avocado Toast - Healthy Simple Yum,15.0,True,"<li><span data-amount=""1"" data-unit=""tbsp"">1 tbsp</span> olive oil</li>",olive oil,olive oil,1.0,tbsp,ok,
healthysimpleyum,https://healthysimpleyum.com/garlic-avocado-toast/,Garlic Avocado Toast - Healthy Simple Yum,15.0,True,"<li><span data-amount=""0.25"" data-unit=""tsp"">¼ tsp</span> paprika powder</li>",paprika powder,paprika powder,0.25,tsp,ok,
healthysimpleyum,https://healthysimpleyum.com/garlic-avocado-toast/,Garlic Avocado Toast - Healthy Simple Yum,15.0,True,"<li><span data-amount=""0.125"" data-unit=""tsp"">⅛ tsp</span> cayenne powder</li>",cayenne powder,cayenne powder,0.125,tsp,ok,
healthysimpleyum,https://healthysimpleyum.com/garlic-chili-oil-noodles/,"Garlic Chili Oil Noodles (Easy, 15-minute Recipe!)",15.0,True,"<li><span data-amount=""1"" data-unit=""tablespoon"">1 tablespoon</span> Gochugaru chili</li>",Gochugaru chili,gochugaru chili,1.0,tablespoon,ok,
healthysimpleyum,https://healthysimpleyum.com/garlic-chili-oil-noodles/,"Garlic Chili Oil Noodles (Easy, 15-minute Recipe!)",15.0,True,"<li><span data-amount=""1"" data-unit=""tablespoon"">1 tablespoon</span> sugar</li>",sugar,sugar,1.0,tablespoon,ok,
healthysimpleyum,https://healthysimpleyum.com/garlic-chili-oil-noodles/,"Garlic Chili Oil Noodles (Easy, 15-minute Recipe!)",15.0,True,"<li><span data-amount=""3"">3</span> garlic cloves, minced</li>","garlic cloves, minced",garlic cloves,3.0,,ok,
healthysimpleyum,https://healthysimpleyum.com/garlic-chili-oil-noodles/,"Garlic Chili Oil Noodles (Easy, 15-minute Recipe!)",15.0,True,"<li><span data-amount=""2"">2</span> green onions, sliced</li>","green onions, sliced",green onions sliced,2.0,,ok,
healthysimpleyum,https://healthysimpleyum.com/garlic-chili-oil-noodles/,"Garlic Chili Oil Noodles (Easy, 15-minute Recipe!)",15.0,True,"<li><span class=""nutrifox-quantity"" data-amount=""0.25"" data-nf-food-description=""Oil, avocado"" data-nf-food-id=""717"" data-nf-metric=""59.25"" data-nf-metric-unit=""ml"" data-nf-original=""usc"" data-nf-usc=""0.25"" data-nf-usc-unit=""cup"" data-unit=""cup"">¼</span> <span class=""nutrifox-unit"" data-nf-food-description=""Oil, avocado"" data-nf-food-id=""717"" data-nf-metric=""ml"" data-nf-original=""usc"" data-nf-usc=""cup"">cup</span> avocado oil</li>",avocado oil,avocado oil,0.25,cup,ok,
healthysimpleyum,https://healthysimpleyum.com/garlic-chili-oil-noodles/,"Garlic Chili Oil Noodles (Easy, 15-minute Recipe!)",15.0,True,"<li><span data-amount=""2"" data-unit=""tbsp"">2 tbsp</span> soy sauce</li>",soy sauce,soy sauce,2.0,tbsp,ok,
healthysimpleyum,https://healthysimpleyum.com/garlic-chili-oil-noodles/,"Garlic Chili Oil Noodles (Easy, 15-minute Recipe!)",15.0,True,"<li><span data-amount=""0.5"" data-unit=""tbsp"">½ tbsp</span> dark soy sauce</li>",dark soy sauce,dark soy sauce,0.5,tbsp,ok,
healthysimpleyum,https://healthysimpleyum.com/garlic-chili-oil-noodles/,"Garlic Chili Oil Noodles (Easy, 15-minute Recipe!)",15.0,True,"<li><span data-amount=""0.5"" data-unit=""tbsp"">½ tbsp</span> black vinegar</li>",black vinegar,black vinegar,0.5,tbsp,ok,
healthysimpleyum,https://healthysimpleyum.com/garlic-chili-oil-noodles/,"Garlic Chili Oil Noodles (Easy, 15-minute Recipe!)",15.0,True,"<li><span data-amount=""1"" data-unit=""tbsp"">1 tbsp</span> sesame oil</li>",sesame oil,sesame oil,1.0,tbsp,ok,
healthysimpleyum,https://healthysimpleyum.com/garlic-chili-oil-noodles/,"Garlic Chili Oil Noodles (Easy, 15-minute Recipe!)",15.0,True,"<li><span class=""nutrifox-quantity"" data-amount=""8"" data-nf-food-description=""Pasta, dry, enriched"" data-nf-food-id=""6573"" data-nf-metric=""226.796185"" data-nf-metric-unit=""gram"" data-nf-original=""usc"" data-nf-usc=""8"" data-nf-usc-unit=""oz"" data-unit=""oz"">8</span>–<span class=""nutrifox-second-quantity"" data-amount=""12"" data-nf-food-description=""Pasta, dry, enriched"" data-nf-food-id=""6573"" data-nf-metric=""340.1942775"" data-nf-metric-unit=""gram"" data-nf-original=""usc"" data-nf-usc=""12"" data-nf-usc-unit=""oz"" data-unit=""oz"">12</span> <span class=""nutrifox-unit"" data-nf-food-description=""Pasta, dry, enriched"" data-nf-food-id=""6573"" data-nf-metric=""gram"" data-nf-original=""usc"" data-nf-usc=""oz"">oz</span> noodles of choice</li>",–12noodles of choice,noodles  choice,8.0,oz,ok,
healthysimpleyum,https://healthysimpleyum.com/garlic-mashed-potatoes/,Garlic Mashed Potatoes (Dairy-free),25.0,True,"<li><span data-offset-key=""85q8k-0-0""><span data-amount=""3"">3</span> medium Yukon Gold Potatoes</span></li>",medium Yukon Gold Potatoes,yukon gold potatoes,3.0,,ok,
healthysimpleyum,https://healthysimpleyum.com/garlic-mashed-potatoes/,Garlic Mashed Potatoes (Dairy-free),25.0,True,"<li><span data-offset-key=""5h1tk-0-0""><span data-amount=""2"" data-unit=""tbsp"">2 tbsp</span> Miyoko’s or Earth Balance vegan butter</span></li>",Miyoko’s or Earth Balance vegan butter,miyoko’s  earth balance vegan butter,2.0,tbsp,ok,
healthysimpleyum,https://healthysimpleyum.com/garlic-mashed-potatoes/,Garlic Mashed Potatoes (Dairy-free),25.0,True,"<li class=""_2QuBr Zn7O0 _2zLWO public-DraftStyleDefault-list-ltr public-DraftStyleDefault-unorderedListItem public-DraftStyleDefault-depth0 public-DraftStyleDefault-listLTR"" data-block=""true"" data-editor=""editor"" data-offset-key=""a9g5g-0-0"">
<div class=""public-DraftStyleDefault-block public-DraftStyleDefault-ltr"" data-offset-key=""a9g5g-0-0""><span data-offset-key=""a9g5g-0-0"">½-3/4 cup Plant-Based Milk (I used almond)</span></div>
</li>",,,,,ok,
healthysimpleyum,https://healthysimpleyum.com/garlic-mashed-potatoes/,Garlic Mashed Potatoes (Dairy-free),25.0,True,"<li class=""_2QuBr Zn7O0 _2zLWO public-DraftStyleDefault-list-ltr public-DraftStyleDefault-unorderedListItem public-DraftStyleDefault-depth0 public-DraftStyleDefault-listLTR"" data-block=""true"" data-editor=""editor"" data-offset-key=""9k3bi-0-0"">
<div class=""public-DraftStyleDefault-block public-DraftStyleDefault-ltr"" data-offset-key=""9k3bi-0-0""><span data-offset-key=""9k3bi-0-0"">1 Tbsp Garlic, minced</span></div>
</li>",,,,,ok,
healthysimpleyum,https://healthysimpleyum.com/garlic-mashed-potatoes/,Garlic Mashed Potatoes (Dairy-free),25.0,True,"<li class=""_2QuBr Zn7O0 _2zLWO public-DraftStyleDefault-list-ltr public-DraftStyleDefault-unorderedListItem public-DraftStyleDefault-depth0 public-DraftStyleDefault-listLTR"" data-block=""true"" data-editor=""editor"" data-offset-key=""bv23t-0-0"">
<div class=""public-DraftStyleDefault-block public-DraftStyleDefault-ltr"" data-offset-key=""bv23t-0-0""><span data-offset-key=""bv23t-0-0"">¼ cup Nutritional Yeast</span></div>
</li>",,,,,ok,
healthysimpleyum,https://healthysimpleyum.com/garlic-mashed-potatoes/,Garlic Mashed Potatoes (Dairy-free),25.0,True,"<li class=""_2QuBr Zn7O0 _2zLWO public-DraftStyleDefault-list-ltr public-DraftStyleDefault-unorderedListItem public-DraftStyleDefault-depth0 public-DraftStyleDefault-listLTR"" data-block=""true"" data-editor=""editor"" data-offset-key=""6vg3l-0-0"">
<div class=""public-DraftStyleDefault-block public-DraftStyleDefault-ltr"" data-offset-key=""6vg3l-0-0""><span data-offset-key=""6vg3l-0-0"">1 Tsp Fresh Rosemary, minced</span></div>
</li>",,,,,ok,
healthysimpleyum,https://healthysimpleyum.com/garlic-mashed-potatoes/,Garlic Mashed Potatoes (Dairy-free),25.0,True,"<li class=""_2QuBr Zn7O0 _2zLWO public-DraftStyleDefault-list-ltr public-DraftStyleDefault-unorderedListItem public-DraftStyleDefault-depth0 public-DraftStyleDefault-listLTR"" data-block=""true"" data-editor=""editor"" data-offset-key=""dais7-0-0"">
<div class=""public-DraftStyleDefault-block public-DraftStyleDefault-ltr"" data-offset-key=""dais7-0-0""><span data-offset-key=""dais7-0-0"">Salt to taste</span></div>
</li>",,,,,ok,
healthysimpleyum,https://healthysimpleyum.com/greek-chickpea-salad/,Greek Chickpea Salad (with a twist),20.0,True,"<li><span data-amount=""1"">1</span> can of chickpeas</li>",can of chickpeas,can  chickpeas,1.0,,ok,
healthysimpleyum,https://healthysimpleyum.com/greek-chickpea-salad/,Greek Chickpea Salad (with a twist),20.0,True,"<li><span data-amount=""8"" data-unit=""oz"">8 oz</span> cherry tomatoes</li>",cherry tomatoes,cherry tomatoes,8.0,oz,ok,
healthysimpleyum,https://healthysimpleyum.com/greek-chickpea-salad/,Greek Chickpea Salad (with a twist),20.0,True,"<li><span data-amount=""1"">1</span> medium zucchini</li>",medium zucchini,zucchini,1.0,,ok,
healthysimpleyum,https://healthysimpleyum.com/greek-chickpea-salad/,Greek Chickpea Salad (with a twist),20.0,True,"<li><span data-amount=""0.5"">½</span> white onion</li>",white onion,onion,0.5,,ok,
healthysimpleyum,https://healthysimpleyum.com/greek-chickpea-salad/,Greek Chickpea Salad (with a twist),20.0,True,"<li><span data-amount=""2"" data-unit=""tablespoon"">2 tablespoons</span> of extra virgin olive oil</li>",of extra virgin olive oil,olive oil,2.0,tablespoon,ok,
healthysimpleyum,https://healthysimpleyum.com/greek-chickpea-salad/,Greek Chickpea Salad (with a twist),20.0,True,"<li><span data-amount=""0.25"" data-unit=""cup"">¼ cup</span> fresh parsley</li>",fresh parsley,parsley,0.25,cup,ok,
healthysimpleyum,https://healthysimpleyum.com/greek-chickpea-salad/,Greek Chickpea Salad (with a twist),20.0,True,"<li><span data-amount=""0.25"" data-unit=""cup"">¼ cup</span> lemon juice</li>",lemon juice,lemon juice,0.25,cup,ok,
healthysimpleyum,https://healthysimpleyum.com/greek-chickpea-salad/,Greek Chickpea Salad (with a twist),20.0,True,"<li><span data-amount=""1"" data-unit=""teaspoon"">1 teaspoon</span> Za’atar seasoning</li>",Za’atar seasoning,za’atar seasoning,1.0,teaspoon,ok,
healthysimpleyum,https://healthysimpleyum.com/greek-chickpea-salad/,Greek Chickpea Salad (with a twist),20.0,True,<li>Salt and pepper to taste</li>,Salt and pepper to taste,salt  pepper to taste,,,ok,
healthysimpleyum,https://healthysimpleyum.com/greek-chickpea-salad/,Greek Chickpea Salad (with a twist),20.0,True,<li>Dolmas (optional)</li>,Dolmas (optional),dolmas,,,ok,
healthysimpleyum,https://healthysimpleyum.com/guacamole-recipe/,Guacamole Recipe - Easy & Authentic!,10.0,True,"<li><span data-amount=""2"">2</span> avocados, ripe</li>","avocados, ripe",avocados ripe,2.0,,ok,
healthysimpleyum,https://healthysimpleyum.com/guacamole-recipe/,Guacamole Recipe - Easy & Authentic!,10.0,True,"<li><span data-amount=""2"">2</span> tomatoes, Roma, diced</li>","tomatoes, Roma, diced",tomatoes roma,2.0,,ok,
healthysimpleyum,https://healthysimpleyum.com/guacamole-recipe/,Guacamole Recipe - Easy & Authentic!,10.0,True,"<li><span data-amount=""0.25"">¼</span> large red onion, diced</li>","large red onion, diced",red onion,0.25,,ok,
healthysimpleyum,https://healthysimpleyum.com/guacamole-recipe/,Guacamole Recipe - Easy & Authentic!,10.0,True,"<li><span data-amount=""1"">1</span> jalapeño, diced</li>","jalapeño, diced",jalapeño,1.0,,ok,
healthysimpleyum,https://healthysimpleyum.com/guacamole-recipe/,Guacamole Recipe - Easy & Authentic!,10.0,True,"<li><span class=""nutrifox-quantity"" data-amount=""0.5"" data-nf-food-description=""Coriander (cilantro) leaves, raw"" data-nf-food-id=""2931"" data-nf-metric=""8"" data-nf-metric-unit=""gram"" data-nf-original=""usc"" data-nf-usc=""0.5"" data-nf-usc-unit=""cup"" data-unit=""cup"">½</span> <span class=""nutrifox-unit"" data-nf-food-description=""Coriander (cilantro) leaves, raw"" data-nf-food-id=""2931"" data-nf-metric=""gram"" data-nf-original=""usc"" data-nf-usc=""cup"">cup</span> cilantro, chopped</li>","cilantro, chopped",cilantro,0.5,cup,ok,
healthysimpleyum,https://healthysimpleyum.com/guacamole-recipe/,Guacamole Recipe - Easy & Authentic!,10.0,True,"<li><span data-amount=""1"">1</span> large lime, juiced</li>","large lime, juiced",lime juiced,1.0,,ok,
healthysimpleyum,https://healthysimpleyum.com/guacamole-recipe/,Guacamole Recipe - Easy & Authentic!,10.0,True,<li>Salt to taste</li>,Salt to taste,salt to taste,,,ok,
healthysimpleyum,https://healthysimpleyum.com/healthy-refried-beans-recipe/,Healthy Refried Beans,20.0,True,"<li><span class=""nutrifox-quantity"" data-amount=""2"" data-nf-food-description=""Beans, black turtle, mature seeds, canned"" data-nf-food-id=""4757"" data-nf-metric=""480"" data-nf-metric-unit=""gram"" data-nf-original=""usc"" data-nf-usc=""2"" data-nf-usc-unit=""cup"" data-unit=""cup"">2</span> <span class=""nutrifox-unit"" data-nf-food-description=""Beans, black turtle, mature seeds, canned"" data-nf-food-id=""4757"" data-nf-metric=""gram"" data-nf-original=""usc"" data-nf-usc=""cup"">cups</span> cooked beans<!-- /wp:list-item -->
<p><!-- wp:list-item --></p>
</li>",cooked beans,cooked beans,2.0,cups,ok,
healthysimpleyum,https://healthysimpleyum.com/healthy-refried-beans-recipe/,Healthy Refried Beans,20.0,True,"<li><span data-amount=""0.25"">¼</span> onion, diced<!-- /wp:list-item -->
<p><!-- wp:list-item --></p>
</li>","onion, diced",onion,0.25,,ok,
healthysimpleyum,https://healthysimpleyum.com/healthy-refried-beans-recipe/,Healthy Refried Beans,20.0,True,"<li><span data-amount=""2"">2</span> dried arbol chilies  or serran/ jalapeño pepper (optional but recommended)<!-- /wp:list-item -->
<p><!-- wp:list-item --></p>
</li>",dried arbol chilies  or serran/ jalapeño pepper (optional but recommended),arbol chilies   serran/ jalapeño pepper  but recommended,2.0,,ok,
healthysimpleyum,https://healthysimpleyum.com/healthy-refried-beans-recipe/,Healthy Refried Beans,20.0,True,"<li><span data-amount=""2"" data-unit=""tbsp"">2 tbsp</span> <a href=""https://freshpressfarms.com/"">Fresh Press Farms Olive Oil</a><!-- /wp:list-item -->
<p><!-- wp:list-item --></p>
</li>",Fresh Press Farms Olive Oil,press farms olive oil,2.0,tbsp,ok,
healthysimpleyum,https://healthysimpleyum.com/healthy-refried-beans-recipe/,Healthy Refried Beans,20.0,True,"<li><span class=""nutrifox-quantity"" data-amount=""0.5"" data-nf-food-description=""SWANSON BROTH, Certified Organic Vegetable Broth"" data-nf-food-id=""1539"" data-nf-metric=""118.5"" data-nf-metric-unit=""ml"" data-nf-original=""usc"" data-nf-usc=""0.5"" data-nf-usc-unit=""cup"" data-unit=""cup"">½</span>– <span class=""nutrifox-second-quantity"" data-amount=""0.75"" data-nf-food-description=""SWANSON BROTH, Certified Organic Vegetable Broth"" data-nf-food-id=""1539"" data-nf-metric=""177.75"" data-nf-metric-unit=""ml"" data-nf-original=""usc"" data-nf-usc=""0.75"" data-nf-usc-unit=""cup"" data-unit=""cup"">¾</span> <span class=""nutrifox-unit"" data-nf-food-description=""SWANSON BROTH, Certified Organic Vegetable Broth"" data-nf-food-id=""1539"" data-nf-metric=""ml"" data-nf-original=""usc"" data-nf-usc=""cup"">cup</span> bean broth, water, or vegetable broth<!-- /wp:list-item -->
<p><!-- wp:list-item --></p>
</li>","–¾bean broth, water, or vegetable broth",¾bean broth water  vegetable broth,0.5,cup,ok,
healthysimpleyum,https://healthysimpleyum.com/healthy-refried-beans-recipe/,Healthy Refried Beans,20.0,True,<li>Salt to taste</li>,Salt to taste,salt to taste,,,ok,
healthysimpleyum,https://healthysimpleyum.com/hearty-lentil-bolognese/,Hearty Lentil Bolognese Recipe | Vegan Mexican Food,40.0,True,"<li class=""public-DraftStyleDefault-block public-DraftStyleDefault-ltr"" data-offset-key=""68a62-0-0""><span data-offset-key=""68a62-0-0"" style=""color: #262626""><span data-amount=""1"">1</span> medium white onion</span></li>",medium white onion,onion,1.0,,ok,
healthysimpleyum,https://healthysimpleyum.com/hearty-lentil-bolognese/,Hearty Lentil Bolognese Recipe | Vegan Mexican Food,40.0,True,"<li class=""public-DraftStyleDefault-block public-DraftStyleDefault-ltr"" data-offset-key=""68a62-0-0""><span style=""color: #262626;font-size: 14.4px""><span data-amount=""4"">4</span> garlic cloves, minced</span></li>","garlic cloves, minced",garlic cloves,4.0,,ok,
healthysimpleyum,https://healthysimpleyum.com/hearty-lentil-bolognese/,Hearty Lentil Bolognese Recipe | Vegan Mexican Food,40.0,True,"<li class=""public-DraftStyleDefault-block public-DraftStyleDefault-ltr"" data-offset-key=""68a62-0-0""><span data-amount=""0.25"" data-unit=""cup"">¼ cup</span> dry vegan white wine</li>",dry vegan white wine,dry vegan  wine,0.25,cup,ok,
healthysimpleyum,https://healthysimpleyum.com/hearty-lentil-bolognese/,Hearty Lentil Bolognese Recipe | Vegan Mexican Food,40.0,True,"<li class=""public-DraftStyleDefault-block public-DraftStyleDefault-ltr"" data-offset-key=""68a62-0-0""><span data-amount=""2"" data-unit=""cup"">2 cups</span> Cremini mushrooms</li>",Cremini mushrooms,cremini mushrooms,2.0,cup,ok,
healthysimpleyum,https://healthysimpleyum.com/hearty-lentil-bolognese/,Hearty Lentil Bolognese Recipe | Vegan Mexican Food,40.0,True,"<li class=""public-DraftStyleDefault-block public-DraftStyleDefault-ltr"" data-offset-key=""68a62-0-0""><span data-amount=""1"" data-unit=""cup"">1 cup</span> dry green lentils</li>",dry green lentils,dry green lentils,1.0,cup,ok,
healthysimpleyum,https://healthysimpleyum.com/hearty-lentil-bolognese/,Hearty Lentil Bolognese Recipe | Vegan Mexican Food,40.0,True,"<li class=""public-DraftStyleDefault-block public-DraftStyleDefault-ltr"" data-offset-key=""68a62-0-0""><span data-amount=""3"" data-unit=""cup"">3 cups</span> vegetable broth</li>",vegetable broth,vegetable broth,3.0,cup,ok,
healthysimpleyum,https://healthysimpleyum.com/hearty-lentil-bolognese/,Hearty Lentil Bolognese Recipe | Vegan Mexican Food,40.0,True,"<li class=""public-DraftStyleDefault-block public-DraftStyleDefault-ltr"" data-offset-key=""68a62-0-0""><span data-amount=""1"" data-unit=""cup"">1 cup</span> water</li>",water,water,1.0,cup,ok,
healthysimpleyum,https://healthysimpleyum.com/hearty-lentil-bolognese/,Hearty Lentil Bolognese Recipe | Vegan Mexican Food,40.0,True,"<li class=""public-DraftStyleDefault-block public-DraftStyleDefault-ltr"" data-offset-key=""68a62-0-0""><span data-amount=""1"">1</span> small can of tomato paste</li>",small can of tomato paste,can  tomato paste,1.0,,ok,
healthysimpleyum,https://healthysimpleyum.com/hearty-lentil-bolognese/,Hearty Lentil Bolognese Recipe | Vegan Mexican Food,40.0,True,"<li class=""public-DraftStyleDefault-block public-DraftStyleDefault-ltr"" data-offset-key=""68a62-0-0""><span data-amount=""1"">1</span> (28oz) can of crushed tomatoes</li>",(28oz) can of crushed tomatoes,oz can  crushed tomatoes,1.0,,ok,
healthysimpleyum,https://healthysimpleyum.com/hearty-lentil-bolognese/,Hearty Lentil Bolognese Recipe | Vegan Mexican Food,40.0,True,"<li class=""public-DraftStyleDefault-block public-DraftStyleDefault-ltr"" data-offset-key=""68a62-0-0""><span data-amount=""4"">4</span> large basil leaves</li>",large basil leaves,basil leaves,4.0,,ok,
healthysimpleyum,https://healthysimpleyum.com/hearty-lentil-bolognese/,Hearty Lentil Bolognese Recipe | Vegan Mexican Food,40.0,True,"<li class=""public-DraftStyleDefault-block public-DraftStyleDefault-ltr"" data-offset-key=""68a62-0-0""><span data-amount=""2"">2</span> bay leaves</li>",bay leaves,bay leaves,2.0,,ok,
healthysimpleyum,https://healthysimpleyum.com/hearty-lentil-bolognese/,Hearty Lentil Bolognese Recipe | Vegan Mexican Food,40.0,True,"<li class=""public-DraftStyleDefault-block public-DraftStyleDefault-ltr"" data-offset-key=""68a62-0-0""><span data-amount=""0.5"" data-unit=""cup"">½ cup</span> walnuts, chopped</li>","walnuts, chopped",walnuts,0.5,cup,ok,
healthysimpleyum,https://healthysimpleyum.com/hearty-lentil-bolognese/,Hearty Lentil Bolognese Recipe | Vegan Mexican Food,40.0,True,"<li class=""public-DraftStyleDefault-block public-DraftStyleDefault-ltr"" data-offset-key=""68a62-0-0"">Cooked spaghetti</li>",Cooked spaghetti,cooked spaghetti,,,ok,
healthysimpleyum,https://healthysimpleyum.com/hearty-lentil-bolognese/,Hearty Lentil Bolognese Recipe | Vegan Mexican Food,40.0,True,"<li class=""public-DraftStyleDefault-block public-DraftStyleDefault-ltr"" data-offset-key=""68a62-0-0"">Salt and pepper to taste</li>",Salt and pepper to taste,salt  pepper to taste,,,ok,
healthysimpleyum,https://healthysimpleyum.com/high-protein-plant-pb-shake/,High Protein Plant PB Shake - Healthy Simple Yum,5.0,True,"<li><span data-amount=""1"">1</span> serving <a href=""https://nakednutrition.com/products/vegan-protein-shake-pb-blueberry"">Naked Shake PB Blueberry</a><!-- /wp:list-item --> <!-- wp:list-item --></li>",serving Naked Shake PB Blueberry,serving naked shake pb blueberry,1.0,,ok,
healthysimpleyum,https://healthysimpleyum.com/high-protein-plant-pb-shake/,High Protein Plant PB Shake - Healthy Simple Yum,5.0,True,"<li><span class=""nutrifox-quantity"" data-amount=""1"" data-nf-food-description=""Beverages, almond milk, unsweetened, shelf stable"" data-nf-food-id=""4188"" data-nf-metric=""237"" data-nf-metric-unit=""ml"" data-nf-original=""usc"" data-nf-usc=""1"" data-nf-usc-unit=""cup"" data-unit=""cup"">1</span>–<span class=""nutrifox-second-quantity"" data-amount=""2"" data-nf-food-description=""Beverages, almond milk, unsweetened, shelf stable"" data-nf-food-id=""4188"" data-nf-metric=""474"" data-nf-metric-unit=""ml"" data-nf-original=""usc"" data-nf-usc=""2"" data-nf-usc-unit=""cup"" data-unit=""cup"">2</span> <span class=""nutrifox-unit"" data-nf-food-description=""Beverages, almond milk, unsweetened, shelf stable"" data-nf-food-id=""4188"" data-nf-metric=""ml"" data-nf-original=""usc"" data-nf-usc=""cup"">cups</span> of unsweetened almond milk<!-- /wp:list-item --> <!-- wp:list-item --></li>",–2of unsweetened almond milk,unsweetened almond milk,1.0,cups,ok,
healthysimpleyum,https://healthysimpleyum.com/high-protein-plant-pb-shake/,High Protein Plant PB Shake - Healthy Simple Yum,5.0,True,"<li><span class=""nutrifox-quantity"" data-amount=""1"" data-nf-food-description=""Strawberries, raw"" data-nf-food-id=""2385"" data-nf-metric=""152"" data-nf-metric-unit=""gram"" data-nf-original=""usc"" data-nf-usc=""1"" data-nf-usc-unit=""cup"" data-unit=""cup"">1</span> <span class=""nutrifox-unit"" data-nf-food-description=""Strawberries, raw"" data-nf-food-id=""2385"" data-nf-metric=""gram"" data-nf-original=""usc"" data-nf-usc=""cup"">cup</span> frozen strawberries<!-- /wp:list-item --> <!-- wp:list-item --></li>",frozen strawberries,frozen strawberries,1.0,cup,ok,
healthysimpleyum,https://healthysimpleyum.com/high-protein-plant-pb-shake/,High Protein Plant PB Shake - Healthy Simple Yum,5.0,True,"<li><span data-amount=""1"" data-unit=""tablespoon"">1 tablespoon</span> cacao nibs<!-- /wp:list-item --> <!-- wp:list-item --></li>",cacao nibs,cacao nibs,1.0,tablespoon,ok,
healthysimpleyum,https://healthysimpleyum.com/high-protein-plant-pb-shake/,High Protein Plant PB Shake - Healthy Simple Yum,5.0,True,"<li><span data-amount=""1"" data-unit=""tablespoon"">1 tablespoon</span> chia seeds<!-- /wp:list-item --> <!-- wp:list-item --></li>",chia seeds,chia seeds,1.0,tablespoon,ok,
healthysimpleyum,https://healthysimpleyum.com/high-protein-plant-pb-shake/,High Protein Plant PB Shake - Healthy Simple Yum,5.0,True,"<li><span data-amount=""1"" data-unit=""teaspoon"">1 teaspoon</span> agave nectar (optional)</li>",agave nectar (optional),agave nectar,1.0,teaspoon,ok,
healthysimpleyum,https://healthysimpleyum.com/homemade-corn-tortillas-recipe/,Homemade Corn Tortillas (Authentic Family Recipe),30.0,True,"<li><span class=""nutrifox-quantity"" data-amount=""2"" data-nf-food-description=""Corn flour, whole-grain, blue (harina de maiz morado)"" data-nf-food-id=""6596"" data-nf-metric=""220.8"" data-nf-metric-unit=""gram"" data-nf-original=""usc"" data-nf-usc=""2"" data-nf-usc-unit=""cup"" data-unit=""cup"">2</span> <span class=""nutrifox-unit"" data-nf-food-description=""Corn flour, whole-grain, blue (harina de maiz morado)"" data-nf-food-id=""6596"" data-nf-metric=""gram"" data-nf-original=""usc"" data-nf-usc=""cup"">cups</span> harina de maíz (see above for blue corn tortillas)</li>",harina de maíz (see above for blue corn tortillas),harina de maíz see above for blue corn tortillas,2.0,cups,ok,
healthysimpleyum,https://healthysimpleyum.com/homemade-corn-tortillas-recipe/,Homemade Corn Tortillas (Authentic Family Recipe),30.0,True,"<li><span class=""nutrifox-quantity"" data-amount=""2"" data-nf-food-description=""Beverages, water, tap, drinking"" data-nf-food-id=""4384"" data-nf-metric=""474"" data-nf-metric-unit=""ml"" data-nf-original=""usc"" data-nf-usc=""2"" data-nf-usc-unit=""cup"" data-unit=""cup"">2</span> <span class=""nutrifox-unit"" data-nf-food-description=""Beverages, water, tap, drinking"" data-nf-food-id=""4384"" data-nf-metric=""ml"" data-nf-original=""usc"" data-nf-usc=""cup"">cups</span> warm water</li>",warm water,water,2.0,cups,ok,
healthysimpleyum,https://healthysimpleyum.com/homemade-corn-tortillas-recipe/,Homemade Corn Tortillas (Authentic Family Recipe),30.0,True,"<li><span data-amount=""1"" data-unit=""teaspoon"">1 teaspoon</span> baking powder (optional but recommended)</li>",baking powder (optional but recommended),baking powder  but recommended,1.0,teaspoon,ok,
healthysimpleyum,https://healthysimpleyum.com/horchata-recipe/,Horchata Recipe (Authentic & Only 6 Ingredients),15.0,True,"<li><span data-amount=""2"" data-unit=""cup"">2 cups</span> white rice</li>",white rice,rice,2.0,cup,ok,
healthysimpleyum,https://healthysimpleyum.com/horchata-recipe/,Horchata Recipe (Authentic & Only 6 Ingredients),15.0,True,"<li><span data-amount=""4"" data-unit=""cup"">4 cups</span> hot water</li>",hot water,hot water,4.0,cup,ok,
healthysimpleyum,https://healthysimpleyum.com/horchata-recipe/,Horchata Recipe (Authentic & Only 6 Ingredients),15.0,True,"<li><span data-amount=""4"" data-unit=""cup"">4 cups</span> room temperature water</li>",room temperature water,room temperature water,4.0,cup,ok,
healthysimpleyum,https://healthysimpleyum.com/horchata-recipe/,Horchata Recipe (Authentic & Only 6 Ingredients),15.0,True,"<li><span data-amount=""2"">2</span> cinnamon sticks or 2 teaspoons cinnamon powder (Ceylon)</li>",cinnamon sticks or 2 teaspoons cinnamon powder (Ceylon),cinnamon sticks   teaspoons cinnamon powder ceylon,2.0,,ok,
healthysimpleyum,https://healthysimpleyum.com/horchata-recipe/,Horchata Recipe (Authentic & Only 6 Ingredients),15.0,True,"<li><span data-amount=""0.5"">½</span> – <span data-amount=""0.75"">¾</span> cup sugar</li>",cup sugar,cup sugar,0.5,,ok,
healthysimpleyum,https://healthysimpleyum.com/horchata-recipe/,Horchata Recipe (Authentic & Only 6 Ingredients),15.0,True,"<li><span data-amount=""2"" data-unit=""teaspoon"">2 teaspoons</span> vanilla extract</li>",vanilla extract,vanilla extract,2.0,teaspoon,ok,
healthysimpleyum,https://healthysimpleyum.com/horchata-recipe/,Horchata Recipe (Authentic & Only 6 Ingredients),15.0,True,"<li><span data-amount=""1"" data-unit=""cup"">1 cup</span> oat milk or plant milk of choice</li>",oat milk or plant milk of choice,oat milk  plant milk  choice,1.0,cup,ok,
healthysimpleyum,https://healthysimpleyum.com/horchata-recipe/,Horchata Recipe (Authentic & Only 6 Ingredients),15.0,True,<li>Ice cubes to serve</li>,Ice cubes to serve,ice cubes to serve,,,ok,
healthysimpleyum,https://healthysimpleyum.com/horchata-recipe/,Horchata Recipe (Authentic & Only 6 Ingredients),15.0,True,"<li><span data-amount=""2"" data-unit=""cup"">2 cups</span> <a href=""https://bakeryonmain.com/collections/oats-hot/products/rolled-oats"">rolled oats</a></li>",rolled oats,rolled oats,2.0,cup,ok,
healthysimpleyum,https://healthysimpleyum.com/horchata-recipe/,Horchata Recipe (Authentic & Only 6 Ingredients),15.0,True,"<li><span data-amount=""2"" data-unit=""cup"">2 cups</span> horchata</li>",horchata,horchata,2.0,cup,ok,
healthysimpleyum,https://healthysimpleyum.com/huaraches-de-nopal/,Huaraches De Nopal (Easy & Diabetes-Friendly!),30.0,True,"<li><span data-amount=""6"">6</span> nopales, whole and peeled</li>","nopales, whole and peeled",nopales whole,6.0,,ok,
healthysimpleyum,https://healthysimpleyum.com/huaraches-de-nopal/,Huaraches De Nopal (Easy & Diabetes-Friendly!),30.0,True,"<li><span data-amount=""2"" data-unit=""cup"">2 cups</span> refried beans</li>",refried beans,refried beans,2.0,cup,ok,
healthysimpleyum,https://healthysimpleyum.com/huaraches-de-nopal/,Huaraches De Nopal (Easy & Diabetes-Friendly!),30.0,True,"<li><a href=""https://healthysimpleyum.com/vegan-pollo-asado-recipe/"">Mexican-style Grilled Chicken</a></li>",Mexican-style Grilled Chicken,mexicanstyle grilled chicken,,,ok,
healthysimpleyum,https://healthysimpleyum.com/huaraches-de-nopal/,Huaraches De Nopal (Easy & Diabetes-Friendly!),30.0,True,"<li><span data-amount=""1"">1</span>–<span data-amount=""2"">2</span> avocados</li>",avocados,avocados,1.0,,ok,
healthysimpleyum,https://healthysimpleyum.com/huaraches-de-nopal/,Huaraches De Nopal (Easy & Diabetes-Friendly!),30.0,True,<li>Salsa of choice</li>,Salsa of choice,salsa  choice,,,ok,
healthysimpleyum,https://healthysimpleyum.com/huaraches-de-nopal/,Huaraches De Nopal (Easy & Diabetes-Friendly!),30.0,True,<li>Cilantro (optional)</li>,Cilantro (optional),cilantro,,,ok,
healthysimpleyum,https://healthysimpleyum.com/huaraches-de-nopal/,Huaraches De Nopal (Easy & Diabetes-Friendly!),30.0,True,<li>Lime juice (optional)</li>,Lime juice (optional),lime juice,,,ok,
healthysimpleyum,https://healthysimpleyum.com/jamaica-tacos-hibiscus-tacos/,Jamaica Tacos (Hibiscus Tacos),40.0,True,"<li><span class=""nutrifox-quantity"" data-amount=""2"">2</span> <span class=""nutrifox-unit"">cups</span> soaked Jamaica (after making <a href=""https://healthysimpleyum.com/agua-de-jamaica-recipe/"">agua de jamaica</a>)</li>",soaked Jamaica (after makingagua de jamaica),soaked jamaica after makingagua de jamaica,2.0,cups,ok,
healthysimpleyum,https://healthysimpleyum.com/jamaica-tacos-hibiscus-tacos/,Jamaica Tacos (Hibiscus Tacos),40.0,True,"<li><span data-amount=""0.5"">½</span> onion, diced</li>","onion, diced",onion,0.5,,ok,
healthysimpleyum,https://healthysimpleyum.com/jamaica-tacos-hibiscus-tacos/,Jamaica Tacos (Hibiscus Tacos),40.0,True,"<li><span data-amount=""2"" data-unit=""tbsp"">2 tbsp</span> avocado oil or neutral oil</li>",avocado oil or neutral oil,avocado oil  neutral oil,2.0,tbsp,ok,
healthysimpleyum,https://healthysimpleyum.com/jamaica-tacos-hibiscus-tacos/,Jamaica Tacos (Hibiscus Tacos),40.0,True,"<li><span class=""nutrifox-quantity"" data-amount=""2"" data-nf-food-description=""SWANSON BROTH, Certified Organic Vegetable Broth"" data-nf-food-id=""1539"" data-nf-metric=""474"" data-nf-metric-unit=""ml"" data-nf-original=""usc"" data-nf-usc=""2"" data-nf-usc-unit=""cup"" data-unit=""cup"">2</span> <span class=""nutrifox-unit"" data-nf-food-description=""SWANSON BROTH, Certified Organic Vegetable Broth"" data-nf-food-id=""1539"" data-nf-metric=""ml"" data-nf-original=""usc"" data-nf-usc=""cup"">cups</span> vegetable broth</li>",vegetable broth,vegetable broth,2.0,cups,ok,
healthysimpleyum,https://healthysimpleyum.com/jamaica-tacos-hibiscus-tacos/,Jamaica Tacos (Hibiscus Tacos),40.0,True,"<li><span data-amount=""1"" data-unit=""tsp"">1 tsp</span> garlic powder</li>",garlic powder,garlic powder,1.0,tsp,ok,
healthysimpleyum,https://healthysimpleyum.com/jamaica-tacos-hibiscus-tacos/,Jamaica Tacos (Hibiscus Tacos),40.0,True,"<li><span data-amount=""1"" data-unit=""tbsp"">1 tbsp</span> soy sauce or tamari or liquid aminos</li>",soy sauce or tamari or liquid aminos,soy sauce  tamari  liquid aminos,1.0,tbsp,ok,
healthysimpleyum,https://healthysimpleyum.com/jamaica-tacos-hibiscus-tacos/,Jamaica Tacos (Hibiscus Tacos),40.0,True,"<li><span data-amount=""8"">8</span> corn tortillas</li>",corn tortillas,corn tortillas,8.0,,ok,
healthysimpleyum,https://healthysimpleyum.com/jamaica-tacos-hibiscus-tacos/,Jamaica Tacos (Hibiscus Tacos),40.0,True,<li>Salsa</li>,Salsa,salsa,,,ok,
healthysimpleyum,https://healthysimpleyum.com/jamaica-tacos-hibiscus-tacos/,Jamaica Tacos (Hibiscus Tacos),40.0,True,<li>Cilantro</li>,Cilantro,cilantro,,,ok,
healthysimpleyum,https://healthysimpleyum.com/jamaica-tacos-hibiscus-tacos/,Jamaica Tacos (Hibiscus Tacos),40.0,True,<li>Onion</li>,Onion,onion,,,ok,
healthysimpleyum,https://healthysimpleyum.com/king-oyster-mushroom-tacos/,King Oyster Mushroom Recipe (Super Meaty!),20.0,True,"<li><span class=""nutrifox-quantity"" data-amount=""1"" data-nf-food-description=""Mushrooms, oyster, raw"" data-nf-food-id=""3595"">1</span> <span class=""nutrifox-unit"" data-nf-food-description=""Mushrooms, oyster, raw"" data-nf-food-id=""3595"">pound</span> of King Oyster Mushrooms (about 6 medium mushrooms)</li>",of King Oyster Mushrooms (about 6 medium mushrooms),king oyster mushrooms about   mushrooms,1.0,pound,ok,
healthysimpleyum,https://healthysimpleyum.com/king-oyster-mushroom-tacos/,King Oyster Mushroom Recipe (Super Meaty!),20.0,True,"<li><span data-amount=""0.5"" data-unit=""tsp"">½ tsp</span> garlic powder or minced garlic</li>",garlic powder or minced garlic,garlic powder   garlic,0.5,tsp,ok,
healthysimpleyum,https://healthysimpleyum.com/king-oyster-mushroom-tacos/,King Oyster Mushroom Recipe (Super Meaty!),20.0,True,"<li><span data-amount=""2"" data-unit=""tbsp"">2 tbsp</span> dark soy sauce, tamari or salsa maggie </li>","dark soy sauce, tamari or salsa maggie",dark soy sauce tamari  salsa maggie,2.0,tbsp,ok,
healthysimpleyum,https://healthysimpleyum.com/king-oyster-mushroom-tacos/,King Oyster Mushroom Recipe (Super Meaty!),20.0,True,"<li><span data-amount=""0.5"" data-unit=""tsp"">½ tsp</span> cumin powder</li>",cumin powder,cumin powder,0.5,tsp,ok,
healthysimpleyum,https://healthysimpleyum.com/king-oyster-mushroom-tacos/,King Oyster Mushroom Recipe (Super Meaty!),20.0,True,"<li><span data-amount=""0.5"" data-unit=""tsp"">½ tsp</span> onion powder</li>",onion powder,onion powder,0.5,tsp,ok,
healthysimpleyum,https://healthysimpleyum.com/king-oyster-mushroom-tacos/,King Oyster Mushroom Recipe (Super Meaty!),20.0,True,"<li><span data-amount=""0.25"" data-unit=""tsp"">¼ tsp</span> black pepper</li>",black pepper,black pepper,0.25,tsp,ok,
healthysimpleyum,https://healthysimpleyum.com/king-oyster-mushroom-tacos/,King Oyster Mushroom Recipe (Super Meaty!),20.0,True,"<li><span data-amount=""0.5"" data-unit=""tsp"">½ tsp</span> chili powder (optional)</li>",chili powder (optional),chili powder,0.5,tsp,ok,
healthysimpleyum,https://healthysimpleyum.com/king-oyster-mushroom-tacos/,King Oyster Mushroom Recipe (Super Meaty!),20.0,True,"<li><span data-amount=""1"">1</span>–<span data-amount=""2"">2</span> tbsp avocado oil</li>",tbsp avocado oil,tbsp avocado oil,1.0,,ok,
healthysimpleyum,https://healthysimpleyum.com/king-oyster-mushroom-tacos/,King Oyster Mushroom Recipe (Super Meaty!),20.0,True,"<li><span data-amount=""8"">8</span>–<span data-amount=""10"">10</span> corn tortillas</li>",corn tortillas,corn tortillas,8.0,,ok,
healthysimpleyum,https://healthysimpleyum.com/king-oyster-mushroom-tacos/,King Oyster Mushroom Recipe (Super Meaty!),20.0,True,"<li><span data-amount=""0.5"">½</span> small onion</li>",small onion,onion,0.5,,ok,
healthysimpleyum,https://healthysimpleyum.com/king-oyster-mushroom-tacos/,King Oyster Mushroom Recipe (Super Meaty!),20.0,True,<li>Cilantro</li>,Cilantro,cilantro,,,ok,
healthysimpleyum,https://healthysimpleyum.com/king-oyster-mushroom-tacos/,King Oyster Mushroom Recipe (Super Meaty!),20.0,True,<li>Salsa of choice</li>,Salsa of choice,salsa  choice,,,ok,
healthysimpleyum,https://healthysimpleyum.com/king-oyster-mushroom-tacos/,King Oyster Mushroom Recipe (Super Meaty!),20.0,True,<li>Lime wedges</li>,Lime wedges,lime wedges,,,ok,
healthysimpleyum,https://healthysimpleyum.com/lentil-kale-salad/,Lentil Kale Salad (Easy and Satisfying),25.0,True,"<li><span data-amount=""2"" data-unit=""cup"">2 cups</span> green lentils, cooked and drained</li>","green lentils, cooked and drained",green lentils cooked  drained,2.0,cup,ok,
healthysimpleyum,https://healthysimpleyum.com/lentil-kale-salad/,Lentil Kale Salad (Easy and Satisfying),25.0,True,"<li><span data-amount=""1"" data-unit=""cup"">1 cup</span> baby kale, roughly chopped</li>","baby kale, roughly chopped",baby kale roughly,1.0,cup,ok,
healthysimpleyum,https://healthysimpleyum.com/lentil-kale-salad/,Lentil Kale Salad (Easy and Satisfying),25.0,True,"<li><span data-amount=""1"" data-unit=""cup"">1 cup</span> cherry tomatoes, sliced in half</li>","cherry tomatoes, sliced in half",cherry tomatoes sliced in half,1.0,cup,ok,
healthysimpleyum,https://healthysimpleyum.com/lentil-kale-salad/,Lentil Kale Salad (Easy and Satisfying),25.0,True,"<li><span data-amount=""1"">1</span>–<span data-amount=""2"">2</span> cucumbers or zucchinis, diced</li>","cucumbers or zucchinis, diced",cucumbers  zucchinis,1.0,,ok,
healthysimpleyum,https://healthysimpleyum.com/lentil-kale-salad/,Lentil Kale Salad (Easy and Satisfying),25.0,True,"<li><span data-amount=""0.5"">½</span> red onion, thinly sliced</li>","red onion, thinly sliced",red onion thinly sliced,0.5,,ok,
healthysimpleyum,https://healthysimpleyum.com/lentil-kale-salad/,Lentil Kale Salad (Easy and Satisfying),25.0,True,"<li><span data-amount=""0.25"" data-unit=""cup"">¼ cup</span> fresh mint leaves, minced</li>","fresh mint leaves, minced",mint leaves,0.25,cup,ok,
healthysimpleyum,https://healthysimpleyum.com/lentil-kale-salad/,Lentil Kale Salad (Easy and Satisfying),25.0,True,"<li><span data-amount=""0.5"" data-unit=""cup"">½ cup</span> fresh parsley or basil, minced</li>","fresh parsley or basil, minced",parsley  basil,0.5,cup,ok,
healthysimpleyum,https://healthysimpleyum.com/lentil-kale-salad/,Lentil Kale Salad (Easy and Satisfying),25.0,True,"<li><span data-amount=""1"">1</span> avocado (optional)</li>",avocado (optional),avocado,1.0,,ok,
healthysimpleyum,https://healthysimpleyum.com/lentil-kale-salad/,Lentil Kale Salad (Easy and Satisfying),25.0,True,"<li><span data-amount=""0.5"" data-unit=""cup"">½ cup</span> slivered almonds or pumpkin seeds</li>",slivered almonds or pumpkin seeds,slivered almonds  pumpkin seeds,0.5,cup,ok,
healthysimpleyum,https://healthysimpleyum.com/lentil-kale-salad/,Lentil Kale Salad (Easy and Satisfying),25.0,True,"<li><span data-amount=""2"">2</span> limes or lemons, juiced</li>","limes or lemons, juiced",limes  lemons juiced,2.0,,ok,
healthysimpleyum,https://healthysimpleyum.com/lentil-kale-salad/,Lentil Kale Salad (Easy and Satisfying),25.0,True,"<li><span data-amount=""1"" data-unit=""tbsp"">1 tbsp</span> olive oil</li>",olive oil,olive oil,1.0,tbsp,ok,
healthysimpleyum,https://healthysimpleyum.com/lentil-kale-salad/,Lentil Kale Salad (Easy and Satisfying),25.0,True,"<li><span data-amount=""1"" data-unit=""tsp"">1 tsp</span> agave syrup</li>",agave syrup,agave syrup,1.0,tsp,ok,
healthysimpleyum,https://healthysimpleyum.com/lentil-kale-salad/,Lentil Kale Salad (Easy and Satisfying),25.0,True,"<li><span data-amount=""1"">1</span> pinch of salt</li>",pinch of salt,salt,1.0,,ok,
healthysimpleyum,https://healthysimpleyum.com/lentil-wrap-recipe/,"Lentil Wrap Recipe - (2 ingredients, sweet or savory!)",30.0,True,"<li><span class=""nutrifox-quantity"" data-amount=""2"" data-nf-food-description=""Lentils, raw"" data-nf-food-id=""4807"" data-nf-metric=""384"" data-nf-metric-unit=""gram"" data-nf-original=""usc"" data-nf-usc=""2"" data-nf-usc-unit=""cup"" data-unit=""cup"">2</span> <span class=""nutrifox-unit"" data-nf-food-description=""Lentils, raw"" data-nf-food-id=""4807"" data-nf-metric=""gram"" data-nf-original=""usc"" data-nf-usc=""cup"">cups</span> red lentils</li>",red lentils,red lentils,2.0,cups,ok,
healthysimpleyum,https://healthysimpleyum.com/lentil-wrap-recipe/,"Lentil Wrap Recipe - (2 ingredients, sweet or savory!)",30.0,True,"<li><span class=""nutrifox-quantity"" data-amount=""4"" data-nf-food-description=""SWANSON BROTH, Certified Organic Vegetable Broth"" data-nf-food-id=""1539"" data-nf-metric=""948"" data-nf-metric-unit=""ml"" data-nf-original=""usc"" data-nf-usc=""4"" data-nf-usc-unit=""cup"" data-unit=""cup"">4</span> <span class=""nutrifox-unit"" data-nf-food-description=""SWANSON BROTH, Certified Organic Vegetable Broth"" data-nf-food-id=""1539"" data-nf-metric=""ml"" data-nf-original=""usc"" data-nf-usc=""cup"">cups</span> vegetable broth or water</li>",vegetable broth or water,vegetable broth  water,4.0,cups,ok,
healthysimpleyum,https://healthysimpleyum.com/lions-mane-recipe/,Lion’s Mane Recipe - (The best mushroom taco recipe!),20.0,True,"<li><span class=""nutrifox-quantity"" data-amount=""1"" data-nf-food-description=""Mushrooms, white, raw"" data-nf-food-id=""3009"" data-nf-metric=""453.59237"" data-nf-metric-unit=""gram"" data-nf-original=""usc"" data-nf-usc=""1"" data-nf-usc-unit=""pound"" data-unit=""pound"">1</span> <span class=""nutrifox-unit"" data-nf-food-description=""Mushrooms, white, raw"" data-nf-food-id=""3009"" data-nf-metric=""gram"" data-nf-original=""usc"" data-nf-usc=""pound"">pound</span> of Lion’s Mane Mushrooms (about 6 medium mushrooms)</li>",of Lion’s Mane Mushrooms (about 6 medium mushrooms),lion’s mane mushrooms about   mushrooms,1.0,pound,ok,
healthysimpleyum,https://healthysimpleyum.com/lions-mane-recipe/,Lion’s Mane Recipe - (The best mushroom taco recipe!),20.0,True,"<li><span data-amount=""0.5"" data-unit=""tsp"">½ tsp</span> garlic powder</li>",garlic powder,garlic powder,0.5,tsp,ok,
healthysimpleyum,https://healthysimpleyum.com/lions-mane-recipe/,Lion’s Mane Recipe - (The best mushroom taco recipe!),20.0,True,"<li><span data-amount=""2"" data-unit=""tbsp"">2 tbsp</span> soy sauce, tamari or liquid aminos</li>","soy sauce, tamari or liquid aminos",soy sauce tamari  liquid aminos,2.0,tbsp,ok,
healthysimpleyum,https://healthysimpleyum.com/lions-mane-recipe/,Lion’s Mane Recipe - (The best mushroom taco recipe!),20.0,True,"<li><span data-amount=""0.5"" data-unit=""tsp"">½ tsp</span> cumin powder</li>",cumin powder,cumin powder,0.5,tsp,ok,
healthysimpleyum,https://healthysimpleyum.com/lions-mane-recipe/,Lion’s Mane Recipe - (The best mushroom taco recipe!),20.0,True,"<li><span data-amount=""0.5"" data-unit=""tsp"">½ tsp</span> onion powder</li>",onion powder,onion powder,0.5,tsp,ok,
healthysimpleyum,https://healthysimpleyum.com/lions-mane-recipe/,Lion’s Mane Recipe - (The best mushroom taco recipe!),20.0,True,"<li><span data-amount=""0.5"" data-unit=""tsp"">½ tsp</span> chili powder (optional)</li>",chili powder (optional),chili powder,0.5,tsp,ok,
healthysimpleyum,https://healthysimpleyum.com/lions-mane-recipe/,Lion’s Mane Recipe - (The best mushroom taco recipe!),20.0,True,"<li><span data-amount=""2"" data-unit=""tbsp"">2 tbsp</span> avocado oil</li>",avocado oil,avocado oil,2.0,tbsp,ok,
healthysimpleyum,https://healthysimpleyum.com/lions-mane-recipe/,Lion’s Mane Recipe - (The best mushroom taco recipe!),20.0,True,"<li><span data-amount=""8"">8</span>–<span data-amount=""10"">10</span> corn tortillas</li>",corn tortillas,corn tortillas,8.0,,ok,
healthysimpleyum,https://healthysimpleyum.com/lions-mane-recipe/,Lion’s Mane Recipe - (The best mushroom taco recipe!),20.0,True,"<li><span data-amount=""0.5"">½</span> small onion</li>",small onion,onion,0.5,,ok,
healthysimpleyum,https://healthysimpleyum.com/lions-mane-recipe/,Lion’s Mane Recipe - (The best mushroom taco recipe!),20.0,True,<li>Cilantro</li>,Cilantro,cilantro,,,ok,
healthysimpleyum,https://healthysimpleyum.com/lions-mane-recipe/,Lion’s Mane Recipe - (The best mushroom taco recipe!),20.0,True,<li>Salsa of choice</li>,Salsa of choice,salsa  choice,,,ok,
healthysimpleyum,https://healthysimpleyum.com/lions-mane-recipe/,Lion’s Mane Recipe - (The best mushroom taco recipe!),20.0,True,<li>Lime wedges</li>,Lime wedges,lime wedges,,,ok,
healthysimpleyum,https://healthysimpleyum.com/loaded-vegan-nachos-recipe/,Loaded Vegan Nachos (Quick and Easy sheet pan nachos),40.0,True,"<li data-draftjs-conductor-fragment='{""blocks"":[{""key"":""3jbt"",""text"":""½ bag Tortilla Chips"",""type"":""unordered-list-item"",""depth"":0,""inlineStyleRanges"":[],""entityRanges"":[],""data"":{""dynamicStyles"":{}}}],""entityMap"":{},""VERSION"":""8.37.0""}'><span data-amount=""0.5"">½</span> bag of tortilla chips</li>",bag of tortilla chips,bag  tortilla chips,0.5,,ok,
healthysimpleyum,https://healthysimpleyum.com/loaded-vegan-nachos-recipe/,Loaded Vegan Nachos (Quick and Easy sheet pan nachos),40.0,True,"<li data-draftjs-conductor-fragment='{""blocks"":[{""key"":""3jbt"",""text"":""½ bag Tortilla Chips"",""type"":""unordered-list-item"",""depth"":0,""inlineStyleRanges"":[],""entityRanges"":[],""data"":{""dynamicStyles"":{}}}],""entityMap"":{},""VERSION"":""8.37.0""}'><span data-amount=""2"">2</span> cans of beans of your choice</li>",cans of beans of your choice,cans  beans  your choice,2.0,,ok,
healthysimpleyum,https://healthysimpleyum.com/loaded-vegan-nachos-recipe/,Loaded Vegan Nachos (Quick and Easy sheet pan nachos),40.0,True,"<li data-draftjs-conductor-fragment='{""blocks"":[{""key"":""3jbt"",""text"":""½ bag Tortilla Chips"",""type"":""unordered-list-item"",""depth"":0,""inlineStyleRanges"":[],""entityRanges"":[],""data"":{""dynamicStyles"":{}}}],""entityMap"":{},""VERSION"":""8.37.0""}'><span data-amount=""0.5"">½</span> onion</li>",onion,onion,0.5,,ok,
healthysimpleyum,https://healthysimpleyum.com/loaded-vegan-nachos-recipe/,Loaded Vegan Nachos (Quick and Easy sheet pan nachos),40.0,True,"<li data-draftjs-conductor-fragment='{""blocks"":[{""key"":""3jbt"",""text"":""½ bag Tortilla Chips"",""type"":""unordered-list-item"",""depth"":0,""inlineStyleRanges"":[],""entityRanges"":[],""data"":{""dynamicStyles"":{}}}],""entityMap"":{},""VERSION"":""8.37.0""}'><span data-amount=""2"">2</span> tomatoes</li>",tomatoes,tomatoes,2.0,,ok,
healthysimpleyum,https://healthysimpleyum.com/loaded-vegan-nachos-recipe/,Loaded Vegan Nachos (Quick and Easy sheet pan nachos),40.0,True,"<li data-draftjs-conductor-fragment='{""blocks"":[{""key"":""3jbt"",""text"":""½ bag Tortilla Chips"",""type"":""unordered-list-item"",""depth"":0,""inlineStyleRanges"":[],""entityRanges"":[],""data"":{""dynamicStyles"":{}}}],""entityMap"":{},""VERSION"":""8.37.0""}'><span data-amount=""1"">1</span>–<span data-amount=""2"">2</span> jalapenos</li>",jalapenos,jalapenos,1.0,,ok,
healthysimpleyum,https://healthysimpleyum.com/loaded-vegan-nachos-recipe/,Loaded Vegan Nachos (Quick and Easy sheet pan nachos),40.0,True,"<li data-draftjs-conductor-fragment='{""blocks"":[{""key"":""3jbt"",""text"":""½ bag Tortilla Chips"",""type"":""unordered-list-item"",""depth"":0,""inlineStyleRanges"":[],""entityRanges"":[],""data"":{""dynamicStyles"":{}}}],""entityMap"":{},""VERSION"":""8.37.0""}'><span data-amount=""2"">2</span> avocados</li>",avocados,avocados,2.0,,ok,
healthysimpleyum,https://healthysimpleyum.com/loaded-vegan-nachos-recipe/,Loaded Vegan Nachos (Quick and Easy sheet pan nachos),40.0,True,"<li data-draftjs-conductor-fragment='{""blocks"":[{""key"":""3jbt"",""text"":""½ bag Tortilla Chips"",""type"":""unordered-list-item"",""depth"":0,""inlineStyleRanges"":[],""entityRanges"":[],""data"":{""dynamicStyles"":{}}}],""entityMap"":{},""VERSION"":""8.37.0""}'><span data-amount=""0.5"" data-unit=""cup"">½ cup</span> of coriander</li>",of coriander,coriander,0.5,cup,ok,
healthysimpleyum,https://healthysimpleyum.com/loaded-vegan-nachos-recipe/,Loaded Vegan Nachos (Quick and Easy sheet pan nachos),40.0,True,"<li data-draftjs-conductor-fragment='{""blocks"":[{""key"":""bf2ns"",""text"":""1 pack Extra Protein Tofu (extra firm will do)"",""type"":""unordered-list-item"",""depth"":0,""inlineStyleRanges"":[],""entityRanges"":[],""data"":{""dynamicStyles"":{}}}],""entityMap"":{},""VERSION"":""8.37.0""}'><span data-amount=""1"">1</span> packet extra protein tofu (extra firm will do)</li>",packet extra protein tofu (extra firm will do),packet  protein tofu  firm will do,1.0,,ok,
healthysimpleyum,https://healthysimpleyum.com/loaded-vegan-nachos-recipe/,Loaded Vegan Nachos (Quick and Easy sheet pan nachos),40.0,True,"<li data-draftjs-conductor-fragment='{""blocks"":[{""key"":""bf2ns"",""text"":""1 pack Extra Protein Tofu (extra firm will do)"",""type"":""unordered-list-item"",""depth"":0,""inlineStyleRanges"":[],""entityRanges"":[],""data"":{""dynamicStyles"":{}}}],""entityMap"":{},""VERSION"":""8.37.0""}'><span data-amount=""0.5"" data-unit=""cup"">½ cup</span> of vegetable broth</li>",of vegetable broth,vegetable broth,0.5,cup,ok,
healthysimpleyum,https://healthysimpleyum.com/loaded-vegan-nachos-recipe/,Loaded Vegan Nachos (Quick and Easy sheet pan nachos),40.0,True,"<li data-draftjs-conductor-fragment='{""blocks"":[{""key"":""bf2ns"",""text"":""1 pack Extra Protein Tofu (extra firm will do)"",""type"":""unordered-list-item"",""depth"":0,""inlineStyleRanges"":[],""entityRanges"":[],""data"":{""dynamicStyles"":{}}}],""entityMap"":{},""VERSION"":""8.37.0""}'><span data-amount=""2"" data-unit=""tablespoon"">2 tablespoons</span> avocado oil</li>",avocado oil,avocado oil,2.0,tablespoon,ok,
healthysimpleyum,https://healthysimpleyum.com/loaded-vegan-nachos-recipe/,Loaded Vegan Nachos (Quick and Easy sheet pan nachos),40.0,True,"<li data-draftjs-conductor-fragment='{""blocks"":[{""key"":""bf2ns"",""text"":""1 pack Extra Protein Tofu (extra firm will do)"",""type"":""unordered-list-item"",""depth"":0,""inlineStyleRanges"":[],""entityRanges"":[],""data"":{""dynamicStyles"":{}}}],""entityMap"":{},""VERSION"":""8.37.0""}'><span data-amount=""2"" data-unit=""tablespoon"">2 tablespoons</span> Tamari or soy sauce (low sodium)</li>",Tamari or soy sauce (low sodium),tamari  soy sauce low sodium,2.0,tablespoon,ok,
healthysimpleyum,https://healthysimpleyum.com/loaded-vegan-nachos-recipe/,Loaded Vegan Nachos (Quick and Easy sheet pan nachos),40.0,True,"<li data-draftjs-conductor-fragment='{""blocks"":[{""key"":""bf2ns"",""text"":""1 pack Extra Protein Tofu (extra firm will do)"",""type"":""unordered-list-item"",""depth"":0,""inlineStyleRanges"":[],""entityRanges"":[],""data"":{""dynamicStyles"":{}}}],""entityMap"":{},""VERSION"":""8.37.0""}'><span data-amount=""1"" data-unit=""teaspoon"">1 teaspoon</span> chili powder</li>",chili powder,chili powder,1.0,teaspoon,ok,
healthysimpleyum,https://healthysimpleyum.com/loaded-vegan-nachos-recipe/,Loaded Vegan Nachos (Quick and Easy sheet pan nachos),40.0,True,"<li data-draftjs-conductor-fragment='{""blocks"":[{""key"":""bf2ns"",""text"":""1 pack Extra Protein Tofu (extra firm will do)"",""type"":""unordered-list-item"",""depth"":0,""inlineStyleRanges"":[],""entityRanges"":[],""data"":{""dynamicStyles"":{}}}],""entityMap"":{},""VERSION"":""8.37.0""}'><span data-amount=""3"" data-unit=""tablespoon"">3 tablespoons</span> nutritional yeast</li>",nutritional yeast,nutritional yeast,3.0,tablespoon,ok,
healthysimpleyum,https://healthysimpleyum.com/loaded-vegan-nachos-recipe/,Loaded Vegan Nachos (Quick and Easy sheet pan nachos),40.0,True,"<li data-draftjs-conductor-fragment='{""blocks"":[{""key"":""bf2ns"",""text"":""1 pack Extra Protein Tofu (extra firm will do)"",""type"":""unordered-list-item"",""depth"":0,""inlineStyleRanges"":[],""entityRanges"":[],""data"":{""dynamicStyles"":{}}}],""entityMap"":{},""VERSION"":""8.37.0""}'><span data-amount=""0.5"" data-unit=""teaspoon"">½ teaspoon</span> cayenne powder (optional, spicy)</li>","cayenne powder (optional, spicy)",cayenne powder  spicy,0.5,teaspoon,ok,
healthysimpleyum,https://healthysimpleyum.com/loaded-vegan-nachos-recipe/,Loaded Vegan Nachos (Quick and Easy sheet pan nachos),40.0,True,"<li data-draftjs-conductor-fragment='{""blocks"":[{""key"":""bf2ns"",""text"":""1 pack Extra Protein Tofu (extra firm will do)"",""type"":""unordered-list-item"",""depth"":0,""inlineStyleRanges"":[],""entityRanges"":[],""data"":{""dynamicStyles"":{}}}],""entityMap"":{},""VERSION"":""8.37.0""}'><span data-amount=""1"" data-unit=""teaspoon"">1 teaspoon</span> of cumin</li>",of cumin,cumin,1.0,teaspoon,ok,
healthysimpleyum,https://healthysimpleyum.com/loaded-vegan-nachos-recipe/,Loaded Vegan Nachos (Quick and Easy sheet pan nachos),40.0,True,"<li data-draftjs-conductor-fragment='{""blocks"":[{""key"":""bf2ns"",""text"":""1 pack Extra Protein Tofu (extra firm will do)"",""type"":""unordered-list-item"",""depth"":0,""inlineStyleRanges"":[],""entityRanges"":[],""data"":{""dynamicStyles"":{}}}],""entityMap"":{},""VERSION"":""8.37.0""}'><span data-amount=""1"" data-unit=""teaspoon"">1 teaspoon</span> garlic powder</li>",garlic powder,garlic powder,1.0,teaspoon,ok,
healthysimpleyum,https://healthysimpleyum.com/loaded-vegan-nachos-recipe/,Loaded Vegan Nachos (Quick and Easy sheet pan nachos),40.0,True,"<li data-draftjs-conductor-fragment='{""blocks"":[{""key"":""bf2ns"",""text"":""1 pack Extra Protein Tofu (extra firm will do)"",""type"":""unordered-list-item"",""depth"":0,""inlineStyleRanges"":[],""entityRanges"":[],""data"":{""dynamicStyles"":{}}}],""entityMap"":{},""VERSION"":""8.37.0""}'>Salt and pepper to taste</li>",Salt and pepper to taste,salt  pepper to taste,,,ok,
healthysimpleyum,https://healthysimpleyum.com/mango-lemon-bars/,Mango Lemon Bars (100% Vegan and Gluten-Free!),20.0,True,"<li><span data-amount=""2"" data-unit=""cup"">2 cups</span> mango chunks</li>",mango chunks,mango chunks,2.0,cup,ok,
healthysimpleyum,https://healthysimpleyum.com/mango-lemon-bars/,Mango Lemon Bars (100% Vegan and Gluten-Free!),20.0,True,"<li><span data-amount=""1"">1</span> can whole fat coconut milk</li>",can whole fat coconut milk,can whole fat coconut milk,1.0,,ok,
healthysimpleyum,https://healthysimpleyum.com/mango-lemon-bars/,Mango Lemon Bars (100% Vegan and Gluten-Free!),20.0,True,"<li><span data-amount=""0.25"" data-unit=""cup"">¼ cup</span> coconut oil</li>",coconut oil,coconut oil,0.25,cup,ok,
healthysimpleyum,https://healthysimpleyum.com/mango-lemon-bars/,Mango Lemon Bars (100% Vegan and Gluten-Free!),20.0,True,"<li><span data-amount=""0.5"" data-unit=""cup"">½ cup</span> maple syrup</li>",maple syrup,maple syrup,0.5,cup,ok,
healthysimpleyum,https://healthysimpleyum.com/mango-lemon-bars/,Mango Lemon Bars (100% Vegan and Gluten-Free!),20.0,True,"<li><span data-amount=""1"">1</span>–<span data-amount=""2"">2</span> lemons, juiced</li>","lemons, juiced",lemons juiced,1.0,,ok,
healthysimpleyum,https://healthysimpleyum.com/mango-lemon-bars/,Mango Lemon Bars (100% Vegan and Gluten-Free!),20.0,True,"<li><span data-amount=""1"">1</span> –<span data-amount=""2"">2</span> tsp turmeric (optional*)</li>",tsp turmeric (optional*),tsp turmeric *,1.0,,ok,
healthysimpleyum,https://healthysimpleyum.com/mango-lemon-bars/,Mango Lemon Bars (100% Vegan and Gluten-Free!),20.0,True,"<li><span data-amount=""0.25"">¼</span> <a href=""https://bakeryonmain.com/collections/granola-clusters/products/white-chip-raspberry-swirl"">cup granola</a> (optional for topping)</li>",cup granola (optional for topping),cup granola  for topping,0.25,,ok,
healthysimpleyum,https://healthysimpleyum.com/mango-lemon-bars/,Mango Lemon Bars (100% Vegan and Gluten-Free!),20.0,True,"<li><span data-amount=""2"" data-unit=""cup"">2 cups</span> of <a href=""https://bakeryonmain.com/collections/oats-hot/products/rolled-oats"">Bakery on Main Rolled Oats</a>, blended</li>","of Bakery on Main Rolled Oats , blended",bakery on main rolled oats  blended,2.0,cup,ok,
healthysimpleyum,https://healthysimpleyum.com/mango-lemon-bars/,Mango Lemon Bars (100% Vegan and Gluten-Free!),20.0,True,"<li><span data-amount=""1"" data-unit=""cup"">1 cup</span> walnuts or pecans</li>",walnuts or pecans,walnuts  pecans,1.0,cup,ok,
healthysimpleyum,https://healthysimpleyum.com/mango-lemon-bars/,Mango Lemon Bars (100% Vegan and Gluten-Free!),20.0,True,"<li><span data-amount=""5"">5</span> dates, soaked and pitted</li>","dates, soaked and pitted",dates soaked  pitted,5.0,,ok,
healthysimpleyum,https://healthysimpleyum.com/mango-lemon-bars/,Mango Lemon Bars (100% Vegan and Gluten-Free!),20.0,True,"<li><span data-amount=""2"" data-unit=""tablespoon"">2 tablespoons</span> ground flaxseed + ¼ cup water</li>",ground flaxseed + ¼ cup water,flaxseed + ¼ cup water,2.0,tablespoon,ok,
healthysimpleyum,https://healthysimpleyum.com/mango-lemon-bars/,Mango Lemon Bars (100% Vegan and Gluten-Free!),20.0,True,"<li><span data-amount=""0.5"" data-unit=""teaspoon"">½ teaspoon</span> salt</li>",salt,salt,0.5,teaspoon,ok,
healthysimpleyum,https://healthysimpleyum.com/mango-milk/,Mango Milk (Easy & Dairy-free),15.0,True,"<li><span data-amount=""5"">5</span> ripe Honey (Ataulfo) Mangoes</li>",ripe Honey (Ataulfo) Mangoes,ripe honey ataulfo mangoes,5.0,,ok,
healthysimpleyum,https://healthysimpleyum.com/mango-milk/,Mango Milk (Easy & Dairy-free),15.0,True,"<li><span class=""nutrifox-quantity"" data-amount=""1"" data-nf-food-description=""Beverages, water, tap, drinking"" data-nf-food-id=""4384"" data-nf-metric=""237"" data-nf-metric-unit=""ml"" data-nf-original=""usc"" data-nf-usc=""1"" data-nf-usc-unit=""cup"" data-unit=""cup"">1</span> <span class=""nutrifox-unit"" data-nf-food-description=""Beverages, water, tap, drinking"" data-nf-food-id=""4384"" data-nf-metric=""ml"" data-nf-original=""usc"" data-nf-usc=""cup"">cup</span> water</li>",water,water,1.0,cup,ok,
healthysimpleyum,https://healthysimpleyum.com/mango-milk/,Mango Milk (Easy & Dairy-free),15.0,True,"<li><span data-amount=""1"">1</span> (7.4 oz) can of coconut condensed milk</li>",(7.4 oz) can of coconut condensed milk,oz can  coconut condensed milk,1.0,,ok,
healthysimpleyum,https://healthysimpleyum.com/mango-milk/,Mango Milk (Easy & Dairy-free),15.0,True,"<li><span class=""nutrifox-quantity"" data-amount=""2"" data-nf-food-description=""Vitasoy USA, Vitasoy Organic Creamy Original Soymilk"" data-nf-food-id=""4910"" data-nf-metric=""486"" data-nf-metric-unit=""gram"" data-nf-original=""usc"" data-nf-usc=""2"" data-nf-usc-unit=""cup"" data-unit=""cup"">2</span>–<span class=""nutrifox-second-quantity"" data-amount=""3"" data-nf-food-description=""Vitasoy USA, Vitasoy Organic Creamy Original Soymilk"" data-nf-food-id=""4910"" data-nf-metric=""729"" data-nf-metric-unit=""gram"" data-nf-original=""usc"" data-nf-usc=""3"" data-nf-usc-unit=""cup"" data-unit=""cup"">3</span> <span class=""nutrifox-unit"" data-nf-food-description=""Vitasoy USA, Vitasoy Organic Creamy Original Soymilk"" data-nf-food-id=""4910"" data-nf-metric=""gram"" data-nf-original=""usc"" data-nf-usc=""cup"">cups</span> of soy milk/milk of choice</li>",–3of soy milk/milk of choice,soy milk/milk  choice,2.0,cups,ok,
healthysimpleyum,https://healthysimpleyum.com/mango-milk/,Mango Milk (Easy & Dairy-free),15.0,True,<li>Ice to preference</li>,Ice to preference,ice to preference,,,ok,
healthysimpleyum,https://healthysimpleyum.com/mangonada-recipe/,,,,,,,,,error,"1 validation error for IngredientData
quantity
  Input should be a valid number, unable to parse string as a number [type=float_parsing, input_value='¾', input_type=str]
    For further information visit https://errors.pydantic.dev/2.13/v/float_parsing"
healthysimpleyum,https://healthysimpleyum.com/mason-jar-soups/,"Mason Jar Soups (15 minute Meal Prep, No-Cook Soups)",15.0,True,"<li><span data-amount=""1"">1</span> serving of rice noodles</li>",serving of rice noodles,serving  rice noodles,1.0,,ok,
healthysimpleyum,https://healthysimpleyum.com/mason-jar-soups/,"Mason Jar Soups (15 minute Meal Prep, No-Cook Soups)",15.0,True,"<li><span data-amount=""1"" data-unit=""teaspoon"">1 teaspoon</span> bouillon or miso paste</li>",bouillon or miso paste,bouillon  miso paste,1.0,teaspoon,ok,
healthysimpleyum,https://healthysimpleyum.com/mason-jar-soups/,"Mason Jar Soups (15 minute Meal Prep, No-Cook Soups)",15.0,True,"<li><span data-amount=""1"" data-unit=""teaspoon"">1 teaspoon</span> garlic, minced</li>","garlic, minced",garlic,1.0,teaspoon,ok,
healthysimpleyum,https://healthysimpleyum.com/mason-jar-soups/,"Mason Jar Soups (15 minute Meal Prep, No-Cook Soups)",15.0,True,"<li><span data-amount=""1"" data-unit=""tablespoon"">1 tablespoon</span> soy sauce, low sodium</li>","soy sauce, low sodium",soy sauce low sodium,1.0,tablespoon,ok,
healthysimpleyum,https://healthysimpleyum.com/mason-jar-soups/,"Mason Jar Soups (15 minute Meal Prep, No-Cook Soups)",15.0,True,"<li><span class=""nutrifox-quantity"" data-amount=""0.25"" data-nf-food-description=""Mushrooms, portabella, raw"" data-nf-food-id=""3013"" data-nf-metric=""21.5"" data-nf-metric-unit=""gram"" data-nf-original=""usc"" data-nf-usc=""0.25"" data-nf-usc-unit=""cup"" data-unit=""cup"">¼</span> <span class=""nutrifox-unit"" data-nf-food-description=""Mushrooms, portabella, raw"" data-nf-food-id=""3013"" data-nf-metric=""gram"" data-nf-original=""usc"" data-nf-usc=""cup"">cup</span> mushrooms, sliced</li>","mushrooms, sliced",mushrooms sliced,0.25,cup,ok,
healthysimpleyum,https://healthysimpleyum.com/mason-jar-soups/,"Mason Jar Soups (15 minute Meal Prep, No-Cook Soups)",15.0,True,"<li><span class=""nutrifox-quantity"" data-amount=""0.25"" data-nf-food-description=""Mung beans, mature seeds, sprouted, raw"" data-nf-food-id=""2846"" data-nf-metric=""26"" data-nf-metric-unit=""gram"" data-nf-original=""usc"" data-nf-usc=""0.25"" data-nf-usc-unit=""cup"" data-unit=""cup"">¼</span> <span class=""nutrifox-unit"" data-nf-food-description=""Mung beans, mature seeds, sprouted, raw"" data-nf-food-id=""2846"" data-nf-metric=""gram"" data-nf-original=""usc"" data-nf-usc=""cup"">cup</span> bean sprouts</li>",bean sprouts,bean sprouts,0.25,cup,ok,
healthysimpleyum,https://healthysimpleyum.com/mason-jar-soups/,"Mason Jar Soups (15 minute Meal Prep, No-Cook Soups)",15.0,True,"<li><span class=""nutrifox-quantity"" data-amount=""0.25"" data-nf-food-description=""Peppers, sweet, red, raw"" data-nf-food-id=""3438"" data-nf-metric=""37.25"" data-nf-metric-unit=""gram"" data-nf-original=""usc"" data-nf-usc=""0.25"" data-nf-usc-unit=""cup"" data-unit=""cup"">¼</span> <span class=""nutrifox-unit"" data-nf-food-description=""Peppers, sweet, red, raw"" data-nf-food-id=""3438"" data-nf-metric=""gram"" data-nf-original=""usc"" data-nf-usc=""cup"">cup</span> red pepper, sliced</li>","red pepper, sliced",red pepper sliced,0.25,cup,ok,
healthysimpleyum,https://healthysimpleyum.com/mason-jar-soups/,"Mason Jar Soups (15 minute Meal Prep, No-Cook Soups)",15.0,True,"<li><span class=""nutrifox-quantity"" data-amount=""0.25"" data-nf-food-description=""Broccoli, raw"" data-nf-food-id=""2871"" data-nf-metric=""22.75"" data-nf-metric-unit=""gram"" data-nf-original=""usc"" data-nf-usc=""0.25"" data-nf-usc-unit=""cup"" data-unit=""cup"">¼</span> <span class=""nutrifox-unit"" data-nf-food-description=""Broccoli, raw"" data-nf-food-id=""2871"" data-nf-metric=""gram"" data-nf-original=""usc"" data-nf-usc=""cup"">cup</span> broccoli florets</li>",broccoli florets,broccoli florets,0.25,cup,ok,
healthysimpleyum,https://healthysimpleyum.com/mason-jar-soups/,"Mason Jar Soups (15 minute Meal Prep, No-Cook Soups)",15.0,True,"<li><span class=""nutrifox-quantity"" data-amount=""0.25"" data-nf-food-description=""Cabbage, red, raw"" data-nf-food-id=""2890"" data-nf-metric=""22.25"" data-nf-metric-unit=""gram"" data-nf-original=""usc"" data-nf-usc=""0.25"" data-nf-usc-unit=""cup"" data-unit=""cup"">¼</span> <span class=""nutrifox-unit"" data-nf-food-description=""Cabbage, red, raw"" data-nf-food-id=""2890"" data-nf-metric=""gram"" data-nf-original=""usc"" data-nf-usc=""cup"">cup</span> shredded cabbage</li>",shredded cabbage,shredded cabbage,0.25,cup,ok,
healthysimpleyum,https://healthysimpleyum.com/mason-jar-soups/,"Mason Jar Soups (15 minute Meal Prep, No-Cook Soups)",15.0,True,"<li><span class=""nutrifox-quantity"" data-amount=""0.25"" data-nf-food-description=""Carrots, raw"" data-nf-food-id=""2901"" data-nf-metric=""32"" data-nf-metric-unit=""gram"" data-nf-original=""usc"" data-nf-usc=""0.25"" data-nf-usc-unit=""cup"" data-unit=""cup"">¼</span> <span class=""nutrifox-unit"" data-nf-food-description=""Carrots, raw"" data-nf-food-id=""2901"" data-nf-metric=""gram"" data-nf-original=""usc"" data-nf-usc=""cup"">cup</span> shredded carrot</li>",shredded carrot,shredded carrot,0.25,cup,ok,
healthysimpleyum,https://healthysimpleyum.com/mason-jar-soups/,"Mason Jar Soups (15 minute Meal Prep, No-Cook Soups)",15.0,True,"<li><span class=""nutrifox-quantity"" data-amount=""0.5"" data-nf-food-description=""Vitasoy USA, Organic Nasoya Super Firm Cubed Tofu"" data-nf-food-id=""4906"">½</span> <span class=""nutrifox-unit"" data-nf-food-description=""Vitasoy USA, Organic Nasoya Super Firm Cubed Tofu"" data-nf-food-id=""4906"">cup</span> tofu cubes</li>",tofu cubes,tofu cubes,0.5,cup,ok,
healthysimpleyum,https://healthysimpleyum.com/mason-jar-soups/,"Mason Jar Soups (15 minute Meal Prep, No-Cook Soups)",15.0,True,<li>Fresh herbs (optional)</li>,Fresh herbs (optional),herbs,,,ok,
healthysimpleyum,https://healthysimpleyum.com/mason-jar-soups/,"Mason Jar Soups (15 minute Meal Prep, No-Cook Soups)",15.0,True,<li>Hot water (when ready to eat)</li>,Hot water (when ready to eat),hot water when ready to eat,,,ok,
healthysimpleyum,https://healthysimpleyum.com/menudo/,Menudo (Plant-Based Recipe),40.0,True,"<li><span data-amount=""3"">3</span>–<span data-amount=""4"">4</span> <a href=""https://www.amazon.com/dp/B0798XL5HT/?ref=idea_dp_"">Snow Mushrooms</a>, dried (see above)</li>","Snow Mushrooms , dried (see above)",snow mushrooms   see above,3.0,,ok,
healthysimpleyum,https://healthysimpleyum.com/menudo/,Menudo (Plant-Based Recipe),40.0,True,"<li><span data-amount=""6"">6</span> Shiitake mushrooms, sliced</li>","Shiitake mushrooms, sliced",shiitake mushrooms sliced,6.0,,ok,
healthysimpleyum,https://healthysimpleyum.com/menudo/,Menudo (Plant-Based Recipe),40.0,True,"<li><span data-amount=""1"" data-unit=""cup"">1 cup</span> soya (optional but recommended, see above)</li>","soya (optional but recommended, see above)",soya  but recommended see above,1.0,cup,ok,
healthysimpleyum,https://healthysimpleyum.com/menudo/,Menudo (Plant-Based Recipe),40.0,True,"<li><span data-amount=""4"" data-unit=""cup"">4 cups</span> hominy</li>",hominy,hominy,4.0,cup,ok,
healthysimpleyum,https://healthysimpleyum.com/menudo/,Menudo (Plant-Based Recipe),40.0,True,"<li><span data-amount=""3"">3</span> chiles California, dried</li>","chiles California, dried",chiles california,3.0,,ok,
healthysimpleyum,https://healthysimpleyum.com/menudo/,Menudo (Plant-Based Recipe),40.0,True,"<li><span data-amount=""4"">4</span> chiles Guajillo, dried</li>","chiles Guajillo, dried",chiles guajillo,4.0,,ok,
healthysimpleyum,https://healthysimpleyum.com/menudo/,Menudo (Plant-Based Recipe),40.0,True,"<li><span data-amount=""3"">3</span> tomatoes, large</li>","tomatoes, large",tomatoes,3.0,,ok,
healthysimpleyum,https://healthysimpleyum.com/menudo/,Menudo (Plant-Based Recipe),40.0,True,"<li><span data-amount=""0.5"">½</span> white onion</li>",white onion,onion,0.5,,ok,
healthysimpleyum,https://healthysimpleyum.com/menudo/,Menudo (Plant-Based Recipe),40.0,True,"<li><span data-amount=""2"">2</span> garlic cloves</li>",garlic cloves,garlic cloves,2.0,,ok,
healthysimpleyum,https://healthysimpleyum.com/menudo/,Menudo (Plant-Based Recipe),40.0,True,"<li><span data-amount=""1"">1</span> bay leaf</li>",bay leaf,bay leaf,1.0,,ok,
healthysimpleyum,https://healthysimpleyum.com/menudo/,Menudo (Plant-Based Recipe),40.0,True,"<li><span data-amount=""6"">6</span>–<span data-amount=""8"">8</span> cups vegetable broth (see above)</li>",cups vegetable broth (see above),cups vegetable broth see above,6.0,,ok,
healthysimpleyum,https://healthysimpleyum.com/menudo/,Menudo (Plant-Based Recipe),40.0,True,"<li><span data-amount=""1"">1</span>–<span data-amount=""2"">2</span> tbsp avocado oil</li>",tbsp avocado oil,tbsp avocado oil,1.0,,ok,
healthysimpleyum,https://healthysimpleyum.com/menudo/,Menudo (Plant-Based Recipe),40.0,True,<li>Salt to taste (I used about 2 tsp)</li>,Salt to taste (I used about 2 tsp),salt to taste i used about  tsp,,,ok,
healthysimpleyum,https://healthysimpleyum.com/menudo/,Menudo (Plant-Based Recipe),40.0,True,"<li><span data-amount=""0.5"">½</span> purple onion, diced</li>","purple onion, diced",purple onion,0.5,,ok,
healthysimpleyum,https://healthysimpleyum.com/menudo/,Menudo (Plant-Based Recipe),40.0,True,"<li><span data-amount=""0.25"" data-unit=""cup"">¼ cup</span> oregano</li>",oregano,oregano,0.25,cup,ok,
healthysimpleyum,https://healthysimpleyum.com/menudo/,Menudo (Plant-Based Recipe),40.0,True,"<li><span data-amount=""4"">4</span>–<span data-amount=""5"">5</span> limes</li>",limes,limes,4.0,,ok,
healthysimpleyum,https://healthysimpleyum.com/menudo/,Menudo (Plant-Based Recipe),40.0,True,<li>Tortilla chips or tostadas</li>,Tortilla chips or tostadas,tortilla chips  tostadas,,,ok,
healthysimpleyum,https://healthysimpleyum.com/menudo/,Menudo (Plant-Based Recipe),40.0,True,"<li><span data-amount=""1.4"" data-unit=""cup"">1.4 cup</span> cilantro, minced</li>","cilantro, minced",cilantro,1.4,cup,ok,
healthysimpleyum,https://healthysimpleyum.com/mexican-atole-dairy-free/,Mexican Atole (Dairy-free),30.0,True,"<li><span class=""nutrifox-quantity"" data-amount=""0.5"" data-nf-food-description=""Oat flour, partially debranned"" data-nf-food-id=""6582"" data-nf-metric=""52"" data-nf-metric-unit=""gram"" data-nf-original=""usc"" data-nf-usc=""0.5"" data-nf-usc-unit=""cup"" data-unit=""cup"">½</span> – <span class=""nutrifox-second-quantity"" data-amount=""0.75"" data-nf-food-description=""Oat flour, partially debranned"" data-nf-food-id=""6582"" data-nf-metric=""78"" data-nf-metric-unit=""gram"" data-nf-original=""usc"" data-nf-usc=""0.75"" data-nf-usc-unit=""cup"" data-unit=""cup"">¾</span> <span class=""nutrifox-unit"" data-nf-food-description=""Oat flour, partially debranned"" data-nf-food-id=""6582"" data-nf-metric=""gram"" data-nf-original=""usc"" data-nf-usc=""cup"">cup</span> oat flour (to preference)</li>",–¾oat flour (to preference),¾oat flour to preference,0.5,cup,ok,
healthysimpleyum,https://healthysimpleyum.com/mexican-atole-dairy-free/,Mexican Atole (Dairy-free),30.0,True,"<li><span class=""nutrifox-quantity"" data-amount=""2"" data-nf-food-description=""Beverages, water, tap, drinking"" data-nf-food-id=""4384"" data-nf-metric=""474"" data-nf-metric-unit=""ml"" data-nf-original=""usc"" data-nf-usc=""2"" data-nf-usc-unit=""cup"" data-unit=""cup"">2</span> <span class=""nutrifox-unit"" data-nf-food-description=""Beverages, water, tap, drinking"" data-nf-food-id=""4384"" data-nf-metric=""ml"" data-nf-original=""usc"" data-nf-usc=""cup"">cups</span> water</li>",water,water,2.0,cups,ok,
healthysimpleyum,https://healthysimpleyum.com/mexican-atole-dairy-free/,Mexican Atole (Dairy-free),30.0,True,"<li><span class=""nutrifox-quantity"" data-amount=""2"" data-nf-food-description=""Beverages, almond milk, unsweetened, shelf stable"" data-nf-food-id=""4188"" data-nf-metric=""474"" data-nf-metric-unit=""ml"" data-nf-original=""usc"" data-nf-usc=""2"" data-nf-usc-unit=""cup"" data-unit=""cup"">2</span> <span class=""nutrifox-unit"" data-nf-food-description=""Beverages, almond milk, unsweetened, shelf stable"" data-nf-food-id=""4188"" data-nf-metric=""ml"" data-nf-original=""usc"" data-nf-usc=""cup"">cups</span> unsweetened plant milk</li>",unsweetened plant milk,unsweetened plant milk,2.0,cups,ok,
healthysimpleyum,https://healthysimpleyum.com/mexican-atole-dairy-free/,Mexican Atole (Dairy-free),30.0,True,"<li><span data-amount=""1"">1</span> cinnamon stick</li>",cinnamon stick,cinnamon stick,1.0,,ok,
healthysimpleyum,https://healthysimpleyum.com/mexican-atole-dairy-free/,Mexican Atole (Dairy-free),30.0,True,"<li><span class=""nutrifox-quantity"" data-amount=""2"">2</span>–<span class=""nutrifox-second-quantity"" data-amount=""4"">4</span> <span class=""nutrifox-unit"">oz</span> Piloncillo to taste</li>",–4Piloncillo to taste,piloncillo to taste,2.0,oz,ok,
healthysimpleyum,https://healthysimpleyum.com/mexican-atole-dairy-free/,Mexican Atole (Dairy-free),30.0,True,"<li><span data-amount=""1"" data-unit=""teaspoon"">1 teaspoon</span> vanilla extract</li>",vanilla extract,vanilla extract,1.0,teaspoon,ok,
healthysimpleyum,https://healthysimpleyum.com/mexican-atole-dairy-free/,Mexican Atole (Dairy-free),30.0,True,"<li><span class=""nutrifox-quantity"" data-amount=""1"" data-nf-food-description=""Pumpkin, canned, without salt"" data-nf-food-id=""3143"" data-nf-metric=""245"" data-nf-metric-unit=""gram"" data-nf-original=""usc"" data-nf-usc=""1"" data-nf-usc-unit=""cup"" data-unit=""cup"">1</span> <span class=""nutrifox-unit"" data-nf-food-description=""Pumpkin, canned, without salt"" data-nf-food-id=""3143"" data-nf-metric=""gram"" data-nf-original=""usc"" data-nf-usc=""cup"">cup</span> pumpkin puree (optional)</li>",pumpkin puree (optional),pumpkin puree,1.0,cup,ok,
healthysimpleyum,https://healthysimpleyum.com/mexican-atole-dairy-free/,Mexican Atole (Dairy-free),30.0,True,<li>Ground cinnamon or pumpkin spice for garnish (optional)</li>,Ground cinnamon or pumpkin spice for garnish (optional),cinnamon  pumpkin spice for garnish,,,ok,
healthysimpleyum,https://healthysimpleyum.com/mexican-cabbage-slaw/,Mexican Cabbage Salsa,15.0,True,"<li><span class=""nutrifox-quantity"" data-amount=""2"" data-nf-food-description=""Cabbage, red, raw"" data-nf-food-id=""2890"" data-nf-metric=""178"" data-nf-metric-unit=""gram"" data-nf-original=""usc"" data-nf-usc=""2"" data-nf-usc-unit=""cup"" data-unit=""cup"">2</span> <span class=""nutrifox-unit"" data-nf-food-description=""Cabbage, red, raw"" data-nf-food-id=""2890"" data-nf-metric=""gram"" data-nf-original=""usc"" data-nf-usc=""cup"">cups</span> shredded cabbage</li>",shredded cabbage,shredded cabbage,2.0,cups,ok,
healthysimpleyum,https://healthysimpleyum.com/mexican-cabbage-slaw/,Mexican Cabbage Salsa,15.0,True,"<li><span data-amount=""3"">3</span> tomatoes, diced or <span data-amount=""1"" data-unit=""cup"">1 cup</span> cherry tomatoes, halved</li>","tomatoes, diced or cherry tomatoes, halved",tomatoes   cherry tomatoes halved,3.0,,ok,
healthysimpleyum,https://healthysimpleyum.com/mexican-cabbage-slaw/,Mexican Cabbage Salsa,15.0,True,"<li><span data-amount=""0.5"">½</span> purple onion, diced</li>","purple onion, diced",purple onion,0.5,,ok,
healthysimpleyum,https://healthysimpleyum.com/mexican-cabbage-slaw/,Mexican Cabbage Salsa,15.0,True,"<li><span data-amount=""1"">1</span>–<span data-amount=""2"">2</span> jalapeno or serrano peppers, diced</li>","jalapeno or serrano peppers, diced",jalapeno  serrano peppers,1.0,,ok,
healthysimpleyum,https://healthysimpleyum.com/mexican-cabbage-slaw/,Mexican Cabbage Salsa,15.0,True,"<li><span data-amount=""1"">1</span> cucumber, diced (optional)</li>","cucumber, diced (optional)",cucumber,1.0,,ok,
healthysimpleyum,https://healthysimpleyum.com/mexican-cabbage-slaw/,Mexican Cabbage Salsa,15.0,True,"<li><span class=""nutrifox-quantity"" data-amount=""0.5"" data-nf-food-description=""Coriander (cilantro) leaves, raw"" data-nf-food-id=""2931"" data-nf-metric=""8"" data-nf-metric-unit=""gram"" data-nf-original=""usc"" data-nf-usc=""0.5"" data-nf-usc-unit=""cup"" data-unit=""cup"">½</span> <span class=""nutrifox-unit"" data-nf-food-description=""Coriander (cilantro) leaves, raw"" data-nf-food-id=""2931"" data-nf-metric=""gram"" data-nf-original=""usc"" data-nf-usc=""cup"">cup</span> cilantro, diced</li>","cilantro, diced",cilantro,0.5,cup,ok,
healthysimpleyum,https://healthysimpleyum.com/mexican-cabbage-slaw/,Mexican Cabbage Salsa,15.0,True,"<li><span data-amount=""2"">2</span>–<span data-amount=""3"">3</span> limes, juiced</li>","limes, juiced",limes juiced,2.0,,ok,
healthysimpleyum,https://healthysimpleyum.com/mexican-cabbage-slaw/,Mexican Cabbage Salsa,15.0,True,"<li><span data-amount=""0.5"" data-unit=""tbsp"">½ tbsp</span> olive oil (optional)</li>",olive oil (optional),olive oil,0.5,tbsp,ok,
healthysimpleyum,https://healthysimpleyum.com/mexican-cabbage-slaw/,Mexican Cabbage Salsa,15.0,True,<li>Salt and pepper to taste</li>,Salt and pepper to taste,salt  pepper to taste,,,ok,
healthysimpleyum,https://healthysimpleyum.com/mexican-cabbage-slaw/,Mexican Cabbage Salsa,15.0,True,"<li><a href=""https://healthysimpleyum.com/frijoles-de-la-olla/"">homemade beans (frijoles de la olla)</a></li>",homemade beans (frijoles de la olla),homemade beans frijoles de la olla,,,ok,
healthysimpleyum,https://healthysimpleyum.com/mexican-cabbage-slaw/,Mexican Cabbage Salsa,15.0,True,"<li><a href=""https://healthysimpleyum.com/portobello-mushroom-tacos/"">Mushroom asada</a>, sautéed or grilled</li>","Mushroom asada, sautéed or grilled",mushroom asada sautéed  grilled,,,ok,
healthysimpleyum,https://healthysimpleyum.com/mexican-cabbage-slaw/,Mexican Cabbage Salsa,15.0,True,"<li>Store-bought or <a href=""https://healthysimpleyum.com/homemade-corn-tortillas-recipe/"">homemade corn tortillas</a></li>",Store-bought orhomemade corn tortillas,storebought orhomemade corn tortillas,,,ok,
healthysimpleyum,https://healthysimpleyum.com/mexican-escabeche/,Mexican Escabeche - (Pickled Jalapenos),25.0,True,"<li><span data-amount=""8"">8</span> jalapeños </li>",jalapeños,jalapeños,8.0,,ok,
healthysimpleyum,https://healthysimpleyum.com/mexican-escabeche/,Mexican Escabeche - (Pickled Jalapenos),25.0,True,"<li><span data-amount=""1"">1</span> large carrot, sliced</li>","large carrot, sliced",carrot sliced,1.0,,ok,
healthysimpleyum,https://healthysimpleyum.com/mexican-escabeche/,Mexican Escabeche - (Pickled Jalapenos),25.0,True,"<li><span data-amount=""0.5"">½</span> white onion, sliced</li>","white onion, sliced",onion sliced,0.5,,ok,
healthysimpleyum,https://healthysimpleyum.com/mexican-escabeche/,Mexican Escabeche - (Pickled Jalapenos),25.0,True,"<li><span data-amount=""4"">4</span> garlic cloves, roughly chopped</li>","garlic cloves, roughly chopped",garlic cloves roughly,4.0,,ok,
healthysimpleyum,https://healthysimpleyum.com/mexican-escabeche/,Mexican Escabeche - (Pickled Jalapenos),25.0,True,"<li><span data-amount=""0.5"" data-unit=""tsp"">½ tsp</span> salt or to taste</li>",salt or to taste,salt  to taste,0.5,tsp,ok,
healthysimpleyum,https://healthysimpleyum.com/mexican-escabeche/,Mexican Escabeche - (Pickled Jalapenos),25.0,True,"<li><span data-amount=""0.5"" data-unit=""tsp"">½ tsp</span> sugar</li>",sugar,sugar,0.5,tsp,ok,
healthysimpleyum,https://healthysimpleyum.com/mexican-escabeche/,Mexican Escabeche - (Pickled Jalapenos),25.0,True,"<li><span data-amount=""3"">3</span> peppercorns</li>",peppercorns,peppercorns,3.0,,ok,
healthysimpleyum,https://healthysimpleyum.com/mexican-escabeche/,Mexican Escabeche - (Pickled Jalapenos),25.0,True,"<li><span data-amount=""2"">2</span> bay leaves</li>",bay leaves,bay leaves,2.0,,ok,
healthysimpleyum,https://healthysimpleyum.com/mexican-escabeche/,Mexican Escabeche - (Pickled Jalapenos),25.0,True,"<li><span data-amount=""0.5"" data-unit=""tsp"">½ tsp</span> oregano</li>",oregano,oregano,0.5,tsp,ok,
healthysimpleyum,https://healthysimpleyum.com/mexican-escabeche/,Mexican Escabeche - (Pickled Jalapenos),25.0,True,"<li><span data-amount=""2"" data-unit=""tbsp"">2 tbsp</span> neutral oil</li>",neutral oil,neutral oil,2.0,tbsp,ok,
healthysimpleyum,https://healthysimpleyum.com/mexican-escabeche/,Mexican Escabeche - (Pickled Jalapenos),25.0,True,"<li><span class=""nutrifox-quantity"" data-amount=""1"" data-nf-food-description=""Beverages, water, tap, drinking"" data-nf-food-id=""4384"" data-nf-metric=""237"" data-nf-metric-unit=""ml"" data-nf-original=""usc"" data-nf-usc=""1"" data-nf-usc-unit=""cup"" data-unit=""cup"">1</span> <span class=""nutrifox-unit"" data-nf-food-description=""Beverages, water, tap, drinking"" data-nf-food-id=""4384"" data-nf-metric=""ml"" data-nf-original=""usc"" data-nf-usc=""cup"">cup</span> water</li>",water,water,1.0,cup,ok,
healthysimpleyum,https://healthysimpleyum.com/mexican-escabeche/,Mexican Escabeche - (Pickled Jalapenos),25.0,True,"<li><span class=""nutrifox-quantity"" data-amount=""1"">1</span> <span class=""nutrifox-unit"">cup</span> <a href=""https://freshpressfarms.com/"">peach cider vinegar</a></li>",peach cider vinegar,peach cider vinegar,1.0,cup,ok,
healthysimpleyum,https://healthysimpleyum.com/mexican-pickled-onions/,,,,,,,,,error,"1 validation error for IngredientData
quantity
  Input should be a valid number, unable to parse string as a number [type=float_parsing, input_value='1 ½', input_type=str]
    For further information visit https://errors.pydantic.dev/2.13/v/float_parsing"
healthysimpleyum,https://healthysimpleyum.com/mexican-potatoes/,Mexican Potatoes (Papas a la Mexicana) - Healthy Simple Yum,25.0,True,"<li><span data-amount=""5"">5</span>–<span data-amount=""6"">6</span> medium potatoes</li>",medium potatoes,potatoes,5.0,,ok,
healthysimpleyum,https://healthysimpleyum.com/mexican-potatoes/,Mexican Potatoes (Papas a la Mexicana) - Healthy Simple Yum,25.0,True,"<li><span data-amount=""0.5"">½</span> medium onion</li>",medium onion,onion,0.5,,ok,
healthysimpleyum,https://healthysimpleyum.com/mexican-potatoes/,Mexican Potatoes (Papas a la Mexicana) - Healthy Simple Yum,25.0,True,"<li><span data-amount=""2"">2</span> tomatoes</li>",tomatoes,tomatoes,2.0,,ok,
healthysimpleyum,https://healthysimpleyum.com/mexican-potatoes/,Mexican Potatoes (Papas a la Mexicana) - Healthy Simple Yum,25.0,True,"<li><span data-amount=""1"">1</span>–<span data-amount=""2"">2</span> serrano peppers</li>",serrano peppers,serrano peppers,1.0,,ok,
healthysimpleyum,https://healthysimpleyum.com/mexican-potatoes/,Mexican Potatoes (Papas a la Mexicana) - Healthy Simple Yum,25.0,True,"<li><span data-amount=""2"">2</span>–<span data-amount=""3"">3</span> tablespoons oil</li>",tablespoons oil,tablespoons oil,2.0,,ok,
healthysimpleyum,https://healthysimpleyum.com/mexican-potatoes/,Mexican Potatoes (Papas a la Mexicana) - Healthy Simple Yum,25.0,True,"<li><span data-amount=""1"" data-unit=""tsp"">1 tsp</span> salt or to taste</li>",salt or to taste,salt  to taste,1.0,tsp,ok,
healthysimpleyum,https://healthysimpleyum.com/mexican-red-rice/,Mexican Red Rice (Authentic and Vegetarian),,True,"<li><span class=""nutrifox-quantity"" data-amount=""2"" data-nf-food-description=""Rice, white, medium-grain, cooked, unenriched"" data-nf-food-id=""6618"" data-nf-metric=""372"" data-nf-metric-unit=""gram"" data-nf-original=""usc"" data-nf-usc=""2"" data-nf-usc-unit=""cup"" data-unit=""cup"">2</span> <span class=""nutrifox-unit"" data-nf-food-description=""Rice, white, medium-grain, cooked, unenriched"" data-nf-food-id=""6618"" data-nf-metric=""gram"" data-nf-original=""usc"" data-nf-usc=""cup"">cups</span> jasmine rice</li>",jasmine rice,jasmine rice,2.0,cups,ok,
healthysimpleyum,https://healthysimpleyum.com/mexican-red-rice/,Mexican Red Rice (Authentic and Vegetarian),,True,"<li><span class=""nutrifox-quantity"" data-amount=""2"" data-nf-food-description=""Beverages, water, tap, drinking"" data-nf-food-id=""4384"" data-nf-metric=""474"" data-nf-metric-unit=""ml"" data-nf-original=""usc"" data-nf-usc=""2"" data-nf-usc-unit=""cup"" data-unit=""cup"">2</span> <span class=""nutrifox-unit"" data-nf-food-description=""Beverages, water, tap, drinking"" data-nf-food-id=""4384"" data-nf-metric=""ml"" data-nf-original=""usc"" data-nf-usc=""cup"">cups</span> warm water</li>",warm water,water,2.0,cups,ok,
healthysimpleyum,https://healthysimpleyum.com/mexican-red-rice/,Mexican Red Rice (Authentic and Vegetarian),,True,"<li><span data-amount=""1"" data-unit=""tbsp"">1 tbsp</span> bouillon paste</li>",bouillon paste,bouillon paste,1.0,tbsp,ok,
healthysimpleyum,https://healthysimpleyum.com/mexican-red-rice/,Mexican Red Rice (Authentic and Vegetarian),,True,"<li><span data-amount=""2"" data-unit=""tbsp"">2 tbsp</span> avocado oil</li>",avocado oil,avocado oil,2.0,tbsp,ok,
healthysimpleyum,https://healthysimpleyum.com/mexican-red-rice/,Mexican Red Rice (Authentic and Vegetarian),,True,"<li><span data-amount=""3"">3</span> Roma tomatoes</li>",Roma tomatoes,roma tomatoes,3.0,,ok,
healthysimpleyum,https://healthysimpleyum.com/mexican-red-rice/,Mexican Red Rice (Authentic and Vegetarian),,True,"<li><span data-amount=""0.25"">¼</span> of a white or yellow onion</li>",of a white or yellow onion,onion,0.25,,ok,
healthysimpleyum,https://healthysimpleyum.com/mexican-red-rice/,Mexican Red Rice (Authentic and Vegetarian),,True,"<li><span data-amount=""1"">1</span>–<span data-amount=""3"">3</span> garlic cloves</li>",garlic cloves,garlic cloves,1.0,,ok,
healthysimpleyum,https://healthysimpleyum.com/mexican-red-rice/,Mexican Red Rice (Authentic and Vegetarian),,True,"<li><span data-amount=""2"" data-unit=""tsp"">2 tsp</span> salt</li>",salt,salt,2.0,tsp,ok,
healthysimpleyum,https://healthysimpleyum.com/mexican-sopes/,,,,,,,,,error,"1 validation error for IngredientData
quantity
  Input should be a valid number, unable to parse string as a number [type=float_parsing, input_value='1 ½', input_type=str]
    For further information visit https://errors.pydantic.dev/2.13/v/float_parsing"
healthysimpleyum,https://healthysimpleyum.com/mexican-spaghetti/,,,,,,,,,error,"1 validation error for IngredientData
quantity
  Input should be a valid number, unable to parse string as a number [type=float_parsing, input_value='1 ½', input_type=str]
    For further information visit https://errors.pydantic.dev/2.13/v/float_parsing"
healthysimpleyum,https://healthysimpleyum.com/mexican-torta/,Mexican Torta (Authentic Taste and Easy Recipe!),40.0,True,"<li class=""_2QuBr Zn7O0 _2zLWO public-DraftStyleDefault-list-ltr public-DraftStyleDefault-unorderedListItem public-DraftStyleDefault-reset public-DraftStyleDefault-depth0 public-DraftStyleDefault-listLTR"" data-block=""true"" data-editor=""editor"" data-offset-key=""10mfv-0-0"">
<div class=""public-DraftStyleDefault-block public-DraftStyleDefault-ltr"" data-offset-key=""10mfv-0-0""><span data-offset-key=""10mfv-0-0"">1 can of Jackfruit</span></div>
</li>",,,,,ok,
healthysimpleyum,https://healthysimpleyum.com/mexican-torta/,Mexican Torta (Authentic Taste and Easy Recipe!),40.0,True,"<li class=""_2QuBr Zn7O0 _2zLWO public-DraftStyleDefault-list-ltr public-DraftStyleDefault-unorderedListItem public-DraftStyleDefault-depth0 public-DraftStyleDefault-listLTR"" data-block=""true"" data-editor=""editor"" data-offset-key=""b3pls-0-0"">
<div class=""public-DraftStyleDefault-block public-DraftStyleDefault-ltr"" data-offset-key=""b3pls-0-0""><span data-offset-key=""b3pls-0-0"">½ large onion, diced</span></div>
</li>",,,,,ok,
healthysimpleyum,https://healthysimpleyum.com/mexican-torta/,Mexican Torta (Authentic Taste and Easy Recipe!),40.0,True,"<li class=""_2QuBr Zn7O0 _2zLWO public-DraftStyleDefault-list-ltr public-DraftStyleDefault-unorderedListItem public-DraftStyleDefault-depth0 public-DraftStyleDefault-listLTR"" data-block=""true"" data-editor=""editor"" data-offset-key=""ae3cs-0-0"">
<div class=""public-DraftStyleDefault-block public-DraftStyleDefault-ltr"" data-offset-key=""ae3cs-0-0""><span data-offset-key=""ae3cs-0-0"">1 tbsp neutral oil</span></div>
</li>",,,,,ok,
healthysimpleyum,https://healthysimpleyum.com/mexican-torta/,Mexican Torta (Authentic Taste and Easy Recipe!),40.0,True,"<li class=""_2QuBr Zn7O0 _2zLWO public-DraftStyleDefault-list-ltr public-DraftStyleDefault-unorderedListItem public-DraftStyleDefault-depth0 public-DraftStyleDefault-listLTR"" data-block=""true"" data-editor=""editor"" data-offset-key=""be3o1-0-0"">
<div class=""public-DraftStyleDefault-block public-DraftStyleDefault-ltr"" data-offset-key=""be3o1-0-0""><span data-offset-key=""be3o1-0-0"">2 tbsp soy sauce or tamari</span></div>
</li>",,,,,ok,
healthysimpleyum,https://healthysimpleyum.com/mexican-torta/,Mexican Torta (Authentic Taste and Easy Recipe!),40.0,True,"<li class=""_2QuBr Zn7O0 _2zLWO public-DraftStyleDefault-list-ltr public-DraftStyleDefault-unorderedListItem public-DraftStyleDefault-depth0 public-DraftStyleDefault-listLTR"" data-block=""true"" data-editor=""editor"" data-offset-key=""4pbi8-0-0"">
<div class=""public-DraftStyleDefault-block public-DraftStyleDefault-ltr"" data-offset-key=""4pbi8-0-0""><span data-offset-key=""4pbi8-0-0"">½ tbsp maple syrup</span></div>
</li>",,,,,ok,
healthysimpleyum,https://healthysimpleyum.com/mexican-torta/,Mexican Torta (Authentic Taste and Easy Recipe!),40.0,True,"<li class=""_2QuBr Zn7O0 _2zLWO public-DraftStyleDefault-list-ltr public-DraftStyleDefault-unorderedListItem public-DraftStyleDefault-depth0 public-DraftStyleDefault-listLTR"" data-block=""true"" data-editor=""editor"" data-offset-key=""fia24-0-0"">
<div class=""public-DraftStyleDefault-block public-DraftStyleDefault-ltr"" data-offset-key=""fia24-0-0""><span data-offset-key=""fia24-0-0"">½ tsp garlic powder</span></div>
</li>",,,,,ok,
healthysimpleyum,https://healthysimpleyum.com/mexican-torta/,Mexican Torta (Authentic Taste and Easy Recipe!),40.0,True,"<li data-block=""true"" data-editor=""editor"" data-offset-key=""fia24-0-0""><span data-amount=""1"">1</span>–<span data-amount=""2"">2</span> tbsp nutritional yeast</li>",tbsp nutritional yeast,tbsp nutritional yeast,1.0,,ok,
healthysimpleyum,https://healthysimpleyum.com/mexican-torta/,Mexican Torta (Authentic Taste and Easy Recipe!),40.0,True,"<li class=""_2QuBr Zn7O0 _2zLWO public-DraftStyleDefault-list-ltr public-DraftStyleDefault-unorderedListItem public-DraftStyleDefault-depth0 public-DraftStyleDefault-listLTR"" data-block=""true"" data-editor=""editor"" data-offset-key=""7a53-0-0"">
<div class=""public-DraftStyleDefault-block public-DraftStyleDefault-ltr"" data-offset-key=""7a53-0-0""><span data-offset-key=""7a53-0-0"">1 tsp chili powder (optional)</span></div>
</li>",,,,,ok,
healthysimpleyum,https://healthysimpleyum.com/mexican-torta/,Mexican Torta (Authentic Taste and Easy Recipe!),40.0,True,"<li class=""_2QuBr Zn7O0 _2zLWO public-DraftStyleDefault-list-ltr public-DraftStyleDefault-unorderedListItem public-DraftStyleDefault-reset public-DraftStyleDefault-depth0 public-DraftStyleDefault-listLTR"" data-block=""true"" data-editor=""editor"" data-offset-key=""31psu-0-0"">
<div class=""public-DraftStyleDefault-block public-DraftStyleDefault-ltr"" data-offset-key=""31psu-0-0""><span data-offset-key=""31psu-0-0"">4 bolillos, burger buns or bread of choice</span></div>
</li>",,,,,ok,
healthysimpleyum,https://healthysimpleyum.com/mexican-torta/,Mexican Torta (Authentic Taste and Easy Recipe!),40.0,True,"<li class=""_2QuBr Zn7O0 _2zLWO public-DraftStyleDefault-list-ltr public-DraftStyleDefault-unorderedListItem public-DraftStyleDefault-depth0 public-DraftStyleDefault-listLTR"" data-block=""true"" data-editor=""editor"" data-offset-key=""5e9rc-0-0"">
<div class=""public-DraftStyleDefault-block public-DraftStyleDefault-ltr"" data-offset-key=""5e9rc-0-0""><span data-offset-key=""5e9rc-0-0"">1-1 ½ cup refried beans</span></div>
</li>",,,,,ok,
healthysimpleyum,https://healthysimpleyum.com/mexican-torta/,Mexican Torta (Authentic Taste and Easy Recipe!),40.0,True,"<li class=""_2QuBr Zn7O0 _2zLWO public-DraftStyleDefault-list-ltr public-DraftStyleDefault-unorderedListItem public-DraftStyleDefault-depth0 public-DraftStyleDefault-listLTR"" data-block=""true"" data-editor=""editor"" data-offset-key=""eqgif-0-0"">
<div class=""public-DraftStyleDefault-block public-DraftStyleDefault-ltr"" data-offset-key=""eqgif-0-0""><span data-offset-key=""eqgif-0-0"">1-2 avocados</span></div>
</li>",,,,,ok,
healthysimpleyum,https://healthysimpleyum.com/mexican-torta/,Mexican Torta (Authentic Taste and Easy Recipe!),40.0,True,"<li class=""_2QuBr Zn7O0 _2zLWO public-DraftStyleDefault-list-ltr public-DraftStyleDefault-unorderedListItem public-DraftStyleDefault-depth0 public-DraftStyleDefault-listLTR"" data-block=""true"" data-editor=""editor"" data-offset-key=""6ttlt-0-0"">
<div class=""public-DraftStyleDefault-block public-DraftStyleDefault-ltr"" data-offset-key=""6ttlt-0-0""><span data-offset-key=""6ttlt-0-0"">4 pickled jalapeños</span></div>
</li>",,,,,ok,
healthysimpleyum,https://healthysimpleyum.com/mexican-torta/,Mexican Torta (Authentic Taste and Easy Recipe!),40.0,True,"<li class=""_2QuBr Zn7O0 _2zLWO public-DraftStyleDefault-list-ltr public-DraftStyleDefault-unorderedListItem public-DraftStyleDefault-depth0 public-DraftStyleDefault-listLTR"" data-block=""true"" data-editor=""editor"" data-offset-key=""9r77m-0-0"">
<div class=""public-DraftStyleDefault-block public-DraftStyleDefault-ltr"" data-offset-key=""9r77m-0-0""><span data-offset-key=""9r77m-0-0"">½ head of lettuce</span></div>
</li>",,,,,ok,
healthysimpleyum,https://healthysimpleyum.com/mexican-torta/,Mexican Torta (Authentic Taste and Easy Recipe!),40.0,True,"<li class=""_2QuBr Zn7O0 _2zLWO public-DraftStyleDefault-list-ltr public-DraftStyleDefault-unorderedListItem public-DraftStyleDefault-depth0 public-DraftStyleDefault-listLTR"" data-block=""true"" data-editor=""editor"" data-offset-key=""5kalb-0-0"">
<div class=""public-DraftStyleDefault-block public-DraftStyleDefault-ltr"" data-offset-key=""5kalb-0-0""><span data-offset-key=""5kalb-0-0"">2 tomatoes</span></div>
</li>",,,,,ok,
healthysimpleyum,https://healthysimpleyum.com/mexican-torta/,Mexican Torta (Authentic Taste and Easy Recipe!),40.0,True,"<li class=""_2QuBr Zn7O0 _2zLWO public-DraftStyleDefault-list-ltr public-DraftStyleDefault-unorderedListItem public-DraftStyleDefault-depth0 public-DraftStyleDefault-listLTR"" data-block=""true"" data-editor=""editor"" data-offset-key=""43eqv-0-0"">
<div class=""public-DraftStyleDefault-block public-DraftStyleDefault-ltr"" data-offset-key=""43eqv-0-0""><span data-offset-key=""43eqv-0-0"">1 tbsp vegan mayo (optional)</span></div>
</li>",,,,,ok,
healthysimpleyum,https://healthysimpleyum.com/mexican-vegetable-soup/,,,,,,,,,error,"1 validation error for IngredientData
quantity
  Input should be a valid number, unable to parse string as a number [type=float_parsing, input_value='8 ½', input_type=str]
    For further information visit https://errors.pydantic.dev/2.13/v/float_parsing"
healthysimpleyum,https://healthysimpleyum.com/mexican-zucchini/,Mexican Zucchini (Calabacitas) (Calabacitas a la Mexicana),20.0,True,"<li><span data-amount=""2"">2</span> medium Mexican Zucchinis (calabacitas)</li>",medium Mexican Zucchinis (calabacitas),mexican zucchinis calabacitas,2.0,,ok,
healthysimpleyum,https://healthysimpleyum.com/mexican-zucchini/,Mexican Zucchini (Calabacitas) (Calabacitas a la Mexicana),20.0,True,"<li><span data-amount=""0.5"">½</span> medium onion, diced</li>","medium onion, diced",onion,0.5,,ok,
healthysimpleyum,https://healthysimpleyum.com/mexican-zucchini/,Mexican Zucchini (Calabacitas) (Calabacitas a la Mexicana),20.0,True,"<li><span data-amount=""1"">1</span> tomato, diced</li>","tomato, diced",tomato,1.0,,ok,
healthysimpleyum,https://healthysimpleyum.com/mexican-zucchini/,Mexican Zucchini (Calabacitas) (Calabacitas a la Mexicana),20.0,True,"<li><span data-amount=""1"">1</span> jalapeno, diced</li>","jalapeno, diced",jalapeno,1.0,,ok,
healthysimpleyum,https://healthysimpleyum.com/mexican-zucchini/,Mexican Zucchini (Calabacitas) (Calabacitas a la Mexicana),20.0,True,"<li><span data-amount=""1"" data-unit=""tbsp"">1 tbsp</span> oil</li>",oil,oil,1.0,tbsp,ok,
healthysimpleyum,https://healthysimpleyum.com/mexican-zucchini/,Mexican Zucchini (Calabacitas) (Calabacitas a la Mexicana),20.0,True,"<li><span class=""nutrifox-quantity"" data-amount=""0.25"" data-nf-food-description=""Beverages, water, tap, drinking"" data-nf-food-id=""4384"" data-nf-metric=""59.25"" data-nf-metric-unit=""ml"" data-nf-original=""usc"" data-nf-usc=""0.25"" data-nf-usc-unit=""cup"" data-unit=""cup"">¼</span> <span class=""nutrifox-unit"" data-nf-food-description=""Beverages, water, tap, drinking"" data-nf-food-id=""4384"" data-nf-metric=""ml"" data-nf-original=""usc"" data-nf-usc=""cup"">cup</span> water</li>",water,water,0.25,cup,ok,
healthysimpleyum,https://healthysimpleyum.com/mexican-zucchini/,Mexican Zucchini (Calabacitas) (Calabacitas a la Mexicana),20.0,True,<li>Salt and pepper to taste</li>,Salt and pepper to taste,salt  pepper to taste,,,ok,
healthysimpleyum,https://healthysimpleyum.com/miso-glazed-tofu/,Miso Tofu - Healthy Simple Yum,30.0,True,"<li><span data-amount=""1"">1</span> packet high protein tofu (or extra firm)</li>",packet high protein tofu (or extra firm),packet high protein tofu   firm,1.0,,ok,
healthysimpleyum,https://healthysimpleyum.com/miso-glazed-tofu/,Miso Tofu - Healthy Simple Yum,30.0,True,"<li><span data-amount=""3"" data-unit=""tablespoon"">3 tablespoons</span> soy sauce or tamari (<span data-amount=""1"">1</span> for the sauce and <span data-amount=""2"">2</span> for the tofu marinade)</li>",soy sauce or tamari ( for the sauce and for the tofu marinade),soy sauce  tamari  for the sauce  for the tofu marinade,3.0,tablespoon,ok,
healthysimpleyum,https://healthysimpleyum.com/miso-glazed-tofu/,Miso Tofu - Healthy Simple Yum,30.0,True,"<li><span data-amount=""2"" data-unit=""tablespoon"">2 tablespoons</span> miso paste (can vary, see above)</li>","miso paste (can vary, see above)",miso paste can vary see above,2.0,tablespoon,ok,
healthysimpleyum,https://healthysimpleyum.com/miso-glazed-tofu/,Miso Tofu - Healthy Simple Yum,30.0,True,"<li><span data-amount=""3"" data-unit=""tablespoon"">3 tablespoons</span> maple syrup</li>",maple syrup,maple syrup,3.0,tablespoon,ok,
healthysimpleyum,https://healthysimpleyum.com/miso-glazed-tofu/,Miso Tofu - Healthy Simple Yum,30.0,True,"<li><span data-amount=""1"" data-unit=""tablespoon"">1 tablespoon</span> sesame seed oil</li>",sesame seed oil,sesame seed oil,1.0,tablespoon,ok,
healthysimpleyum,https://healthysimpleyum.com/miso-glazed-tofu/,Miso Tofu - Healthy Simple Yum,30.0,True,"<li><span data-amount=""0.5"" data-unit=""tablespoon"">½ tablespoon</span> garlic, minced</li>","garlic, minced",garlic,0.5,tablespoon,ok,
healthysimpleyum,https://healthysimpleyum.com/miso-glazed-tofu/,Miso Tofu - Healthy Simple Yum,30.0,True,"<li><span class=""nutrifox-quantity"" data-amount=""0.333333"" data-nf-food-description=""Nutritional Yeast"" data-nf-food-id=""9319"" data-nf-metric=""5"" data-nf-metric-unit=""gram"" data-nf-original=""usc"" data-nf-usc=""0.333333"" data-nf-usc-unit=""cup"" data-unit=""cup"">⅓</span> <span class=""nutrifox-unit"" data-nf-food-description=""Nutritional Yeast"" data-nf-food-id=""9319"" data-nf-metric=""gram"" data-nf-original=""usc"" data-nf-usc=""cup"">cup</span> nutritional yeast</li>",nutritional yeast,nutritional yeast,0.33,cup,ok,
healthysimpleyum,https://healthysimpleyum.com/miso-glazed-tofu/,Miso Tofu - Healthy Simple Yum,30.0,True,"<li><span data-amount=""1"" data-unit=""teaspoon"">1 teaspoon</span> garlic powder</li>",garlic powder,garlic powder,1.0,teaspoon,ok,
healthysimpleyum,https://healthysimpleyum.com/miso-glazed-tofu/,Miso Tofu - Healthy Simple Yum,30.0,True,"<li><span data-amount=""3"" data-unit=""tablespoon"">3 tablespoon</span> cornstarch (<span data-amount=""1"" data-unit=""tbsp"">1 tbsp</span> to coat tofu)</li>",cornstarch ( to coat tofu),cornstarch  to coat tofu,3.0,tablespoon,ok,
healthysimpleyum,https://healthysimpleyum.com/miso-glazed-tofu/,Miso Tofu - Healthy Simple Yum,30.0,True,"<li><span class=""nutrifox-quantity"" data-amount=""0.5"" data-nf-food-description=""Beverages, water, tap, drinking"" data-nf-food-id=""4384"" data-nf-metric=""118.5"" data-nf-metric-unit=""ml"" data-nf-original=""usc"" data-nf-usc=""0.5"" data-nf-usc-unit=""cup"" data-unit=""cup"">½</span> <span class=""nutrifox-unit"" data-nf-food-description=""Beverages, water, tap, drinking"" data-nf-food-id=""4384"" data-nf-metric=""ml"" data-nf-original=""usc"" data-nf-usc=""cup"">cup</span> water or more to taste</li>",water or more to taste,water  more to taste,0.5,cup,ok,
healthysimpleyum,https://healthysimpleyum.com/mole-verde-pipian/,Mole Verde (Pipián),60.0,True,"<li><span data-amount=""3"">3</span> large poblano peppers (or <span data-amount=""7"">7</span> small ones)</li>",large poblano peppers (or small ones),poblano peppers   ones,3.0,,ok,
healthysimpleyum,https://healthysimpleyum.com/mole-verde-pipian/,Mole Verde (Pipián),60.0,True,"<li><span data-amount=""1"">1</span> yellow or white onion, roughly chopped</li>","yellow or white onion, roughly chopped",onion roughly,1.0,,ok,
healthysimpleyum,https://healthysimpleyum.com/mole-verde-pipian/,Mole Verde (Pipián),60.0,True,"<li><span data-amount=""6"">6</span>–<span data-amount=""8"">8</span> cloves of garlic, whole without skin</li>","cloves of garlic, whole without skin",cloves  garlic whole without skin,6.0,,ok,
healthysimpleyum,https://healthysimpleyum.com/mole-verde-pipian/,Mole Verde (Pipián),60.0,True,"<li><span data-amount=""1"">1</span> jalapeño, whole</li>","jalapeño, whole",jalapeño whole,1.0,,ok,
healthysimpleyum,https://healthysimpleyum.com/mole-verde-pipian/,Mole Verde (Pipián),60.0,True,"<li><span data-amount=""4"">4</span>–<span data-amount=""5"">5</span> chiles de árbol<!-- /wp:list-item --> <!-- wp:list-item --></li>",chiles de árbol,chiles de árbol,4.0,,ok,
healthysimpleyum,https://healthysimpleyum.com/mole-verde-pipian/,Mole Verde (Pipián),60.0,True,"<li><span data-amount=""4"">4</span>–<span data-amount=""5"">5</span> tomatillos, de-husked<!-- /wp:list-item --> <!-- wp:list-item --></li>","tomatillos, de-husked",tomatillos dehusked,4.0,,ok,
healthysimpleyum,https://healthysimpleyum.com/mole-verde-pipian/,Mole Verde (Pipián),60.0,True,"<li><span class=""nutrifox-quantity"" data-amount=""1"" data-nf-food-description=""Seeds, pumpkin and squash seed kernels, dried"" data-nf-food-id=""3616"" data-nf-metric=""129"" data-nf-metric-unit=""gram"" data-nf-original=""usc"" data-nf-usc=""1"" data-nf-usc-unit=""cup"" data-unit=""cup"">1</span> <span class=""nutrifox-unit"" data-nf-food-description=""Seeds, pumpkin and squash seed kernels, dried"" data-nf-food-id=""3616"" data-nf-metric=""gram"" data-nf-original=""usc"" data-nf-usc=""cup"">cup</span> (8 oz) pepitas<!-- /wp:list-item --> <!-- wp:list-item --></li>",(8 oz) pepitas,oz pepitas,1.0,cup,ok,
healthysimpleyum,https://healthysimpleyum.com/mole-verde-pipian/,Mole Verde (Pipián),60.0,True,"<li><span class=""nutrifox-quantity"" data-amount=""0.5"" data-nf-food-description=""Peanuts"" data-nf-food-id=""15291"">½</span> <span class=""nutrifox-unit"" data-nf-food-description=""Peanuts"" data-nf-food-id=""15291"">cup</span> (4 oz) peanuts<!-- /wp:list-item --> <!-- wp:list-item --></li>",(4 oz) peanuts,oz peanuts,0.5,cup,ok,
healthysimpleyum,https://healthysimpleyum.com/mole-verde-pipian/,Mole Verde (Pipián),60.0,True,"<li><span data-amount=""3"">3</span> sprigs of epazote<!-- /wp:list-item --> <!-- wp:list-item --></li>",sprigs of epazote,sprigs  epazote,3.0,,ok,
healthysimpleyum,https://healthysimpleyum.com/mole-verde-pipian/,Mole Verde (Pipián),60.0,True,"<li><span data-amount=""1"">1</span> bunch cilantro, roughly chopped<!-- /wp:list-item --> <!-- wp:list-item --></li>","bunch cilantro, roughly chopped",bunch cilantro roughly,1.0,,ok,
healthysimpleyum,https://healthysimpleyum.com/mole-verde-pipian/,Mole Verde (Pipián),60.0,True,"<li><span data-amount=""1"">1</span> ripe plantain<!-- /wp:list-item --> <!-- wp:list-item --></li>",ripe plantain,ripe plantain,1.0,,ok,
healthysimpleyum,https://healthysimpleyum.com/mole-verde-pipian/,Mole Verde (Pipián),60.0,True,"<li><span class=""nutrifox-quantity"" data-amount=""32"" data-nf-food-description=""SWANSON BROTH, Certified Organic Vegetable Broth"" data-nf-food-id=""1539"" data-nf-metric=""948"" data-nf-metric-unit=""ml"" data-nf-original=""usc"" data-nf-usc=""32"" data-nf-usc-unit=""oz"" data-unit=""oz"">32</span> <span class=""nutrifox-unit"" data-nf-food-description=""SWANSON BROTH, Certified Organic Vegetable Broth"" data-nf-food-id=""1539"" data-nf-metric=""ml"" data-nf-original=""usc"" data-nf-usc=""oz"">oz</span> vegetable broth<!-- /wp:list-item --> <!-- wp:list-item --></li>",vegetable broth,vegetable broth,32.0,oz,ok,
healthysimpleyum,https://healthysimpleyum.com/mole-verde-pipian/,Mole Verde (Pipián),60.0,True,"<li><span class=""nutrifox-quantity"" data-amount=""0.25"" data-nf-food-description=""Extra Virgin Olive Oil, cold pressed"" data-nf-food-id=""8884"" data-nf-metric=""59.25"" data-nf-metric-unit=""ml"" data-nf-original=""usc"" data-nf-usc=""0.25"" data-nf-usc-unit=""cup"" data-unit=""cup"">¼</span> <span class=""nutrifox-unit"" data-nf-food-description=""Extra Virgin Olive Oil, cold pressed"" data-nf-food-id=""8884"" data-nf-metric=""ml"" data-nf-original=""usc"" data-nf-usc=""cup"">cup</span> neutral cooking oil<!-- /wp:list-item --> <!-- wp:list-item --></li>",neutral cooking oil,neutral cooking oil,0.25,cup,ok,
healthysimpleyum,https://healthysimpleyum.com/mole-verde-pipian/,Mole Verde (Pipián),60.0,True,<li>Salt to taste<!-- /wp:list-item --></li>,Salt to taste,salt to taste,,,ok,
healthysimpleyum,https://healthysimpleyum.com/mole-verde-pipian/,Mole Verde (Pipián),60.0,True,"<li>White rice, cooked plain or Mexican rice<!-- /wp:list-item --> <!-- wp:list-item --></li>","White rice, cooked plain or Mexican rice",rice cooked plain  mexican rice,,,ok,
healthysimpleyum,https://healthysimpleyum.com/mole-verde-pipian/,Mole Verde (Pipián),60.0,True,"<li><span class=""nutrifox-quantity"" data-amount=""16"" data-nf-food-description=""Mushrooms, white, raw"" data-nf-food-id=""3009"" data-nf-metric=""453.59237"" data-nf-metric-unit=""gram"" data-nf-original=""usc"" data-nf-usc=""16"" data-nf-usc-unit=""oz"" data-unit=""oz"">16</span> <span class=""nutrifox-unit"" data-nf-food-description=""Mushrooms, white, raw"" data-nf-food-id=""3009"" data-nf-metric=""gram"" data-nf-original=""usc"" data-nf-usc=""oz"">oz</span> King trumpet mushrooms, pan-fried<!-- /wp:list-item --> <!-- wp:list-item --></li>","King trumpet mushrooms, pan-fried",king trumpet mushrooms panfried,16.0,oz,ok,
healthysimpleyum,https://healthysimpleyum.com/mole-verde-pipian/,Mole Verde (Pipián),60.0,True,"<li><span data-amount=""2"">2</span> large yellow potatoes, boiled until tender</li>","large yellow potatoes, boiled until tender",potatoes boiled until tender,2.0,,ok,
healthysimpleyum,https://healthysimpleyum.com/molletes/,,,,,,,,,error,"1 validation error for IngredientData
quantity
  Input should be a valid number, unable to parse string as a number [type=float_parsing, input_value='¾', input_type=str]
    For further information visit https://errors.pydantic.dev/2.13/v/float_parsing"
healthysimpleyum,https://healthysimpleyum.com/mujadara/,Mujadara (Spiced Lentils & Rice),55.0,True,"<li><span class=""nutrifox-quantity"" data-amount=""1"" data-nf-food-description=""Lentils, raw"" data-nf-food-id=""4807"" data-nf-metric=""192"" data-nf-metric-unit=""gram"" data-nf-original=""usc"" data-nf-usc=""1"" data-nf-usc-unit=""cup"" data-unit=""cup"">1</span> <span class=""nutrifox-unit"" data-nf-food-description=""Lentils, raw"" data-nf-food-id=""4807"" data-nf-metric=""gram"" data-nf-original=""usc"" data-nf-usc=""cup"">cup</span> lentils, dry and rinsed</li>","lentils, dry and rinsed",lentils dry  rinsed,1.0,cup,ok,
healthysimpleyum,https://healthysimpleyum.com/mujadara/,Mujadara (Spiced Lentils & Rice),55.0,True,"<li><span class=""nutrifox-quantity"" data-amount=""1"" data-nf-food-description=""Rice, white, medium-grain, cooked, unenriched"" data-nf-food-id=""6618"" data-nf-metric=""186"" data-nf-metric-unit=""gram"" data-nf-original=""usc"" data-nf-usc=""1"" data-nf-usc-unit=""cup"" data-unit=""cup"">1</span> <span class=""nutrifox-unit"" data-nf-food-description=""Rice, white, medium-grain, cooked, unenriched"" data-nf-food-id=""6618"" data-nf-metric=""gram"" data-nf-original=""usc"" data-nf-usc=""cup"">cup</span> Jasmine rice, well rinsed</li>","Jasmine rice, well rinsed",jasmine rice well rinsed,1.0,cup,ok,
healthysimpleyum,https://healthysimpleyum.com/mujadara/,Mujadara (Spiced Lentils & Rice),55.0,True,"<li><span data-amount=""1"" data-unit=""tsp"">1 tsp</span> garlic powder</li>",garlic powder,garlic powder,1.0,tsp,ok,
healthysimpleyum,https://healthysimpleyum.com/mujadara/,Mujadara (Spiced Lentils & Rice),55.0,True,"<li><span data-amount=""1"" data-unit=""tsp"">1 tsp</span> onion powder</li>",onion powder,onion powder,1.0,tsp,ok,
healthysimpleyum,https://healthysimpleyum.com/mujadara/,Mujadara (Spiced Lentils & Rice),55.0,True,"<li><span data-amount=""1"" data-unit=""tsp"">1 tsp</span> cumin</li>",cumin,cumin,1.0,tsp,ok,
healthysimpleyum,https://healthysimpleyum.com/mujadara/,Mujadara (Spiced Lentils & Rice),55.0,True,"<li><span data-amount=""1"" data-unit=""tsp"">1 tsp</span> salt</li>",salt,salt,1.0,tsp,ok,
healthysimpleyum,https://healthysimpleyum.com/mujadara/,Mujadara (Spiced Lentils & Rice),55.0,True,"<li><span data-amount=""1.5"" data-unit=""tsp"">1 ½ tsp</span> 7 spice or allspice</li>",7 spice or allspice,spice  allspice,1.5,tsp,ok,
healthysimpleyum,https://healthysimpleyum.com/mujadara/,Mujadara (Spiced Lentils & Rice),55.0,True,"<li><span data-amount=""0.25"" data-unit=""tsp"">¼ tsp</span> of cinnamon</li>",of cinnamon,cinnamon,0.25,tsp,ok,
healthysimpleyum,https://healthysimpleyum.com/mujadara/,Mujadara (Spiced Lentils & Rice),55.0,True,"<li><span data-amount=""2"">2</span> veggie bouillon cubes</li>",veggie bouillon cubes,veggie bouillon cubes,2.0,,ok,
healthysimpleyum,https://healthysimpleyum.com/mujadara/,Mujadara (Spiced Lentils & Rice),55.0,True,"<li><span class=""nutrifox-quantity"" data-amount=""4"" data-nf-food-description=""SWANSON BROTH, Certified Organic Vegetable Broth"" data-nf-food-id=""1539"" data-nf-metric=""948"" data-nf-metric-unit=""ml"" data-nf-original=""usc"" data-nf-usc=""4"" data-nf-usc-unit=""cup"" data-unit=""cup"">4</span> <span class=""nutrifox-unit"" data-nf-food-description=""SWANSON BROTH, Certified Organic Vegetable Broth"" data-nf-food-id=""1539"" data-nf-metric=""ml"" data-nf-original=""usc"" data-nf-usc=""cup"">cups</span> water or vegetable broth</li>",water or vegetable broth,water  vegetable broth,4.0,cups,ok,
healthysimpleyum,https://healthysimpleyum.com/mujadara/,Mujadara (Spiced Lentils & Rice),55.0,True,"<li><span data-amount=""1"">1</span> large onion, sliced</li>","large onion, sliced",onion sliced,1.0,,ok,
healthysimpleyum,https://healthysimpleyum.com/mujadara/,Mujadara (Spiced Lentils & Rice),55.0,True,"<li><span class=""nutrifox-quantity"" data-amount=""0.25"" data-nf-food-description=""Extra Virgin Olive Oil, cold pressed"" data-nf-food-id=""8884"" data-nf-metric=""59.25"" data-nf-metric-unit=""ml"" data-nf-original=""usc"" data-nf-usc=""0.25"" data-nf-usc-unit=""cup"" data-unit=""cup"">¼</span> <span class=""nutrifox-unit"" data-nf-food-description=""Extra Virgin Olive Oil, cold pressed"" data-nf-food-id=""8884"" data-nf-metric=""ml"" data-nf-original=""usc"" data-nf-usc=""cup"">cup</span> olive oil</li>",olive oil,olive oil,0.25,cup,ok,
healthysimpleyum,https://healthysimpleyum.com/nopal-salad/,Nopal Salad (Ensalada de Nopales),40.0,True,"<li><span data-amount=""3"">3</span> medium nopales</li>",medium nopales,nopales,3.0,,ok,
healthysimpleyum,https://healthysimpleyum.com/nopal-salad/,Nopal Salad (Ensalada de Nopales),40.0,True,"<li><span data-amount=""1"">1</span> medium onion</li>",medium onion,onion,1.0,,ok,
healthysimpleyum,https://healthysimpleyum.com/nopal-salad/,Nopal Salad (Ensalada de Nopales),40.0,True,"<li><span data-amount=""3"">3</span> medium tomatoes</li>",medium tomatoes,tomatoes,3.0,,ok,
healthysimpleyum,https://healthysimpleyum.com/nopal-salad/,Nopal Salad (Ensalada de Nopales),40.0,True,"<li><span data-amount=""1"">1</span>–<span data-amount=""2"">2</span> jalapeños</li>",jalapeños,jalapeños,1.0,,ok,
healthysimpleyum,https://healthysimpleyum.com/nopal-salad/,Nopal Salad (Ensalada de Nopales),40.0,True,"<li><span class=""nutrifox-quantity"" data-amount=""0.5"" data-nf-food-description=""Coriander (cilantro) leaves, raw"" data-nf-food-id=""2931"" data-nf-metric=""8"" data-nf-metric-unit=""gram"" data-nf-original=""usc"" data-nf-usc=""0.5"" data-nf-usc-unit=""cup"" data-unit=""cup"">½</span> <span class=""nutrifox-unit"" data-nf-food-description=""Coriander (cilantro) leaves, raw"" data-nf-food-id=""2931"" data-nf-metric=""gram"" data-nf-original=""usc"" data-nf-usc=""cup"">cup</span> cilantro</li>",cilantro,cilantro,0.5,cup,ok,
healthysimpleyum,https://healthysimpleyum.com/nopal-salad/,Nopal Salad (Ensalada de Nopales),40.0,True,"<li><span data-amount=""1"">1</span>–<span data-amount=""2"">2</span> avocados</li>",avocados,avocados,1.0,,ok,
healthysimpleyum,https://healthysimpleyum.com/nopal-salad/,Nopal Salad (Ensalada de Nopales),40.0,True,"<li><span data-amount=""1"" data-unit=""tsp"">1 tsp</span> salt</li>",salt,salt,1.0,tsp,ok,
healthysimpleyum,https://healthysimpleyum.com/nopal-salad/,Nopal Salad (Ensalada de Nopales),40.0,True,"<li><span data-amount=""2"">2</span> limes, juiced (optional)</li>","limes, juiced (optional)",limes juiced,2.0,,ok,
healthysimpleyum,https://healthysimpleyum.com/nopales-con-huevo/,Nopales con Huevo (Plant-based Mexican Breakfast),,True,"<li><span data-amount=""4"">4</span> nopales, diced</li>","nopales, diced",nopales,4.0,,ok,
healthysimpleyum,https://healthysimpleyum.com/nopales-con-huevo/,Nopales con Huevo (Plant-based Mexican Breakfast),,True,"<li><span data-amount=""1"">1</span> onion, diced</li>","onion, diced",onion,1.0,,ok,
healthysimpleyum,https://healthysimpleyum.com/nopales-con-huevo/,Nopales con Huevo (Plant-based Mexican Breakfast),,True,"<li><span data-amount=""2"">2</span> tomatoes, diced</li>","tomatoes, diced",tomatoes,2.0,,ok,
healthysimpleyum,https://healthysimpleyum.com/nopales-con-huevo/,Nopales con Huevo (Plant-based Mexican Breakfast),,True,"<li><span data-amount=""1"">1</span> jalapeno or serrano pepper, diced</li>","jalapeno or serrano pepper, diced",jalapeno  serrano pepper,1.0,,ok,
healthysimpleyum,https://healthysimpleyum.com/nopales-con-huevo/,Nopales con Huevo (Plant-based Mexican Breakfast),,True,"<li><span data-amount=""1"">1</span> bottle of <a href=""https://www.ju.st/eat/just-egg"">JustEgg</a> OR 1 block of tofu</li>",bottle of JustEgg OR 1 block of tofu,bottle  justegg   block  tofu,1.0,,ok,
healthysimpleyum,https://healthysimpleyum.com/nopales-con-huevo/,Nopales con Huevo (Plant-based Mexican Breakfast),,True,<li>(see above for tofu option)</li>,(see above for tofu option),see above for tofu option,,,ok,
healthysimpleyum,https://healthysimpleyum.com/nopales-con-huevo/,Nopales con Huevo (Plant-based Mexican Breakfast),,True,"<li><span data-amount=""1"">1</span>–<span data-amount=""2"">2</span> tbsp oil</li>",tbsp oil,tbsp oil,1.0,,ok,
healthysimpleyum,https://healthysimpleyum.com/nopales-con-huevo/,Nopales con Huevo (Plant-based Mexican Breakfast),,True,<li>Salt and pepper to taste</li>,Salt and pepper to taste,salt  pepper to taste,,,ok,
healthysimpleyum,https://healthysimpleyum.com/oatmeal-carrot-cake/,Oatmeal Carrot Cake (Vegan and Diabetes-friendly/Low Glycemic),60.0,True,"<li data-offset-key=""95fo1-0-0""><span data-amount=""2.5"" data-unit=""cup"">2 ½ cups</span> <a href=""https://bakeryonmain.com/collections/oats-hot/products/rolled-oats"">Bakery on Main rolled oats</a></li>",Bakery on Main rolled oats,bakery on main rolled oats,2.5,cup,ok,
healthysimpleyum,https://healthysimpleyum.com/oatmeal-carrot-cake/,Oatmeal Carrot Cake (Vegan and Diabetes-friendly/Low Glycemic),60.0,True,"<li data-offset-key=""95fo1-0-0""><span data-amount=""0.25"" data-unit=""cup"">¼ cup</span> ground flaxseed</li>",ground flaxseed,flaxseed,0.25,cup,ok,
healthysimpleyum,https://healthysimpleyum.com/oatmeal-carrot-cake/,Oatmeal Carrot Cake (Vegan and Diabetes-friendly/Low Glycemic),60.0,True,"<li data-offset-key=""95fo1-0-0""><span data-amount=""0.33333333333333"" data-unit=""cup"">⅓ cup</span> maple syrup</li>",maple syrup,maple syrup,0.33333333333333,cup,ok,
healthysimpleyum,https://healthysimpleyum.com/oatmeal-carrot-cake/,Oatmeal Carrot Cake (Vegan and Diabetes-friendly/Low Glycemic),60.0,True,"<li data-offset-key=""95fo1-0-0""><span data-amount=""1.5"" data-unit=""teaspoon"">1 ½ teaspoon</span> baking powder</li>",baking powder,baking powder,1.5,teaspoon,ok,
healthysimpleyum,https://healthysimpleyum.com/oatmeal-carrot-cake/,Oatmeal Carrot Cake (Vegan and Diabetes-friendly/Low Glycemic),60.0,True,"<li data-offset-key=""95fo1-0-0""><span data-amount=""2"" data-unit=""teaspoon"">2 teaspoons</span> cinnamon</li>",cinnamon,cinnamon,2.0,teaspoon,ok,
healthysimpleyum,https://healthysimpleyum.com/oatmeal-carrot-cake/,Oatmeal Carrot Cake (Vegan and Diabetes-friendly/Low Glycemic),60.0,True,"<li data-offset-key=""95fo1-0-0""><span data-amount=""1"" data-unit=""teaspoon"">1 teaspoon</span> ginger</li>",ginger,ginger,1.0,teaspoon,ok,
healthysimpleyum,https://healthysimpleyum.com/oatmeal-carrot-cake/,Oatmeal Carrot Cake (Vegan and Diabetes-friendly/Low Glycemic),60.0,True,"<li data-offset-key=""95fo1-0-0""><span data-amount=""0.25"" data-unit=""teaspoon"">¼ teaspoon</span> nutmeg</li>",nutmeg,nutmeg,0.25,teaspoon,ok,
healthysimpleyum,https://healthysimpleyum.com/oatmeal-carrot-cake/,Oatmeal Carrot Cake (Vegan and Diabetes-friendly/Low Glycemic),60.0,True,"<li data-offset-key=""95fo1-0-0""><span data-amount=""0.25"" data-unit=""cup"">¼ cup</span> walnuts or walnuts, chopped</li>","walnuts or walnuts, chopped",walnuts  walnuts,0.25,cup,ok,
healthysimpleyum,https://healthysimpleyum.com/oatmeal-carrot-cake/,Oatmeal Carrot Cake (Vegan and Diabetes-friendly/Low Glycemic),60.0,True,"<li data-offset-key=""95fo1-0-0""><span data-amount=""0.25"" data-unit=""teaspoon"">¼ teaspoon</span> of salt</li>",of salt,salt,0.25,teaspoon,ok,
healthysimpleyum,https://healthysimpleyum.com/oatmeal-carrot-cake/,Oatmeal Carrot Cake (Vegan and Diabetes-friendly/Low Glycemic),60.0,True,"<li data-offset-key=""95fo1-0-0""><span data-amount=""2"" data-unit=""tablespoon"">2 tablespoons</span> vegan butter</li>",vegan butter,vegan butter,2.0,tablespoon,ok,
healthysimpleyum,https://healthysimpleyum.com/oatmeal-carrot-cake/,Oatmeal Carrot Cake (Vegan and Diabetes-friendly/Low Glycemic),60.0,True,"<li data-offset-key=""95fo1-0-0""><span data-amount=""1.5"" data-unit=""cup"">1 ½ cup</span> non-dairy milk</li>",non-dairy milk,nondairy milk,1.5,cup,ok,
healthysimpleyum,https://healthysimpleyum.com/oatmeal-carrot-cake/,Oatmeal Carrot Cake (Vegan and Diabetes-friendly/Low Glycemic),60.0,True,"<li data-offset-key=""95fo1-0-0""><span data-amount=""1.5"" data-unit=""cup"">1 ½ cup</span> carrot grated</li>",carrot grated,carrot,1.5,cup,ok,
healthysimpleyum,https://healthysimpleyum.com/oatmeal-carrot-cake/,Oatmeal Carrot Cake (Vegan and Diabetes-friendly/Low Glycemic),60.0,True,"<li data-offset-key=""arodj-0-0""><span data-amount=""8"" data-unit=""oz"">8 oz</span> vegan cream cheese</li>",vegan cream cheese,vegan cream cheese,8.0,oz,ok,
healthysimpleyum,https://healthysimpleyum.com/oatmeal-carrot-cake/,Oatmeal Carrot Cake (Vegan and Diabetes-friendly/Low Glycemic),60.0,True,"<li data-offset-key=""arodj-0-0""><span data-amount=""0.5"" data-unit=""cup"">½ cup</span> vegan Greek yogurt*</li>",vegan Greek yogurt*,vegan greek yogurt*,0.5,cup,ok,
healthysimpleyum,https://healthysimpleyum.com/oatmeal-carrot-cake/,Oatmeal Carrot Cake (Vegan and Diabetes-friendly/Low Glycemic),60.0,True,"<li data-offset-key=""arodj-0-0""><span data-amount=""0.25"" data-unit=""cup"">¼ cup</span> maple syrup</li>",maple syrup,maple syrup,0.25,cup,ok,
healthysimpleyum,https://healthysimpleyum.com/oatmeal-carrot-cake/,Oatmeal Carrot Cake (Vegan and Diabetes-friendly/Low Glycemic),60.0,True,"<li data-offset-key=""arodj-0-0""><span data-amount=""1"" data-unit=""teaspoon"">1 teaspoon</span> vanilla extract</li>",vanilla extract,vanilla extract,1.0,teaspoon,ok,
healthysimpleyum,https://healthysimpleyum.com/orzo-salad/,"Lemon Orzo Salad with Avocado, Veggies and Fresh Herbs",25.0,True,"<li><span data-amount=""10"" data-unit=""oz"">10 oz</span> Orzo, dried</li>","Orzo, dried",orzo,10.0,oz,ok,
healthysimpleyum,https://healthysimpleyum.com/orzo-salad/,"Lemon Orzo Salad with Avocado, Veggies and Fresh Herbs",25.0,True,"<li><span data-amount=""1"">1</span> can of chickpeas</li>",can of chickpeas,can  chickpeas,1.0,,ok,
healthysimpleyum,https://healthysimpleyum.com/orzo-salad/,"Lemon Orzo Salad with Avocado, Veggies and Fresh Herbs",25.0,True,"<li><span data-amount=""2"">2</span> zucchini</li>",zucchini,zucchini,2.0,,ok,
healthysimpleyum,https://healthysimpleyum.com/orzo-salad/,"Lemon Orzo Salad with Avocado, Veggies and Fresh Herbs",25.0,True,"<li><span data-amount=""1"">1</span>–<span data-amount=""2"">2</span> shallots</li>",shallots,shallots,1.0,,ok,
healthysimpleyum,https://healthysimpleyum.com/orzo-salad/,"Lemon Orzo Salad with Avocado, Veggies and Fresh Herbs",25.0,True,"<li><span data-amount=""1"">1</span> tomato</li>",tomato,tomato,1.0,,ok,
healthysimpleyum,https://healthysimpleyum.com/orzo-salad/,"Lemon Orzo Salad with Avocado, Veggies and Fresh Herbs",25.0,True,"<li><span data-amount=""3"">3</span> avocados</li>",avocados,avocados,3.0,,ok,
healthysimpleyum,https://healthysimpleyum.com/orzo-salad/,"Lemon Orzo Salad with Avocado, Veggies and Fresh Herbs",25.0,True,"<li><span data-amount=""4"">4</span> portobello mushrooms</li>",portobello mushrooms,portobello mushrooms,4.0,,ok,
healthysimpleyum,https://healthysimpleyum.com/orzo-salad/,"Lemon Orzo Salad with Avocado, Veggies and Fresh Herbs",25.0,True,"<li><span data-amount=""1"">1</span> handful of fresh parsley</li>",handful of fresh parsley,handful   parsley,1.0,,ok,
healthysimpleyum,https://healthysimpleyum.com/orzo-salad/,"Lemon Orzo Salad with Avocado, Veggies and Fresh Herbs",25.0,True,"<li><span data-amount=""4"">4</span> lemons, juiced</li>","lemons, juiced",lemons juiced,4.0,,ok,
healthysimpleyum,https://healthysimpleyum.com/orzo-salad/,"Lemon Orzo Salad with Avocado, Veggies and Fresh Herbs",25.0,True,"<li><span data-amount=""0.25"" data-unit=""cup"">¼ cup</span> of extra virgin olive oil</li>",of extra virgin olive oil,olive oil,0.25,cup,ok,
healthysimpleyum,https://healthysimpleyum.com/orzo-salad/,"Lemon Orzo Salad with Avocado, Veggies and Fresh Herbs",25.0,True,<li>Salt and pepper to taste</li>,Salt and pepper to taste,salt  pepper to taste,,,ok,
healthysimpleyum,https://healthysimpleyum.com/pan-dulce-cookies/,Pan Dulce Cookies (High-protein),30.0,True,"<li><span class=""nutrifox-quantity"" data-amount=""1"" data-nf-food-description=""Wheat flour, white, all-purpose, enriched, bleached"" data-nf-food-id=""6544"" data-nf-metric=""125"" data-nf-metric-unit=""gram"" data-nf-original=""usc"" data-nf-usc=""1"" data-nf-usc-unit=""cup"" data-unit=""cup"">1</span> <span class=""nutrifox-unit"" data-nf-food-description=""Wheat flour, white, all-purpose, enriched, bleached"" data-nf-food-id=""6544"" data-nf-metric=""gram"" data-nf-original=""usc"" data-nf-usc=""cup"">cup</span> all-purpose flour</li>",all-purpose flour,allpurpose flour,1.0,cup,ok,
healthysimpleyum,https://healthysimpleyum.com/pan-dulce-cookies/,Pan Dulce Cookies (High-protein),30.0,True,"<li><span class=""nutrifox-quantity"" data-amount=""1"" data-nf-food-description=""Oat flour, partially debranned"" data-nf-food-id=""6582"" data-nf-metric=""104"" data-nf-metric-unit=""gram"" data-nf-original=""usc"" data-nf-usc=""1"" data-nf-usc-unit=""cup"" data-unit=""cup"">1</span> <span class=""nutrifox-unit"" data-nf-food-description=""Oat flour, partially debranned"" data-nf-food-id=""6582"" data-nf-metric=""gram"" data-nf-original=""usc"" data-nf-usc=""cup"">cup</span> oat flour</li>",oat flour,oat flour,1.0,cup,ok,
healthysimpleyum,https://healthysimpleyum.com/pan-dulce-cookies/,Pan Dulce Cookies (High-protein),30.0,True,"<li><span data-amount=""3"">3</span> scoops protein powder</li>",scoops protein powder,scoops protein powder,3.0,,ok,
healthysimpleyum,https://healthysimpleyum.com/pan-dulce-cookies/,Pan Dulce Cookies (High-protein),30.0,True,"<li><span data-amount=""1"" data-unit=""teaspoon"">1 teaspoon</span> baking powder</li>",baking powder,baking powder,1.0,teaspoon,ok,
healthysimpleyum,https://healthysimpleyum.com/pan-dulce-cookies/,Pan Dulce Cookies (High-protein),30.0,True,"<li><span data-amount=""1"" data-unit=""teaspoon"">1 teaspoon</span> of cinnamon</li>",of cinnamon,cinnamon,1.0,teaspoon,ok,
healthysimpleyum,https://healthysimpleyum.com/pan-dulce-cookies/,Pan Dulce Cookies (High-protein),30.0,True,"<li><span data-amount=""1"">1</span> pinch of salt</li>",pinch of salt,salt,1.0,,ok,
healthysimpleyum,https://healthysimpleyum.com/pan-dulce-cookies/,Pan Dulce Cookies (High-protein),30.0,True,"<li><span data-amount=""2"" data-unit=""tablespoon"">2 tablespoon</span> ground flaxseed + <span data-amount=""0.33333333333333"" data-unit=""cup"">⅓ cup</span> warm water</li>",ground flaxseed + warm water,flaxseed +  water,2.0,tablespoon,ok,
healthysimpleyum,https://healthysimpleyum.com/pan-dulce-cookies/,Pan Dulce Cookies (High-protein),30.0,True,"<li><span class=""nutrifox-quantity"" data-amount=""0.5"">½</span> <span class=""nutrifox-unit"">cup</span> piloncillo, shredded</li>","piloncillo, shredded",piloncillo shredded,0.5,cup,ok,
healthysimpleyum,https://healthysimpleyum.com/pan-dulce-cookies/,Pan Dulce Cookies (High-protein),30.0,True,"<li><span class=""nutrifox-quantity"" data-amount=""0.25"" data-nf-food-description=""Beverages, water, tap, drinking"" data-nf-food-id=""4384"" data-nf-metric=""59.25"" data-nf-metric-unit=""ml"" data-nf-original=""usc"" data-nf-usc=""0.25"" data-nf-usc-unit=""cup"" data-unit=""cup"">¼</span> <span class=""nutrifox-unit"" data-nf-food-description=""Beverages, water, tap, drinking"" data-nf-food-id=""4384"" data-nf-metric=""ml"" data-nf-original=""usc"" data-nf-usc=""cup"">cup</span> hot water</li>",hot water,hot water,0.25,cup,ok,
healthysimpleyum,https://healthysimpleyum.com/pan-dulce-cookies/,Pan Dulce Cookies (High-protein),30.0,True,"<li><span class=""nutrifox-quantity"" data-amount=""0.25"" data-nf-food-description=""Sugars, brown"" data-nf-food-id=""6318"" data-nf-metric=""50"" data-nf-metric-unit=""gram"" data-nf-original=""usc"" data-nf-usc=""0.25"" data-nf-usc-unit=""cup"" data-unit=""cup"">¼</span>–<span class=""nutrifox-second-quantity"" data-amount=""0.5"" data-nf-food-description=""Sugars, brown"" data-nf-food-id=""6318"" data-nf-metric=""100"" data-nf-metric-unit=""gram"" data-nf-original=""usc"" data-nf-usc=""0.5"" data-nf-usc-unit=""cup"" data-unit=""cup"">½</span> <span class=""nutrifox-unit"" data-nf-food-description=""Sugars, brown"" data-nf-food-id=""6318"" data-nf-metric=""gram"" data-nf-original=""usc"" data-nf-usc=""cup"">cup</span> brown sugar or sugar substitute (optional)</li>",–½brown sugar or sugar substitute (optional),½brown sugar  sugar substitute,0.25,cup,ok,
healthysimpleyum,https://healthysimpleyum.com/pan-dulce-cookies/,Pan Dulce Cookies (High-protein),30.0,True,"<li><span data-amount=""1"">1</span>–<span data-amount=""2"">2</span> tablespoons molasses (to taste)</li>",tablespoons molasses (to taste),tablespoons molasses to taste,1.0,,ok,
healthysimpleyum,https://healthysimpleyum.com/pan-dulce-cookies/,Pan Dulce Cookies (High-protein),30.0,True,"<li><span class=""nutrifox-quantity"" data-amount=""0.333333"" data-nf-food-description=""Extra Virgin Olive Oil, cold pressed"" data-nf-food-id=""8884"" data-nf-metric=""78.999921"" data-nf-metric-unit=""ml"" data-nf-original=""usc"" data-nf-usc=""0.333333"" data-nf-usc-unit=""cup"" data-unit=""cup"">⅓</span> <span class=""nutrifox-unit"" data-nf-food-description=""Extra Virgin Olive Oil, cold pressed"" data-nf-food-id=""8884"" data-nf-metric=""ml"" data-nf-original=""usc"" data-nf-usc=""cup"">cup</span> olive oil</li>",olive oil,olive oil,0.33,cup,ok,
healthysimpleyum,https://healthysimpleyum.com/pan-dulce-cookies/,Pan Dulce Cookies (High-protein),30.0,True,"<li><span data-amount=""1"" data-unit=""teaspoon"">1 teaspoon</span> vanilla extract</li>",vanilla extract,vanilla extract,1.0,teaspoon,ok,
healthysimpleyum,https://healthysimpleyum.com/pan-dulce-cookies/,Pan Dulce Cookies (High-protein),30.0,True,"<li><span class=""nutrifox-quantity"" data-amount=""0.333333"" data-nf-food-description=""Yogurt, Greek, plain, whole milk"" data-nf-food-id=""240"" data-nf-metric=""95"" data-nf-metric-unit=""gram"" data-nf-original=""usc"" data-nf-usc=""0.333333"" data-nf-usc-unit=""cup"" data-unit=""cup"">⅓</span> <span class=""nutrifox-unit"" data-nf-food-description=""Yogurt, Greek, plain, whole milk"" data-nf-food-id=""240"" data-nf-metric=""gram"" data-nf-original=""usc"" data-nf-usc=""cup"">cup</span> Greek yogurt</li>",Greek yogurt,greek yogurt,0.33,cup,ok,
healthysimpleyum,https://healthysimpleyum.com/pan-dulce-cookies/,Pan Dulce Cookies (High-protein),30.0,True,<li>Almonds</li>,Almonds,almonds,,,ok,
healthysimpleyum,https://healthysimpleyum.com/pan-dulce-cookies/,Pan Dulce Cookies (High-protein),30.0,True,<li>Pumpkin seeds</li>,Pumpkin seeds,pumpkin seeds,,,ok,
healthysimpleyum,https://healthysimpleyum.com/pan-dulce-cookies/,Pan Dulce Cookies (High-protein),30.0,True,<li>Raisins</li>,Raisins,raisins,,,ok,
healthysimpleyum,https://healthysimpleyum.com/peanut-noodle-salad/,Peanut Noodle Salad Peanut Noodle Salad,15.0,True,"<li><span data-amount=""0.25"" data-unit=""cup"">¼ cup</span> cilantro, diced</li>","cilantro, diced",cilantro,0.25,cup,ok,
healthysimpleyum,https://healthysimpleyum.com/peanut-noodle-salad/,Peanut Noodle Salad Peanut Noodle Salad,15.0,True,"<li>Noodles, cooked and chilled</li>","Noodles, cooked and chilled",noodles cooked  chilled,,,ok,
healthysimpleyum,https://healthysimpleyum.com/peanut-noodle-salad/,Peanut Noodle Salad Peanut Noodle Salad,15.0,True,"<li><span data-amount=""0.5"" data-unit=""cup"">½ cup</span> carrots, grated</li>","carrots, grated",carrots,0.5,cup,ok,
healthysimpleyum,https://healthysimpleyum.com/peanut-noodle-salad/,Peanut Noodle Salad Peanut Noodle Salad,15.0,True,"<li><span data-amount=""0.5"" data-unit=""cup"">½ cup</span> edamame beans</li>",edamame beans,edamame beans,0.5,cup,ok,
healthysimpleyum,https://healthysimpleyum.com/peanut-noodle-salad/,Peanut Noodle Salad Peanut Noodle Salad,15.0,True,"<li><span data-amount=""1"" data-unit=""cup"">1 cup</span> zucchini noodles</li>",zucchini noodles,zucchini noodles,1.0,cup,ok,
healthysimpleyum,https://healthysimpleyum.com/peanut-noodle-salad/,Peanut Noodle Salad Peanut Noodle Salad,15.0,True,"<li><span data-amount=""0.25"" data-unit=""cup"">¼ cup</span> peanuts</li>",peanuts,peanuts,0.25,cup,ok,
healthysimpleyum,https://healthysimpleyum.com/peanut-noodle-salad/,Peanut Noodle Salad Peanut Noodle Salad,15.0,True,"<li><span data-amount=""0.5"" data-unit=""cup"">½ cup</span> 100% creamy peanut butter</li>",100% creamy peanut butter,% creamy peanut butter,0.5,cup,ok,
healthysimpleyum,https://healthysimpleyum.com/peanut-noodle-salad/,Peanut Noodle Salad Peanut Noodle Salad,15.0,True,"<li><span data-amount=""3"" data-unit=""tablespoon"">3 tablespoons</span> of rice vinegar</li>",of rice vinegar,rice vinegar,3.0,tablespoon,ok,
healthysimpleyum,https://healthysimpleyum.com/peanut-noodle-salad/,Peanut Noodle Salad Peanut Noodle Salad,15.0,True,"<li><span data-amount=""2"" data-unit=""teaspoon"">2 teaspoons</span> grated ginger</li>",grated ginger,ginger,2.0,teaspoon,ok,
healthysimpleyum,https://healthysimpleyum.com/peanut-noodle-salad/,Peanut Noodle Salad Peanut Noodle Salad,15.0,True,"<li><span data-amount=""2"" data-unit=""teaspoon"">2 teaspoons</span> garlic, grated</li>","garlic, grated",garlic,2.0,teaspoon,ok,
healthysimpleyum,https://healthysimpleyum.com/peanut-noodle-salad/,Peanut Noodle Salad Peanut Noodle Salad,15.0,True,"<li><span data-amount=""3"" data-unit=""tablespoon"">3 tablespoons</span> soy sauce, low sodium</li>","soy sauce, low sodium",soy sauce low sodium,3.0,tablespoon,ok,
healthysimpleyum,https://healthysimpleyum.com/peanut-noodle-salad/,Peanut Noodle Salad Peanut Noodle Salad,15.0,True,"<li><span data-amount=""1"" data-unit=""tablespoon"">1 tablespoon</span> sriracha</li>",sriracha,sriracha,1.0,tablespoon,ok,
healthysimpleyum,https://healthysimpleyum.com/peanut-noodle-salad/,Peanut Noodle Salad Peanut Noodle Salad,15.0,True,"<li><span data-amount=""1"">1</span>–<span data-amount=""2"">2</span> tablespoons lime juice</li>",tablespoons lime juice,tablespoons lime juice,1.0,,ok,
healthysimpleyum,https://healthysimpleyum.com/peanut-noodle-salad/,Peanut Noodle Salad Peanut Noodle Salad,15.0,True,"<li><span data-amount=""2"">2</span>–<span data-amount=""3"">3</span> tablespoons of water</li>",tablespoons of water,tablespoons  water,2.0,,ok,
healthysimpleyum,https://healthysimpleyum.com/peanut-ramen-noodles/,"Peanut Butter Ramen Noodles (Saucy, 1-Pot & Vegan)",25.0,True,"<li><span data-amount=""1"">1</span> pack of ramen noodles (<span data-amount=""12"" data-unit=""oz"">12oz</span>) or 2 pack of ramen squares</li>",pack of ramen noodles ( ) or 2 pack of ramen squares,pack  ramen noodles     pack  ramen squares,1.0,,ok,
healthysimpleyum,https://healthysimpleyum.com/peanut-ramen-noodles/,"Peanut Butter Ramen Noodles (Saucy, 1-Pot & Vegan)",25.0,True,"<li><span data-amount=""1"" data-unit=""cup"">1 cup</span> cremini mushrooms, sliced</li>","cremini mushrooms, sliced",cremini mushrooms sliced,1.0,cup,ok,
healthysimpleyum,https://healthysimpleyum.com/peanut-ramen-noodles/,"Peanut Butter Ramen Noodles (Saucy, 1-Pot & Vegan)",25.0,True,"<li><span data-amount=""1"" data-unit=""cup"">1 cup</span> red bell pepper, sliced</li>","red bell pepper, sliced",red bell pepper sliced,1.0,cup,ok,
healthysimpleyum,https://healthysimpleyum.com/peanut-ramen-noodles/,"Peanut Butter Ramen Noodles (Saucy, 1-Pot & Vegan)",25.0,True,"<li><span data-amount=""0.5"" data-unit=""cup"">½ cup</span> onions, chopped</li>","onions, chopped",onions,0.5,cup,ok,
healthysimpleyum,https://healthysimpleyum.com/peanut-ramen-noodles/,"Peanut Butter Ramen Noodles (Saucy, 1-Pot & Vegan)",25.0,True,"<li><span data-amount=""1"" data-unit=""tbsp"">1 tbsp</span> minced garlic</li>",minced garlic,garlic,1.0,tbsp,ok,
healthysimpleyum,https://healthysimpleyum.com/peanut-ramen-noodles/,"Peanut Butter Ramen Noodles (Saucy, 1-Pot & Vegan)",25.0,True,"<li><span data-amount=""1"" data-unit=""tbsp"">1 tbsp</span> crushed ginger</li>",crushed ginger,crushed ginger,1.0,tbsp,ok,
healthysimpleyum,https://healthysimpleyum.com/peanut-ramen-noodles/,"Peanut Butter Ramen Noodles (Saucy, 1-Pot & Vegan)",25.0,True,"<li><span data-amount=""1"" data-unit=""tbsp"">1 tbsp</span> oil</li>",oil,oil,1.0,tbsp,ok,
healthysimpleyum,https://healthysimpleyum.com/peanut-ramen-noodles/,"Peanut Butter Ramen Noodles (Saucy, 1-Pot & Vegan)",25.0,True,<li>salt to taste</li>,salt to taste,salt to taste,,,ok,
healthysimpleyum,https://healthysimpleyum.com/peanut-ramen-noodles/,"Peanut Butter Ramen Noodles (Saucy, 1-Pot & Vegan)",25.0,True,"<li><span data-amount=""1"" data-unit=""tsp"">1 tsp</span> chili powder (optional)⠀⠀⠀⠀⠀</li>",chili powder (optional)⠀⠀⠀⠀⠀,chili powder ⠀⠀⠀⠀⠀,1.0,tsp,ok,
healthysimpleyum,https://healthysimpleyum.com/peanut-ramen-noodles/,"Peanut Butter Ramen Noodles (Saucy, 1-Pot & Vegan)",25.0,True,"<li><span data-amount=""5"" data-unit=""cup"">5 cups</span> vegetable broth</li>",vegetable broth,vegetable broth,5.0,cup,ok,
healthysimpleyum,https://healthysimpleyum.com/peanut-ramen-noodles/,"Peanut Butter Ramen Noodles (Saucy, 1-Pot & Vegan)",25.0,True,"<li><span data-amount=""0.75"" data-unit=""cup"">¾ cup</span> peanut butter</li>",peanut butter,peanut butter,0.75,cup,ok,
healthysimpleyum,https://healthysimpleyum.com/peanut-ramen-noodles/,"Peanut Butter Ramen Noodles (Saucy, 1-Pot & Vegan)",25.0,True,"<li><span data-amount=""3"">3</span> tbsps red curry paste</li>",tbsps red curry paste,tbsps red curry paste,3.0,,ok,
healthysimpleyum,https://healthysimpleyum.com/peanut-ramen-noodles/,"Peanut Butter Ramen Noodles (Saucy, 1-Pot & Vegan)",25.0,True,"<li><span data-amount=""3"" data-unit=""tbsp"">3 tbsp</span> soy sauce</li>",soy sauce,soy sauce,3.0,tbsp,ok,
healthysimpleyum,https://healthysimpleyum.com/peanut-ramen-noodles/,"Peanut Butter Ramen Noodles (Saucy, 1-Pot & Vegan)",25.0,True,"<li><span data-amount=""0.25"" data-unit=""cup"">¼ cup</span> brown sugar (optional)</li>",brown sugar (optional),brown sugar,0.25,cup,ok,
healthysimpleyum,https://healthysimpleyum.com/peanut-ramen-noodles/,"Peanut Butter Ramen Noodles (Saucy, 1-Pot & Vegan)",25.0,True,"<li><span data-amount=""1"">1</span> can coconut milk (reduced fat ok)</li>",can coconut milk (reduced fat ok),can coconut milk reduced fat ok,1.0,,ok,
healthysimpleyum,https://healthysimpleyum.com/peanut-ramen-noodles/,"Peanut Butter Ramen Noodles (Saucy, 1-Pot & Vegan)",25.0,True,<li>salt to taste</li>,salt to taste,salt to taste,,,ok,
healthysimpleyum,https://healthysimpleyum.com/peanut-sauce-tofu/,Peanut Sauce Tofu (made with savory Thai Peanut Sauce),35.0,True,"<li data-offset-key=""66m64-0-0""><span data-amount=""1"">1</span> block of extra firm tofu</li>",block of extra firm tofu,block   firm tofu,1.0,,ok,
healthysimpleyum,https://healthysimpleyum.com/peanut-sauce-tofu/,Peanut Sauce Tofu (made with savory Thai Peanut Sauce),35.0,True,"<li data-offset-key=""66m64-0-0""><span data-amount=""1"" data-unit=""teaspoon"">1 teaspoon</span> garlic powder</li>",garlic powder,garlic powder,1.0,teaspoon,ok,
healthysimpleyum,https://healthysimpleyum.com/peanut-sauce-tofu/,Peanut Sauce Tofu (made with savory Thai Peanut Sauce),35.0,True,"<li data-offset-key=""66m64-0-0""><span data-amount=""0.25"" data-unit=""cup"">¼ cup</span> nutritional yeast</li>",nutritional yeast,nutritional yeast,0.25,cup,ok,
healthysimpleyum,https://healthysimpleyum.com/peanut-sauce-tofu/,Peanut Sauce Tofu (made with savory Thai Peanut Sauce),35.0,True,"<li><span data-amount=""1"" data-unit=""cup"">1 cup</span> of vegetable broth⁣</li>",of vegetable broth⁣,vegetable broth⁣,1.0,cup,ok,
healthysimpleyum,https://healthysimpleyum.com/peanut-sauce-tofu/,Peanut Sauce Tofu (made with savory Thai Peanut Sauce),35.0,True,"<li><span data-amount=""2"" data-unit=""tablespoon"">2 tablespoons</span> Tamari or low sodium soy sauce</li>",Tamari or low sodium soy sauce,tamari  low sodium soy sauce,2.0,tablespoon,ok,
healthysimpleyum,https://healthysimpleyum.com/peanut-sauce-tofu/,Peanut Sauce Tofu (made with savory Thai Peanut Sauce),35.0,True,"<li><span data-amount=""1"" data-unit=""tablespoon"">1 tablespoon</span> minced ginger</li>",minced ginger,ginger,1.0,tablespoon,ok,
healthysimpleyum,https://healthysimpleyum.com/peanut-sauce-tofu/,Peanut Sauce Tofu (made with savory Thai Peanut Sauce),35.0,True,"<li><span data-amount=""1"" data-unit=""teaspoon"">1 teaspoon</span> minced garlic</li>",minced garlic,garlic,1.0,teaspoon,ok,
healthysimpleyum,https://healthysimpleyum.com/peanut-sauce-tofu/,Peanut Sauce Tofu (made with savory Thai Peanut Sauce),35.0,True,"<li><span data-amount=""3"" data-unit=""tablespoon"">3 tablespoons</span> maple syrup or brown sugar</li>",maple syrup or brown sugar,maple syrup  brown sugar,3.0,tablespoon,ok,
healthysimpleyum,https://healthysimpleyum.com/peanut-sauce-tofu/,Peanut Sauce Tofu (made with savory Thai Peanut Sauce),35.0,True,"<li><span data-amount=""1"">1</span>–<span data-amount=""2"">2</span> tablespoons 100% creamy peanut butter</li>",tablespoons 100% creamy peanut butter,tablespoons % creamy peanut butter,1.0,,ok,
healthysimpleyum,https://healthysimpleyum.com/peanut-sauce-tofu/,Peanut Sauce Tofu (made with savory Thai Peanut Sauce),35.0,True,"<li><span data-amount=""1"" data-unit=""tablespoon"">1 tablespoon</span> Sriracha or chili sauce of your choice (optional)</li>",Sriracha or chili sauce of your choice (optional),sriracha  chili sauce  your choice,1.0,tablespoon,ok,
healthysimpleyum,https://healthysimpleyum.com/peanut-sauce-tofu/,Peanut Sauce Tofu (made with savory Thai Peanut Sauce),35.0,True,"<li><span data-amount=""2"" data-unit=""tablespoon"">2 tablespoons</span> cornstarch</li>",cornstarch,cornstarch,2.0,tablespoon,ok,
healthysimpleyum,https://healthysimpleyum.com/peanut-sauce-tofu/,Peanut Sauce Tofu (made with savory Thai Peanut Sauce),35.0,True,<li>Salt and pepper to taste</li>,Salt and pepper to taste,salt  pepper to taste,,,ok,
healthysimpleyum,https://healthysimpleyum.com/pico-de-gallo/,Pico de Gallo - Easy & Authentic!,10.0,True,"<li><span data-amount=""2"">2</span> tomatoes, Roma, diced</li>","tomatoes, Roma, diced",tomatoes roma,2.0,,ok,
healthysimpleyum,https://healthysimpleyum.com/pico-de-gallo/,Pico de Gallo - Easy & Authentic!,10.0,True,"<li><span data-amount=""0.25"">¼</span> large red onion, diced</li>","large red onion, diced",red onion,0.25,,ok,
healthysimpleyum,https://healthysimpleyum.com/pico-de-gallo/,Pico de Gallo - Easy & Authentic!,10.0,True,"<li><span data-amount=""1"">1</span> jalapeño, diced</li>","jalapeño, diced",jalapeño,1.0,,ok,
healthysimpleyum,https://healthysimpleyum.com/pico-de-gallo/,Pico de Gallo - Easy & Authentic!,10.0,True,"<li><span class=""nutrifox-quantity"" data-amount=""0.5"" data-nf-food-description=""Coriander (cilantro) leaves, raw"" data-nf-food-id=""2931"" data-nf-metric=""8"" data-nf-metric-unit=""gram"" data-nf-original=""usc"" data-nf-usc=""0.5"" data-nf-usc-unit=""cup"" data-unit=""cup"">½</span> <span class=""nutrifox-unit"" data-nf-food-description=""Coriander (cilantro) leaves, raw"" data-nf-food-id=""2931"" data-nf-metric=""gram"" data-nf-original=""usc"" data-nf-usc=""cup"">cup</span> cilantro, chopped</li>","cilantro, chopped",cilantro,0.5,cup,ok,
healthysimpleyum,https://healthysimpleyum.com/pico-de-gallo/,Pico de Gallo - Easy & Authentic!,10.0,True,"<li><span data-amount=""1"">1</span> large lime, juiced</li>","large lime, juiced",lime juiced,1.0,,ok,
healthysimpleyum,https://healthysimpleyum.com/pico-de-gallo/,Pico de Gallo - Easy & Authentic!,10.0,True,<li>Salt to taste</li>,Salt to taste,salt to taste,,,ok,
healthysimpleyum,https://healthysimpleyum.com/poblano-bean-soup/,Poblano Soup (salsa verde broth),40.0,True,"<li><span class=""nutrifox-quantity"" data-amount=""6"" data-nf-food-description=""SWANSON BROTH, Certified Organic Vegetable Broth"" data-nf-food-id=""1539"" data-nf-metric=""1.42"" data-nf-metric-unit=""liter"" data-nf-original=""usc"" data-nf-usc=""6"" data-nf-usc-unit=""cup"" data-unit=""cup"">6</span> <span class=""nutrifox-unit"" data-nf-food-description=""SWANSON BROTH, Certified Organic Vegetable Broth"" data-nf-food-id=""1539"" data-nf-metric=""liter"" data-nf-original=""usc"" data-nf-usc=""cup"">cups</span> vegetable broth</li>",vegetable broth,vegetable broth,6.0,cups,ok,
healthysimpleyum,https://healthysimpleyum.com/poblano-bean-soup/,Poblano Soup (salsa verde broth),40.0,True,"<li><span class=""nutrifox-quantity"" data-amount=""3"" data-nf-food-description=""Beans, black turtle, mature seeds, canned"" data-nf-food-id=""4757"" data-nf-metric=""720"" data-nf-metric-unit=""gram"" data-nf-original=""usc"" data-nf-usc=""3"" data-nf-usc-unit=""cup"" data-unit=""cup"">3</span>–<span class=""nutrifox-second-quantity"" data-amount=""4"" data-nf-food-description=""Beans, black turtle, mature seeds, canned"" data-nf-food-id=""4757"" data-nf-metric=""960"" data-nf-metric-unit=""gram"" data-nf-original=""usc"" data-nf-usc=""4"" data-nf-usc-unit=""cup"" data-unit=""cup"">4</span> <span class=""nutrifox-unit"" data-nf-food-description=""Beans, black turtle, mature seeds, canned"" data-nf-food-id=""4757"" data-nf-metric=""gram"" data-nf-original=""usc"" data-nf-usc=""cup"">cups</span> of beans, cooked</li>","–4of beans, cooked",beans cooked,3.0,cups,ok,
healthysimpleyum,https://healthysimpleyum.com/poblano-bean-soup/,Poblano Soup (salsa verde broth),40.0,True,"<li><span class=""nutrifox-quantity"" data-amount=""0.5"" data-nf-food-description=""Rice, white, medium-grain, cooked, unenriched"" data-nf-food-id=""6618"" data-nf-metric=""93"" data-nf-metric-unit=""gram"" data-nf-original=""usc"" data-nf-usc=""0.5"" data-nf-usc-unit=""cup"" data-unit=""cup"">½</span> <span class=""nutrifox-unit"" data-nf-food-description=""Rice, white, medium-grain, cooked, unenriched"" data-nf-food-id=""6618"" data-nf-metric=""gram"" data-nf-original=""usc"" data-nf-usc=""cup"">cup</span> rice, uncooked</li>","rice, uncooked",rice uncooked,0.5,cup,ok,
healthysimpleyum,https://healthysimpleyum.com/poblano-bean-soup/,Poblano Soup (salsa verde broth),40.0,True,"<li><span data-amount=""2"">2</span>–<span data-amount=""3"">3</span> poblano peppers, roasted and diced</li>","poblano peppers, roasted and diced",poblano peppers,2.0,,ok,
healthysimpleyum,https://healthysimpleyum.com/poblano-bean-soup/,Poblano Soup (salsa verde broth),40.0,True,"<li><span data-amount=""1"">1</span> red bell pepper, roasted and diced</li>","red bell pepper, roasted and diced",red bell pepper,1.0,,ok,
healthysimpleyum,https://healthysimpleyum.com/poblano-bean-soup/,Poblano Soup (salsa verde broth),40.0,True,"<li><span data-amount=""0.5"">½</span> onion, diced</li>","onion, diced",onion,0.5,,ok,
healthysimpleyum,https://healthysimpleyum.com/poblano-bean-soup/,Poblano Soup (salsa verde broth),40.0,True,"<li><span data-amount=""2"">2</span> garlic cloves, minced</li>","garlic cloves, minced",garlic cloves,2.0,,ok,
healthysimpleyum,https://healthysimpleyum.com/poblano-bean-soup/,Poblano Soup (salsa verde broth),40.0,True,"<li><span data-amount=""1"" data-unit=""tbsp"">1 tbsp</span> oil</li>",oil,oil,1.0,tbsp,ok,
healthysimpleyum,https://healthysimpleyum.com/poblano-bean-soup/,Poblano Soup (salsa verde broth),40.0,True,"<li><span data-amount=""2"" data-unit=""tbsp"">2 tbsp</span> nutritional yeast</li>",nutritional yeast,nutritional yeast,2.0,tbsp,ok,
healthysimpleyum,https://healthysimpleyum.com/poblano-bean-soup/,Poblano Soup (salsa verde broth),40.0,True,"<li><span class=""nutrifox-quantity"" data-amount=""1"" data-nf-food-description=""Corn, sweet, yellow, raw"" data-nf-food-id=""2932"" data-nf-metric=""145"" data-nf-metric-unit=""gram"" data-nf-original=""usc"" data-nf-usc=""1"" data-nf-usc-unit=""cup"" data-unit=""cup"">1</span> <span class=""nutrifox-unit"" data-nf-food-description=""Corn, sweet, yellow, raw"" data-nf-food-id=""2932"" data-nf-metric=""gram"" data-nf-original=""usc"" data-nf-usc=""cup"">cup</span> corn kernels, optional</li>","corn kernels, optional",corn kernels,1.0,cup,ok,
healthysimpleyum,https://healthysimpleyum.com/poblano-bean-soup/,Poblano Soup (salsa verde broth),40.0,True,"<li><span class=""nutrifox-quantity"" data-amount=""1"" data-nf-food-description=""Sauce, salsa, verde, ready-to-serve"" data-nf-food-id=""7787"" data-nf-metric=""237"" data-nf-metric-unit=""ml"" data-nf-original=""usc"" data-nf-usc=""1"" data-nf-usc-unit=""cup"" data-unit=""cup"">1</span> <span class=""nutrifox-unit"" data-nf-food-description=""Sauce, salsa, verde, ready-to-serve"" data-nf-food-id=""7787"" data-nf-metric=""ml"" data-nf-original=""usc"" data-nf-usc=""cup"">cup</span> salsa verde</li>",salsa verde,salsa verde,1.0,cup,ok,
healthysimpleyum,https://healthysimpleyum.com/poblano-bean-soup/,Poblano Soup (salsa verde broth),40.0,True,"<li><span data-amount=""1"">1</span> avocado, diced</li>","avocado, diced",avocado,1.0,,ok,
healthysimpleyum,https://healthysimpleyum.com/poblano-bean-soup/,Poblano Soup (salsa verde broth),40.0,True,<li>Cilantro</li>,Cilantro,cilantro,,,ok,
healthysimpleyum,https://healthysimpleyum.com/poblano-bean-soup/,Poblano Soup (salsa verde broth),40.0,True,<li>Tortilla chips</li>,Tortilla chips,tortilla chips,,,ok,
healthysimpleyum,https://healthysimpleyum.com/poblano-cream-sauce/,Poblano Cream Sauce (Easy with 5 Ingredients!),30.0,True,"<li><span data-amount=""2"">2</span>–<span data-amount=""3"">3</span> roasted poblano peppers</li>",roasted poblano peppers,poblano peppers,2.0,,ok,
healthysimpleyum,https://healthysimpleyum.com/poblano-cream-sauce/,Poblano Cream Sauce (Easy with 5 Ingredients!),30.0,True,"<li><span data-amount=""0.5"" data-unit=""cup"">½ cup</span> cashews, soaked</li>","cashews, soaked",cashews soaked,0.5,cup,ok,
healthysimpleyum,https://healthysimpleyum.com/poblano-cream-sauce/,Poblano Cream Sauce (Easy with 5 Ingredients!),30.0,True,"<li><span data-amount=""1"">1</span> avocado, ripe (optional)</li>","avocado, ripe (optional)",avocado ripe,1.0,,ok,
healthysimpleyum,https://healthysimpleyum.com/poblano-cream-sauce/,Poblano Cream Sauce (Easy with 5 Ingredients!),30.0,True,"<li><span data-amount=""3"">3</span> garlic cloves</li>",garlic cloves,garlic cloves,3.0,,ok,
healthysimpleyum,https://healthysimpleyum.com/poblano-cream-sauce/,Poblano Cream Sauce (Easy with 5 Ingredients!),30.0,True,"<li><span data-amount=""1"" data-unit=""cup"">1 cup</span> water or veg broth</li>",water or veg broth,water  veg broth,1.0,cup,ok,
healthysimpleyum,https://healthysimpleyum.com/poblano-cream-sauce/,Poblano Cream Sauce (Easy with 5 Ingredients!),30.0,True,"<li><span data-amount=""1"" data-unit=""tsp"">1 tsp</span> salt (or to taste)</li>",salt (or to taste),salt  to taste,1.0,tsp,ok,
healthysimpleyum,https://healthysimpleyum.com/poblano-cream-sauce/,Poblano Cream Sauce (Easy with 5 Ingredients!),30.0,True,"<li><span data-amount=""2"" data-unit=""tbsp"">2 tbsp</span> lime juice (optional)</li>",lime juice (optional),lime juice,2.0,tbsp,ok,
healthysimpleyum,https://healthysimpleyum.com/portobello-mushroom-tacos/,Portobello Mushroom Tacos,25.0,True,"<li><span data-amount=""2"">2</span> large portobello mushrooms</li>",large portobello mushrooms,portobello mushrooms,2.0,,ok,
healthysimpleyum,https://healthysimpleyum.com/portobello-mushroom-tacos/,Portobello Mushroom Tacos,25.0,True,"<li><span data-amount=""1.5"" data-unit=""tablespoon"">1 ½ tablespoons</span> tamari or soy sauce, low-sodium</li>","tamari or soy sauce, low-sodium",tamari  soy sauce lowsodium,1.5,tablespoon,ok,
healthysimpleyum,https://healthysimpleyum.com/portobello-mushroom-tacos/,Portobello Mushroom Tacos,25.0,True,"<li><span data-amount=""1"" data-unit=""teaspoon"">1 teaspoon</span> chili powder</li>",chili powder,chili powder,1.0,teaspoon,ok,
healthysimpleyum,https://healthysimpleyum.com/portobello-mushroom-tacos/,Portobello Mushroom Tacos,25.0,True,"<li><span data-amount=""0.5"" data-unit=""teaspoon"">½ teaspoon</span> of cumin</li>",of cumin,cumin,0.5,teaspoon,ok,
healthysimpleyum,https://healthysimpleyum.com/portobello-mushroom-tacos/,Portobello Mushroom Tacos,25.0,True,"<li><span data-amount=""2"" data-unit=""tablespoon"">2 tablespoons</span> orange juice</li>",orange juice,orange juice,2.0,tablespoon,ok,
healthysimpleyum,https://healthysimpleyum.com/portobello-mushroom-tacos/,Portobello Mushroom Tacos,25.0,True,"<li><span data-amount=""2"">2</span> garlic cloves, minced</li>","garlic cloves, minced",garlic cloves,2.0,,ok,
healthysimpleyum,https://healthysimpleyum.com/portobello-mushroom-tacos/,Portobello Mushroom Tacos,25.0,True,"<li><span data-amount=""1"" data-unit=""tablespoon"">1 tablespoon</span> of olive oil</li>",of olive oil,olive oil,1.0,tablespoon,ok,
healthysimpleyum,https://healthysimpleyum.com/portobello-mushroom-tacos/,Portobello Mushroom Tacos,25.0,True,<li>Salt and pepper to taste</li>,Salt and pepper to taste,salt  pepper to taste,,,ok,
healthysimpleyum,https://healthysimpleyum.com/post-mac-n-cheeze/,Vegan Macaroni and Cheese - Healthy Simple Yum,60.0,True,"<li class=""_2QuBr Zn7O0 _2zLWO public-DraftStyleDefault-list-ltr public-DraftStyleDefault-unorderedListItem public-DraftStyleDefault-reset public-DraftStyleDefault-depth0 public-DraftStyleDefault-listLTR"" data-block=""true"" data-editor=""editor"" data-offset-key=""6oedt-0-0"">
<div class=""public-DraftStyleDefault-block public-DraftStyleDefault-ltr"" data-offset-key=""6oedt-0-0""><span data-offset-key=""6oedt-0-0"">12 oz dried pasta (almost 3 cups)</span></div>
</li>",,,,,ok,
healthysimpleyum,https://healthysimpleyum.com/post-mac-n-cheeze/,Vegan Macaroni and Cheese - Healthy Simple Yum,60.0,True,"<li class=""_2QuBr Zn7O0 _2zLWO public-DraftStyleDefault-list-ltr public-DraftStyleDefault-unorderedListItem public-DraftStyleDefault-depth0 public-DraftStyleDefault-listLTR"" data-block=""true"" data-editor=""editor"" data-offset-key=""5rj26-0-0"">
<div class=""public-DraftStyleDefault-block public-DraftStyleDefault-ltr"" data-offset-key=""5rj26-0-0""><span data-offset-key=""5rj26-0-0"">½ cup potato, peeled and diced</span></div>
</li>",,,,,ok,
healthysimpleyum,https://healthysimpleyum.com/post-mac-n-cheeze/,Vegan Macaroni and Cheese - Healthy Simple Yum,60.0,True,"<li class=""_2QuBr Zn7O0 _2zLWO public-DraftStyleDefault-list-ltr public-DraftStyleDefault-unorderedListItem public-DraftStyleDefault-depth0 public-DraftStyleDefault-listLTR"" data-block=""true"" data-editor=""editor"" data-offset-key=""daoal-0-0"">
<div class=""public-DraftStyleDefault-block public-DraftStyleDefault-ltr"" data-offset-key=""daoal-0-0""><span data-offset-key=""daoal-0-0"">½ cup carrots, diced</span></div>
</li>",,,,,ok,
healthysimpleyum,https://healthysimpleyum.com/post-mac-n-cheeze/,Vegan Macaroni and Cheese - Healthy Simple Yum,60.0,True,"<li class=""_2QuBr Zn7O0 _2zLWO public-DraftStyleDefault-list-ltr public-DraftStyleDefault-unorderedListItem public-DraftStyleDefault-depth0 public-DraftStyleDefault-listLTR"" data-block=""true"" data-editor=""editor"" data-offset-key=""ec768-0-0"">
<div class=""public-DraftStyleDefault-block public-DraftStyleDefault-ltr"" data-offset-key=""ec768-0-0""><span data-offset-key=""ec768-0-0"">¼ medium onion, diced</span></div>
</li>",,,,,ok,
healthysimpleyum,https://healthysimpleyum.com/post-mac-n-cheeze/,Vegan Macaroni and Cheese - Healthy Simple Yum,60.0,True,"<li class=""_2QuBr Zn7O0 _2zLWO public-DraftStyleDefault-list-ltr public-DraftStyleDefault-unorderedListItem public-DraftStyleDefault-depth0 public-DraftStyleDefault-listLTR"" data-block=""true"" data-editor=""editor"" data-offset-key=""48ok0-0-0"">
<div class=""public-DraftStyleDefault-block public-DraftStyleDefault-ltr"" data-offset-key=""48ok0-0-0""><span data-offset-key=""48ok0-0-0"">½ cup cashews, soaked</span></div>
</li>",,,,,ok,
healthysimpleyum,https://healthysimpleyum.com/post-mac-n-cheeze/,Vegan Macaroni and Cheese - Healthy Simple Yum,60.0,True,"<li class=""_2QuBr Zn7O0 _2zLWO public-DraftStyleDefault-list-ltr public-DraftStyleDefault-unorderedListItem public-DraftStyleDefault-depth0 public-DraftStyleDefault-listLTR"" data-block=""true"" data-editor=""editor"" data-offset-key=""7gqav-0-0"">
<div class=""public-DraftStyleDefault-block public-DraftStyleDefault-ltr"" data-offset-key=""7gqav-0-0""><span data-offset-key=""7gqav-0-0"">¼ cup nutritional yeast</span></div>
</li>",,,,,ok,
healthysimpleyum,https://healthysimpleyum.com/post-mac-n-cheeze/,Vegan Macaroni and Cheese - Healthy Simple Yum,60.0,True,"<li class=""_2QuBr Zn7O0 _2zLWO public-DraftStyleDefault-list-ltr public-DraftStyleDefault-unorderedListItem public-DraftStyleDefault-depth0 public-DraftStyleDefault-listLTR"" data-block=""true"" data-editor=""editor"" data-offset-key=""2jd65-0-0"">
<div class=""public-DraftStyleDefault-block public-DraftStyleDefault-ltr"" data-offset-key=""2jd65-0-0""><span data-offset-key=""2jd65-0-0"">2 tbsp lemon juice</span></div>
</li>",,,,,ok,
healthysimpleyum,https://healthysimpleyum.com/post-mac-n-cheeze/,Vegan Macaroni and Cheese - Healthy Simple Yum,60.0,True,"<li class=""_2QuBr Zn7O0 _2zLWO public-DraftStyleDefault-list-ltr public-DraftStyleDefault-unorderedListItem public-DraftStyleDefault-depth0 public-DraftStyleDefault-listLTR"" data-block=""true"" data-editor=""editor"" data-offset-key=""edclr-0-0"">
<div class=""public-DraftStyleDefault-block public-DraftStyleDefault-ltr"" data-offset-key=""edclr-0-0""><span data-offset-key=""edclr-0-0"">¾ cup vegetable broth</span></div>
</li>",,,,,ok,
healthysimpleyum,https://healthysimpleyum.com/post-mac-n-cheeze/,Vegan Macaroni and Cheese - Healthy Simple Yum,60.0,True,"<li class=""_2QuBr Zn7O0 _2zLWO public-DraftStyleDefault-list-ltr public-DraftStyleDefault-unorderedListItem public-DraftStyleDefault-depth0 public-DraftStyleDefault-listLTR"" data-block=""true"" data-editor=""editor"" data-offset-key=""nsei-0-0"">
<div class=""public-DraftStyleDefault-block public-DraftStyleDefault-ltr"" data-offset-key=""nsei-0-0""><span data-offset-key=""nsei-0-0"">1 tbsp garlic, minced</span></div>
</li>",,,,,ok,
healthysimpleyum,https://healthysimpleyum.com/post-mac-n-cheeze/,Vegan Macaroni and Cheese - Healthy Simple Yum,60.0,True,"<li class=""_2QuBr Zn7O0 _2zLWO public-DraftStyleDefault-list-ltr public-DraftStyleDefault-unorderedListItem public-DraftStyleDefault-depth0 public-DraftStyleDefault-listLTR"" data-block=""true"" data-editor=""editor"" data-offset-key=""fco3g-0-0"">
<div class=""public-DraftStyleDefault-block public-DraftStyleDefault-ltr"" data-offset-key=""fco3g-0-0""><span data-offset-key=""fco3g-0-0"">¼ tsp turmeric</span></div>
</li>",,,,,ok,
healthysimpleyum,https://healthysimpleyum.com/post-mac-n-cheeze/,Vegan Macaroni and Cheese - Healthy Simple Yum,60.0,True,"<li class=""_2QuBr Zn7O0 _2zLWO public-DraftStyleDefault-list-ltr public-DraftStyleDefault-unorderedListItem public-DraftStyleDefault-depth0 public-DraftStyleDefault-listLTR"" data-block=""true"" data-editor=""editor"" data-offset-key=""6hcue-0-0"">
<div class=""public-DraftStyleDefault-block public-DraftStyleDefault-ltr"" data-offset-key=""6hcue-0-0""><span data-offset-key=""6hcue-0-0"">½ tsp cayenne pepper (optional)</span></div>
</li>",,,,,ok,
healthysimpleyum,https://healthysimpleyum.com/post-mac-n-cheeze/,Vegan Macaroni and Cheese - Healthy Simple Yum,60.0,True,"<li class=""_2QuBr Zn7O0 _2zLWO public-DraftStyleDefault-list-ltr public-DraftStyleDefault-unorderedListItem public-DraftStyleDefault-depth0 public-DraftStyleDefault-listLTR"" data-block=""true"" data-editor=""editor"" data-offset-key=""1cqnc-0-0"">
<div class=""public-DraftStyleDefault-block public-DraftStyleDefault-ltr"" data-offset-key=""1cqnc-0-0""><span data-offset-key=""1cqnc-0-0"">1 handful of vegan cheddar cheese* </span></div>
</li>",,,,,ok,
healthysimpleyum,https://healthysimpleyum.com/post-mac-n-cheeze/,Vegan Macaroni and Cheese - Healthy Simple Yum,60.0,True,"<li class=""_2QuBr Zn7O0 _2zLWO public-DraftStyleDefault-list-ltr public-DraftStyleDefault-unorderedListItem public-DraftStyleDefault-depth0 public-DraftStyleDefault-listLTR"" data-block=""true"" data-editor=""editor"" data-offset-key=""15n7h-0-0"">
<div class=""public-DraftStyleDefault-block public-DraftStyleDefault-ltr"" data-offset-key=""15n7h-0-0""><span data-offset-key=""15n7h-0-0"">1 tsp salt (or to taste) </span></div>
</li>",,,,,ok,
healthysimpleyum,https://healthysimpleyum.com/potato-flautas/,,,,,,,,,error,"1 validation error for IngredientData
quantity
  Input should be a valid number, unable to parse string as a number [type=float_parsing, input_value='⅔', input_type=str]
    For further information visit https://errors.pydantic.dev/2.13/v/float_parsing"
healthysimpleyum,https://healthysimpleyum.com/potato-tostadas/,Mexican Potato Tostadas,45.0,True,"<li class=""public-DraftStyleDefault-block public-DraftStyleDefault-ltr"" data-offset-key=""98o8f-0-0""><span data-offset-key=""98o8f-0-0"" style=""color: #262626""><span data-amount=""3"">3</span> potatoes of choice</span></li>",potatoes of choice,potatoes  choice,3.0,,ok,
healthysimpleyum,https://healthysimpleyum.com/potato-tostadas/,Mexican Potato Tostadas,45.0,True,"<li class=""public-DraftStyleDefault-block public-DraftStyleDefault-ltr"" data-offset-key=""98o8f-0-0""><span data-amount=""10"">10</span>–<span data-amount=""12"">12</span> tostadas</li>",tostadas,tostadas,10.0,,ok,
healthysimpleyum,https://healthysimpleyum.com/potato-tostadas/,Mexican Potato Tostadas,45.0,True,"<li class=""public-DraftStyleDefault-block public-DraftStyleDefault-ltr"" data-offset-key=""98o8f-0-0""><span data-amount=""0.5"">½</span> onion, diced</li>","onion, diced",onion,0.5,,ok,
healthysimpleyum,https://healthysimpleyum.com/potato-tostadas/,Mexican Potato Tostadas,45.0,True,"<li class=""public-DraftStyleDefault-block public-DraftStyleDefault-ltr"" data-offset-key=""98o8f-0-0""><span data-amount=""2"">2</span> jalapeños, diced</li>","jalapeños, diced",jalapeños,2.0,,ok,
healthysimpleyum,https://healthysimpleyum.com/potato-tostadas/,Mexican Potato Tostadas,45.0,True,"<li class=""public-DraftStyleDefault-block public-DraftStyleDefault-ltr"" data-offset-key=""98o8f-0-0""><span class=""nutrifox-quantity"" data-amount=""0.5"" data-nf-food-description=""SWANSON BROTH, Certified Organic Vegetable Broth"" data-nf-food-id=""1539"" data-nf-metric=""118.5"" data-nf-metric-unit=""ml"" data-nf-original=""usc"" data-nf-usc=""0.5"" data-nf-usc-unit=""cup"" data-unit=""cup"">½</span> <span class=""nutrifox-unit"" data-nf-food-description=""SWANSON BROTH, Certified Organic Vegetable Broth"" data-nf-food-id=""1539"" data-nf-metric=""ml"" data-nf-original=""usc"" data-nf-usc=""cup"">cup</span> vegetable broth</li>",vegetable broth,vegetable broth,0.5,cup,ok,
healthysimpleyum,https://healthysimpleyum.com/potato-tostadas/,Mexican Potato Tostadas,45.0,True,"<li class=""public-DraftStyleDefault-block public-DraftStyleDefault-ltr"" data-offset-key=""98o8f-0-0""><span data-amount=""2"">2</span> tomatoes, diced</li>","tomatoes, diced",tomatoes,2.0,,ok,
healthysimpleyum,https://healthysimpleyum.com/potato-tostadas/,Mexican Potato Tostadas,45.0,True,"<li class=""public-DraftStyleDefault-block public-DraftStyleDefault-ltr"" data-offset-key=""98o8f-0-0""><span data-amount=""1"">1</span> can of black beans</li>",can of black beans,can  black beans,1.0,,ok,
healthysimpleyum,https://healthysimpleyum.com/potato-tostadas/,Mexican Potato Tostadas,45.0,True,"<li class=""public-DraftStyleDefault-block public-DraftStyleDefault-ltr"" data-offset-key=""98o8f-0-0""><span data-amount=""1"">1</span> can corn</li>",can corn,can corn,1.0,,ok,
healthysimpleyum,https://healthysimpleyum.com/potato-tostadas/,Mexican Potato Tostadas,45.0,True,"<li class=""public-DraftStyleDefault-block public-DraftStyleDefault-ltr"" data-offset-key=""98o8f-0-0""><span data-amount=""0.5"" data-unit=""tsp"">½ tsp</span> cumin powder</li>",cumin powder,cumin powder,0.5,tsp,ok,
healthysimpleyum,https://healthysimpleyum.com/potato-tostadas/,Mexican Potato Tostadas,45.0,True,"<li class=""public-DraftStyleDefault-block public-DraftStyleDefault-ltr"" data-offset-key=""98o8f-0-0""><span data-amount=""1"" data-unit=""tbsp"">1 tbsp</span> chili powder (optional)</li>",chili powder (optional),chili powder,1.0,tbsp,ok,
healthysimpleyum,https://healthysimpleyum.com/potato-tostadas/,Mexican Potato Tostadas,45.0,True,"<li class=""public-DraftStyleDefault-block public-DraftStyleDefault-ltr"" data-offset-key=""98o8f-0-0"">Salt and pepper to taste</li>",Salt and pepper to taste,salt  pepper to taste,,,ok,
healthysimpleyum,https://healthysimpleyum.com/potato-tostadas/,Mexican Potato Tostadas,45.0,True,<li>Cilantro</li>,Cilantro,cilantro,,,ok,
healthysimpleyum,https://healthysimpleyum.com/potato-tostadas/,Mexican Potato Tostadas,45.0,True,<li>Avocado</li>,Avocado,avocado,,,ok,
healthysimpleyum,https://healthysimpleyum.com/potato-tostadas/,Mexican Potato Tostadas,45.0,True,<li>Salsa</li>,Salsa,salsa,,,ok,
healthysimpleyum,https://healthysimpleyum.com/potato-tostadas/,Mexican Potato Tostadas,45.0,True,<li>Diced tomato</li>,Diced tomato,tomato,,,ok,
healthysimpleyum,https://healthysimpleyum.com/pozole-verde/,"Pozole Verde (Easy, Authentic and Plant-based!)",45.0,True,"<li data-block=""true"" data-editor=""editor"" data-offset-key=""cjpbe-0-0"">
<div data-offset-key=""cjpbe-0-0"">6-8 green tomatillos</div>
</li>",6-8 green tomatillos,green tomatillos,,,ok,
healthysimpleyum,https://healthysimpleyum.com/pozole-verde/,"Pozole Verde (Easy, Authentic and Plant-based!)",45.0,True,"<li data-block=""true"" data-editor=""editor"" data-offset-key=""73r3s-0-0"">
<div data-offset-key=""73r3s-0-0"">1 cup of spinach</div>
</li>",1 cup of spinach,cup  spinach,,,ok,
healthysimpleyum,https://healthysimpleyum.com/pozole-verde/,"Pozole Verde (Easy, Authentic and Plant-based!)",45.0,True,"<li data-block=""true"" data-editor=""editor"" data-offset-key=""fedd9-0-0"">
<div data-offset-key=""fedd9-0-0"">2 handfuls of cilantro</div>
</li>",2 handfuls of cilantro,handfuls  cilantro,,,ok,
healthysimpleyum,https://healthysimpleyum.com/pozole-verde/,"Pozole Verde (Easy, Authentic and Plant-based!)",45.0,True,"<li data-block=""true"" data-editor=""editor"" data-offset-key=""81nag-0-0"">
<div data-offset-key=""81nag-0-0"">1 medium onion</div>
</li>",1 medium onion,onion,,,ok,
healthysimpleyum,https://healthysimpleyum.com/pozole-verde/,"Pozole Verde (Easy, Authentic and Plant-based!)",45.0,True,"<li data-block=""true"" data-editor=""editor"" data-offset-key=""bgcif-0-0"">
<div data-offset-key=""bgcif-0-0"">2-3 jalapeno or serrano peppers</div>
</li>",2-3 jalapeno or serrano peppers,jalapeno  serrano peppers,,,ok,
healthysimpleyum,https://healthysimpleyum.com/pozole-verde/,"Pozole Verde (Easy, Authentic and Plant-based!)",45.0,True,"<li data-block=""true"" data-editor=""editor"" data-offset-key=""bgcif-0-0""><span data-amount=""1"">1</span> medium pasilla pepper</li>",medium pasilla pepper,pasilla pepper,1.0,,ok,
healthysimpleyum,https://healthysimpleyum.com/pozole-verde/,"Pozole Verde (Easy, Authentic and Plant-based!)",45.0,True,"<li data-block=""true"" data-editor=""editor"" data-offset-key=""8ehhv-0-0"">
<div data-offset-key=""8ehhv-0-0"">10 cups vegetable broth or 10 cups water with vegan bouillon- low sodium</div>
</li>",10 cups vegetable broth or 10 cups water with vegan bouillon- low sodium,cups vegetable broth   cups water with vegan bouillon low sodium,,,ok,
healthysimpleyum,https://healthysimpleyum.com/pozole-verde/,"Pozole Verde (Easy, Authentic and Plant-based!)",45.0,True,"<li data-block=""true"" data-editor=""editor"" data-offset-key=""2g3ri-0-0"">
<div data-offset-key=""2g3ri-0-0"">¼ cup pepitas (pumpkin seeds)</div>
</li>",¼ cup pepitas (pumpkin seeds),¼ cup pepitas pumpkin seeds,,,ok,
healthysimpleyum,https://healthysimpleyum.com/pozole-verde/,"Pozole Verde (Easy, Authentic and Plant-based!)",45.0,True,"<li data-block=""true"" data-editor=""editor"" data-offset-key=""2t1hv-0-0"">
<div data-offset-key=""2t1hv-0-0"">4 cloves of garlic</div>
</li>",4 cloves of garlic,cloves  garlic,,,ok,
healthysimpleyum,https://healthysimpleyum.com/pozole-verde/,"Pozole Verde (Easy, Authentic and Plant-based!)",45.0,True,"<li data-block=""true"" data-editor=""editor"" data-offset-key=""17fnn-0-0"">
<div data-offset-key=""17fnn-0-0"">1 large can of Hominy (32 oz)</div>
</li>",1 large can of Hominy (32 oz),can  hominy  oz,,,ok,
healthysimpleyum,https://healthysimpleyum.com/pozole-verde/,"Pozole Verde (Easy, Authentic and Plant-based!)",45.0,True,"<li data-block=""true"" data-editor=""editor"" data-offset-key=""8mh1u-0-0"">
<div data-offset-key=""8mh1u-0-0"">1 tsp cumin</div>
</li>",1 tsp cumin,tsp cumin,,,ok,
healthysimpleyum,https://healthysimpleyum.com/pozole-verde/,"Pozole Verde (Easy, Authentic and Plant-based!)",45.0,True,"<li data-block=""true"" data-editor=""editor"" data-offset-key=""8mh1u-0-0""><span class=""nutrifox-quantity"" data-amount=""2"" data-nf-food-description=""Mushrooms, portabella, raw"" data-nf-food-id=""3013"" data-nf-metric=""172"" data-nf-metric-unit=""gram"" data-nf-original=""usc"" data-nf-usc=""2"" data-nf-usc-unit=""cup"" data-unit=""cup"">2</span> <span class=""nutrifox-unit"" data-nf-food-description=""Mushrooms, portabella, raw"" data-nf-food-id=""3013"" data-nf-metric=""gram"" data-nf-original=""usc"" data-nf-usc=""cup"">cups</span> mushrooms of choice (optional)</li>",mushrooms of choice (optional),mushrooms  choice,2.0,cups,ok,
healthysimpleyum,https://healthysimpleyum.com/pozole-verde/,"Pozole Verde (Easy, Authentic and Plant-based!)",45.0,True,"<li data-block=""true"" data-editor=""editor"" data-offset-key=""d34i1-0-0"">
<div data-offset-key=""d34i1-0-0"">Salt and pepper to taste</div>
</li>",Salt and pepper to taste,salt  pepper to taste,,,ok,
healthysimpleyum,https://healthysimpleyum.com/pozole-verde/,"Pozole Verde (Easy, Authentic and Plant-based!)",45.0,True,"<li data-block=""true"" data-editor=""editor"" data-offset-key=""bv3u0-0-0"">
<div data-offset-key=""bv3u0-0-0"">2 cans of jackfruit from Trader Joe’s (20 oz cans)</div>
</li>",2 cans of jackfruit from Trader Joe’s (20 oz cans),cans  jackfruit from trader joe’s  oz cans,,,ok,
healthysimpleyum,https://healthysimpleyum.com/pozole-verde/,"Pozole Verde (Easy, Authentic and Plant-based!)",45.0,True,"<li data-block=""true"" data-editor=""editor"" data-offset-key=""bv3u0-0-0""><span data-amount=""1"" data-unit=""tsp"">1 tsp</span> garlic powder</li>",garlic powder,garlic powder,1.0,tsp,ok,
healthysimpleyum,https://healthysimpleyum.com/pozole-verde/,"Pozole Verde (Easy, Authentic and Plant-based!)",45.0,True,"<li data-block=""true"" data-editor=""editor"" data-offset-key=""59ljt-0-0"">
<div data-offset-key=""59ljt-0-0"">1 ½ tbsp soy sauce</div>
</li>",1 ½ tbsp soy sauce,½ tbsp soy sauce,,,ok,
healthysimpleyum,https://healthysimpleyum.com/pozole-verde/,"Pozole Verde (Easy, Authentic and Plant-based!)",45.0,True,"<li data-block=""true"" data-editor=""editor"" data-offset-key=""9fsoa-0-0"">
<div data-offset-key=""9fsoa-0-0"">Shredded cabbage</div>
</li>",Shredded cabbage,shredded cabbage,,,ok,
healthysimpleyum,https://healthysimpleyum.com/pozole-verde/,"Pozole Verde (Easy, Authentic and Plant-based!)",45.0,True,"<li data-block=""true"" data-editor=""editor"" data-offset-key=""a14qt-0-0"">
<div data-offset-key=""a14qt-0-0"">Sliced radishes</div>
</li>",Sliced radishes,sliced radishes,,,ok,
healthysimpleyum,https://healthysimpleyum.com/pozole-verde/,"Pozole Verde (Easy, Authentic and Plant-based!)",45.0,True,"<li data-block=""true"" data-editor=""editor"" data-offset-key=""16pq8-0-0"">
<div data-offset-key=""16pq8-0-0"">Chopped onion</div>
</li>",Chopped onion,onion,,,ok,
healthysimpleyum,https://healthysimpleyum.com/pozole-verde/,"Pozole Verde (Easy, Authentic and Plant-based!)",45.0,True,"<li data-block=""true"" data-editor=""editor"" data-offset-key=""1rsi1-0-0"">
<div data-offset-key=""1rsi1-0-0"">Dried oregano</div>
</li>",Dried oregano,oregano,,,ok,
healthysimpleyum,https://healthysimpleyum.com/pozole-verde/,"Pozole Verde (Easy, Authentic and Plant-based!)",45.0,True,"<li data-block=""true"" data-editor=""editor"" data-offset-key=""5msoo-0-0"">
<div data-offset-key=""5msoo-0-0"">Pepitas</div>
</li>",Pepitas,pepitas,,,ok,
